Timestamp,User Count,Type,Name,Requests/s,Failures/s,50%,66%,75%,80%,90%,95%,98%,99%,99.9%,99.99%,100%,Total Request Count,Total Failure Count,Total Median Response Time,Total Average Response Time,Total Min Response Time,Total Max Response Time,Total Average Content Size
1769373493,0,,Aggregated,0.000000,0.000000,N/A,N/A,N/A,N/A,N/A,N/A,N/A,N/A,N/A,N/A,N/A,0,0,0,0.0,0,0,0
1769373494,1,,Aggregated,0.000000,0.000000,N/A,N/A,N/A,N/A,N/A,N/A,N/A,N/A,N/A,N/A,N/A,0,0,0,0.0,0,0,0
1769373495,2,,Aggregated,0.000000,0.000000,N/A,N/A,N/A,N/A,N/A,N/A,N/A,N/A,N/A,N/A,N/A,0,0,0,0.0,0,0,0
1769373496,4,,Aggregated,0.000000,0.000000,94,96,100,100,2100,2100,2100,2100,2100,2100,2100,9,1,94,286.74584444767487,0.5227000219747424,2058.6747999768704,1270.4444444444443
1769373497,5,,Aggregated,0.000000,0.000000,92,95,99,100,2000,2100,2100,2100,2100,2100,2100,19,2,92,271.75438420626483,0.5227000219747424,2058.6747999768704,1330.421052631579
1769373498,5,,Aggregated,0.000000,0.000000,86,94,96,100,2000,2000,2100,2100,2100,2100,2100,29,3,86,266.48703102696817,0.5227000219747424,2058.6747999768704,1373.6896551724137
1769373499,5,,Aggregated,3.000000,0.333333,86,94,96,100,2000,2100,2100,2100,2100,2100,2100,38,4,81,270.5301999935488,0.5227000219747424,2058.6747999768704,1349.1842105263158
1769373500,5,,Aggregated,4.750000,0.500000,80,92,95,100,2000,2000,2100,2100,2100,2100,2100,49,5,80,262.7800755031711,0.5227000219747424,2058.6747999768704,1384.9591836734694
1769373501,5,,Aggregated,5.800000,0.600000,64,92,95,99,110,2000,2100,2100,2100,2100,2100,51,5,64,253.882582347347,0.5227000219747424,2058.6747999768704,1430.1176470588234
1769373502,5,,Aggregated,7.000000,0.714286,62,89,95,99,110,2000,2100,2100,2100,2100,2100,53,5,62,245.83224527854122,0.5227000219747424,2058.6747999768704,1516.2264150943397
1769373503,5,,Aggregated,7.000000,0.714286,62,89,95,99,110,2000,2100,2100,2100,2100,2100,54,5,58,241.9063240694986,0.5227000219747424,2058.6747999768704,1539.111111111111
1769373504,5,,Aggregated,6.375000,0.625000,58,88,95,96,110,2000,2100,2100,2100,2100,2100,56,5,57,234.7701678518206,0.5227000219747424,2058.6747999768704,1576.517857142857
1769373505,5,,Aggregated,5.400000,0.500000,57,88,94,96,110,2000,2100,2100,2100,2100,2100,58,5,50,227.79929309738156,0.5227000219747424,2058.6747999768704,1575.6724137931035
1769373506,5,,Aggregated,5.600000,0.500000,57,88,93,95,100,2000,2100,2100,2100,2100,2100,62,5,50,217.0266645130581,0.5227000219747424,2058.6747999768704,1616.3064516129032
1769373507,5,,Aggregated,5.600000,0.500000,58,89,94,95,100,2000,2100,2100,2100,2100,2100,64,5,57,213.15233593486482,0.5227000219747424,2058.6747999768704,1655.296875
1769373508,5,,Aggregated,5.100000,0.400000,57,89,93,95,100,2000,2100,2100,2100,2100,2100,66,5,50,207.7043636342172,0.5227000219747424,2058.6747999768704,1651.3484848484848
1769373509,5,,Aggregated,4.500000,0.300000,57,89,93,95,100,2000,2100,2100,2100,2100,2100,70,5,50,199.58356714175483,0.5227000219747424,2058.6747999768704,1682.6285714285714
1769373510,5,,Aggregated,4.500000,0.300000,62,89,93,95,100,2000,2100,2100,2100,2100,2100,75,5,62,218.45236666655788,0.5227000219747424,2079.2277000145987,1771.9333333333334
1769373511,5,,Aggregated,3.000000,0.100000,58,89,93,95,100,2000,2100,2100,2100,2100,2100,77,5,58,213.69809870209014,0.5227000219747424,2079.2277000145987,1792.6103896103896
1769373512,5,,Aggregated,2.600000,0.000000,57,89,93,95,100,2000,2100,2100,2100,2100,2100,79,5,57,209.23537595044303,0.5227000219747424,2079.2277000145987,1811.392405063291
1769373513,5,,Aggregated,2.400000,0.000000,57,88,93,95,100,2000,2100,2100,2100,2100,2100,80,5,50,207.14384625171078,0.5227000219747424,2079.2277000145987,1878.6625
1769373514,5,,Aggregated,2.500000,0.000000,50,88,93,95,100,2000,2100,2100,2100,2100,2100,82,5,46,203.02301341747275,0.5227000219747424,2079.2277000145987,1896.5
1769373515,5,,Aggregated,2.500000,0.000000,46,87,93,95,100,2000,2100,2100,2100,2100,2100,84,5,45,199.1045142875962,0.5227000219747424,2079.2277000145987,1912.7619047619048
1769373516,5,,Aggregated,2.500000,0.000000,46,87,93,95,100,2000,2100,2100,2100,2100,2100,84,5,45,199.1045142875962,0.5227000219747424,2079.2277000145987,1912.7619047619048
1769373517,5,,Aggregated,2.600000,0.000000,45,86,92,94,100,2000,2100,2100,2100,2100,2100,87,5,45,193.87370115012232,0.5227000219747424,2079.2277000145987,1899.4827586206898
1769373518,5,,Aggregated,2.400000,0.000000,45,82,92,93,100,2000,2100,2100,2100,2100,2100,91,5,45,187.8182241785248,0.5227000219747424,2079.2277000145987,1912.9450549450548
1769373519,5,,Aggregated,2.400000,0.000000,46,82,92,94,100,2000,2100,2100,2100,2100,2100,92,5,45,186.8166271761647,0.5227000219747424,2079.2277000145987,1938.304347826087
1769373520,5,,Aggregated,2.400000,0.000000,45,82,92,94,100,2000,2100,2100,2100,2100,2100,95,5,45,182.5480547390486,0.5227000219747424,2079.2277000145987,1924.7578947368422
1769373521,5,,Aggregated,2.400000,0.000000,46,83,92,94,100,2000,2100,2100,2100,2100,2100,100,5,45,176.7477700021118,0.5227000219747424,2079.2277000145987,1931.29
1769373522,5,,Aggregated,2.400000,0.000000,50,85,92,94,100,2000,2100,2100,2100,2100,2100,103,5,50,193.3163922343367,0.5227000219747424,2079.2277000145987,2015.6504854368932
1769373523,5,,Aggregated,2.100000,0.000000,46,85,91,94,100,2000,2100,2100,2100,2100,2100,105,5,46,190.33459714347762,0.5227000219747424,2079.2277000145987,2026.1238095238095
1769373524,5,,Aggregated,2.600000,0.000000,45,83,91,93,100,2000,2100,2100,2100,2100,2100,107,5,45,187.4951186924999,0.5227000219747424,2079.2277000145987,2035.6168224299065
1769373525,5,,Aggregated,2.400000,0.000000,45,83,91,93,100,2000,2100,2100,2100,2100,2100,108,5,44,186.10289907492526,0.5227000219747424,2079.2277000145987,2096.0555555555557
1769373526,5,,Aggregated,2.500000,0.000000,45,82,90,93,100,2000,2100,2100,2100,2100,2100,110,5,44,183.44556909181517,0.5227000219747424,2079.2277000145987,2105.3545454545456
1769373527,5,,Aggregated,2.500000,0.000000,44,82,90,93,100,2000,2100,2100,2100,2100,2100,112,5,42,180.8583830373079,0.5227000219747424,2079.2277000145987,2113.8214285714284
1769373528,5,,Aggregated,2.500000,0.000000,44,82,90,93,100,2000,2100,2100,2100,2100,2100,112,5,42,180.8583830373079,0.5227000219747424,2079.2277000145987,2113.8214285714284
1769373529,5,,Aggregated,2.600000,0.000000,44,82,91,93,100,2000,2100,2100,2100,2100,2100,116,5,42,176.93235172693426,0.5227000219747424,2079.2277000145987,2117.051724137931
1769373530,5,,Aggregated,2.400000,0.000000,44,83,91,94,100,2000,2100,2100,2100,2100,2100,120,5,42,173.14106416985547,0.5227000219747424,2079.2277000145987,2120.0
1769373531,5,,Aggregated,2.400000,0.000000,44,83,91,94,100,2000,2100,2100,2100,2100,2100,120,5,42,173.14106416985547,0.5227000219747424,2079.2277000145987,2120.0
1769373532,5,,Aggregated,2.400000,0.000000,44,83,91,94,100,2000,2100,2100,2100,2100,2100,124,5,42,169.69759919541707,0.5227000219747424,2079.2277000145987,2122.3629032258063
1769373533,5,,Aggregated,2.400000,0.000000,45,83,90,93,100,2000,2100,2100,2100,2100,2100,131,5,45,179.55585343688585,0.5227000219747424,2088.1324000656605,2175.4885496183206
1769373534,5,,Aggregated,2.400000,0.000000,45,83,90,93,100,2000,2100,2100,2100,2100,2100,131,5,45,179.55585343688585,0.5227000219747424,2088.1324000656605,2175.4885496183206
1769373535,5,,Aggregated,2.100000,0.000000,44,82,90,93,100,2000,2100,2100,2100,2100,2100,133,5,44,177.40352782140718,0.5227000219747424,2088.1324000656605,2181.406015037594
1769373536,5,,Aggregated,2.600000,0.000000,43,82,90,93,100,2000,2100,2100,2100,2100,2100,135,5,43,175.34307629835826,0.5227000219747424,2088.1324000656605,2186.6296296296296
1769373537,5,,Aggregated,2.400000,0.000000,43,82,90,93,100,2000,2100,2100,2100,2100,2100,136,5,43,174.33675514921026,0.5227000219747424,2088.1324000656605,2240.801470588235
1769373538,5,,Aggregated,2.500000,0.000000,43,82,89,93,100,2000,2100,2100,2100,2100,2100,138,5,42,172.35518550918695,0.5227000219747424,2088.1324000656605,2246.1666666666665
1769373539,5,,Aggregated,2.500000,0.000000,42,82,89,93,100,2000,2100,2100,2100,2100,2100,140,5,42,170.42242643074133,0.5227000219747424,2088.1324000656605,2250.964285714286
1769373540,5,,Aggregated,2.500000,0.000000,42,82,89,93,100,2000,2100,2100,2100,2100,2100,140,5,42,170.42242643074133,0.5227000219747424,2088.1324000656605,2250.964285714286
1769373541,5,,Aggregated,2.600000,0.000000,42,82,89,93,100,2000,2100,2100,2100,2100,2100,144,5,42,167.4457673628543,0.5227000219747424,2088.1324000656605,2249.7708333333335
1769373542,5,,Aggregated,2.400000,0.000000,42,82,90,93,100,2000,2100,2100,2100,2100,2100,148,5,42,164.63185337960493,0.5227000219747424,2088.1324000656605,2248.574324324324
1769373543,5,,Aggregated,2.400000,0.000000,42,82,90,93,100,2000,2100,2100,2100,2100,2100,148,5,42,164.63185337960493,0.5227000219747424,2088.1324000656605,2248.574324324324
1769373544,5,,Aggregated,2.400000,0.000000,42,82,90,93,100,2000,2100,2100,2100,2100,2100,152,5,42,161.99546710643182,0.5227000219747424,2088.1324000656605,2247.1513157894738
1769373545,5,,Aggregated,2.400000,0.000000,43,82,90,93,100,2000,2100,2100,2100,2100,2100,159,5,43,170.47967484408298,0.5227000219747424,2088.1324000656605,2291.0062893081763
1769373546,5,,Aggregated,2.400000,0.000000,43,82,90,93,100,2000,2100,2100,2100,2100,2100,159,5,43,170.47967484408298,0.5227000219747424,2088.1324000656605,2291.0062893081763
1769373547,5,,Aggregated,2.100000,0.000000,42,82,90,93,100,2000,2100,2100,2100,2100,2100,161,5,42,168.8102161503102,0.5227000219747424,2088.1324000656605,2294.416149068323
1769373548,5,,Aggregated,2.600000,0.000000,42,82,90,93,100,2000,2100,2100,2100,2100,2100,163,5,42,167.2153711666073,0.5227000219747424,2088.1324000656605,2297.3865030674847
1769373549,5,,Aggregated,2.400000,0.000000,42,82,90,93,100,2000,2100,2100,2100,2100,2100,164,5,42,166.43616890324643,0.5227000219747424,2088.1324000656605,2348.0914634146343
1769373550,5,,Aggregated,2.500000,0.000000,42,82,89,93,100,2000,2100,2100,2100,2100,2100,166,5,42,164.87558253168365,0.5227000219747424,2088.1324000656605,2351.246987951807
1769373551,5,,Aggregated,2.500000,0.000000,42,81,89,93,100,2000,2100,2100,2100,2100,2100,168,5,42,163.33777202539966,0.5227000219747424,2088.1324000656605,2354.0
1769373552,5,,Aggregated,2.500000,0.000000,42,81,89,93,100,2000,2100,2100,2100,2100,2100,168,5,42,163.33777202539966,0.5227000219747424,2088.1324000656605,2354.0
1769373553,5,,Aggregated,2.600000,0.000000,42,81,89,92,100,2000,2100,2100,2100,2100,2100,172,5,42,160.85412209382454,0.5227000219747424,2088.1324000656605,2350.593023255814
1769373554,5,,Aggregated,2.400000,0.000000,42,81,89,92,100,2000,2100,2100,2100,2100,2100,176,5,42,158.49421193376077,0.5227000219747424,2088.1324000656605,2347.3011363636365
1769373555,5,,Aggregated,2.400000,0.000000,42,81,89,92,100,2000,2100,2100,2100,2100,2100,176,5,42,158.49421193376077,0.5227000219747424,2088.1324000656605,2347.3011363636365
1769373556,5,,Aggregated,2.400000,0.000000,42,81,89,92,100,2000,2100,2100,2100,2100,2100,180,5,42,156.4494827788116,0.5227000219747424,2088.1324000656605,2343.8777777777777
1769373557,5,,Aggregated,2.400000,0.000000,42,81,88,92,100,2000,2100,2100,2100,2100,2100,187,5,42,163.80854064342194,0.5227000219747424,2088.1324000656605,2383.176470588235
1769373558,5,,Aggregated,2.400000,0.000000,42,81,88,92,100,2000,2100,2100,2100,2100,2100,187,5,42,163.80854064342194,0.5227000219747424,2088.1324000656605,2383.176470588235
1769373559,5,,Aggregated,2.100000,0.000000,42,81,88,92,100,2000,2100,2100,2100,2100,2100,189,5,42,162.47798994962108,0.5227000219747424,2088.1324000656605,2385.1428571428573
1769373560,5,,Aggregated,2.600000,0.000000,42,81,88,91,100,2000,2100,2100,2100,2100,2100,191,5,42,161.17379057808677,0.5227000219747424,2088.1324000656605,2386.7068062827225
1769373561,5,,Aggregated,2.400000,0.000000,42,81,88,91,100,2000,2100,2100,2100,2100,2100,192,5,42,160.5135875021612,0.5227000219747424,2088.1324000656605,2435.7239583333335
1769373562,5,,Aggregated,2.500000,0.000000,42,81,87,91,100,2000,2100,2100,2100,2100,2100,194,5,42,159.25076392001577,0.5227000219747424,2088.1324000656605,2437.5103092783506
1769373563,5,,Aggregated,2.500000,0.000000,42,81,87,91,100,2000,2100,2100,2100,2100,2100,196,5,42,158.0165734714163,0.5227000219747424,2088.1324000656605,2438.9591836734694
1769373564,5,,Aggregated,2.500000,0.000000,42,81,87,91,100,2000,2100,2100,2100,2100,2100,196,5,42,158.0165734714163,0.5227000219747424,2088.1324000656605,2438.9591836734694
1769373565,5,,Aggregated,2.600000,0.000000,42,81,88,91,100,2000,2100,2100,2100,2100,2100,200,5,42,156.12535350141115,0.5227000219747424,2088.1324000656605,2434.345
1769373566,5,,Aggregated,2.400000,0.000000,42,81,88,91,100,110,2100,2100,2100,2100,2100,204,5,42,154.30074166814688,0.5227000219747424,2088.1324000656605,2429.857843137255
1769373567,5,,Aggregated,2.400000,0.000000,42,81,88,91,100,110,2100,2100,2100,2100,2100,204,5,42,154.30074166814688,0.5227000219747424,2088.1324000656605,2429.857843137255
1769373568,5,,Aggregated,2.400000,0.000000,42,81,88,91,100,110,2100,2100,2100,2100,2100,208,5,42,152.6009038475772,0.5227000219747424,2088.1324000656605,2425.3125
1769373569,5,,Aggregated,2.400000,0.000000,42,81,88,91,100,2000,2100,2100,2100,2100,2100,215,5,42,159.12192046566497,0.5227000219747424,2088.1324000656605,2463.148837209302
1769373570,5,,Aggregated,2.400000,0.000000,42,81,88,91,100,2000,2100,2100,2100,2100,2100,215,5,42,159.12192046566497,0.5227000219747424,2088.1324000656605,2463.148837209302
1769373571,5,,Aggregated,2.100000,0.000000,42,81,88,91,100,2000,2100,2100,2100,2100,2100,217,5,42,157.9888046087165,0.5227000219747424,2088.1324000656605,2464.1290322580644
1769373572,5,,Aggregated,2.600000,0.000000,42,81,88,91,100,2000,2100,2100,2100,2100,2100,219,5,42,156.89423607319983,0.5227000219747424,2088.1324000656605,2464.753424657534
1769373573,5,,Aggregated,2.400000,0.000000,42,81,88,91,100,2000,2100,2100,2100,2100,2100,220,5,42,156.37120818190107,0.5227000219747424,2088.1324000656605,2512.7727272727275
1769373574,5,,Aggregated,2.500000,0.000000,42,81,87,91,100,110,2100,2100,2100,2100,2100,222,5,42,155.30197702658674,0.5227000219747424,2088.1324000656605,2513.6576576576576
1769373575,5,,Aggregated,2.500000,0.000000,42,81,87,91,100,110,2100,2100,2100,2100,2100,224,5,42,154.24990982085416,0.5227000219747424,2088.1324000656605,2514.2678571428573
1769373576,5,,Aggregated,2.500000,0.000000,42,81,87,91,100,110,2100,2100,2100,2100,2100,224,5,42,154.24990982085416,0.5227000219747424,2088.1324000656605,2514.2678571428573
1769373577,5,,Aggregated,2.600000,0.000000,42,81,86,91,100,110,2100,2100,2100,2100,2100,228,5,42,152.52571798178874,0.5227000219747424,2088.1324000656605,2508.8947368421054
1769373578,5,,Aggregated,2.400000,0.000000,42,81,86,91,99,110,2100,2100,2100,2100,2100,232,5,42,150.92498146535442,0.5227000219747424,2088.1324000656605,2503.6637931034484
1769373579,5,,Aggregated,2.400000,0.000000,42,81,86,91,99,110,2100,2100,2100,2100,2100,232,5,42,150.92498146535442,0.5227000219747424,2088.1324000656605,2503.6637931034484
1769373580,5,,Aggregated,2.400000,0.000000,42,81,87,91,99,110,2100,2100,2100,2100,2100,236,5,42,149.40806016892242,0.5227000219747424,2088.1324000656605,2498.4025423728813
1769373581,5,,Aggregated,2.400000,0.000000,42,81,87,91,99,110,2100,2100,2100,2100,2100,243,5,42,155.37348353838618,0.5227000219747424,2097.034199978225,2533.962962962963
1769373582,5,,Aggregated,2.400000,0.000000,42,81,87,91,99,110,2100,2100,2100,2100,2100,243,5,42,155.37348353838618,0.5227000219747424,2097.034199978225,2533.962962962963
1769373583,5,,Aggregated,2.100000,0.000000,42,81,86,91,99,110,2100,2100,2100,2100,2100,245,5,42,154.3954497953991,0.5227000219747424,2097.034199978225,2534.248979591837
1769373584,5,,Aggregated,2.600000,0.000000,42,81,86,90,99,110,2100,2100,2100,2100,2100,247,5,42,153.4265080968348,0.5227000219747424,2097.034199978225,2534.267206477733
1769373585,5,,Aggregated,2.400000,0.000000,42,81,86,90,99,110,2100,2100,2100,2100,2100,248,5,42,152.9508004027922,0.5227000219747424,2097.034199978225,2576.0967741935483
1769373586,5,,Aggregated,2.500000,0.000000,42,81,86,90,99,110,2100,2100,2100,2100,2100,250,5,42,152.02213079947978,0.5227000219747424,2097.034199978225,2576.36
1769373587,5,,Aggregated,2.500000,0.000000,42,81,86,90,99,110,2100,2100,2100,2100,2100,252,5,42,151.10565158621674,0.5227000219747424,2097.034199978225,2576.40873015873
1769373588,5,,Aggregated,2.500000,0.000000,42,81,86,90,99,110,2100,2100,2100,2100,2100,252,5,42,151.10565158621674,0.5227000219747424,2097.034199978225,2576.40873015873
1769373589,5,,Aggregated,2.600000,0.000000,42,81,86,90,99,110,2100,2100,2100,2100,2100,256,5,42,149.7056839839388,0.5227000219747424,2097.034199978225,2570.65234375
1769373590,5,,Aggregated,2.400000,0.000000,42,81,86,90,99,110,2100,2100,2100,2100,2100,260,5,42,148.3213953843985,0.5227000219747424,2097.034199978225,2565.0384615384614
1769373591,5,,Aggregated,2.400000,0.000000,42,81,86,90,99,110,2100,2100,2100,2100,2100,260,5,42,148.3213953843985,0.5227000219747424,2097.034199978225,2565.0384615384614
1769373592,5,,Aggregated,2.400000,0.000000,42,81,86,90,98,110,2100,2100,2100,2100,2100,264,5,42,147.02462575708827,0.5227000219747424,2097.034199978225,2559.405303030303
1769373593,5,,Aggregated,2.400000,0.000000,42,81,86,90,98,110,2100,2100,2100,2100,2100,271,5,42,152.3748206638824,0.5227000219747424,2097.034199978225,2589.830258302583
1769373594,5,,Aggregated,2.400000,0.000000,42,81,86,90,98,110,2100,2100,2100,2100,2100,271,5,42,152.3748206638824,0.5227000219747424,2097.034199978225,2589.830258302583
1769373595,5,,Aggregated,2.100000,0.000000,42,81,86,90,98,110,2100,2100,2100,2100,2100,273,5,42,151.5196424908083,0.5227000219747424,2097.034199978225,2589.6959706959706
1769373596,5,,Aggregated,2.600000,0.000000,42,80,86,90,98,110,2100,2100,2100,2100,2100,275,5,42,150.675635272637,0.5227000219747424,2097.034199978225,2589.28
1769373597,5,,Aggregated,2.400000,0.000000,42,80,86,90,98,110,2100,2100,2100,2100,2100,276,5,42,150.2473499997944,0.5227000219747424,2097.034199978225,2626.0760869565215
1769373598,5,,Aggregated,2.500000,0.000000,42,80,86,90,98,110,2100,2100,2100,2100,2100,278,5,42,149.4156625896538,0.5227000219747424,2097.034199978225,2625.971223021583
1769373600,5,,Aggregated,2.500000,0.000000,42,80,86,90,98,110,2100,2100,2100,2100,2100,280,5,42,148.60654428526428,0.5227000219747424,2097.034199978225,2625.657142857143
1769373601,5,,Aggregated,2.500000,0.000000,42,80,86,90,98,110,2100,2100,2100,2100,2100,280,5,42,148.60654428526428,0.5227000219747424,2097.034199978225,2625.657142857143
1769373602,5,,Aggregated,2.600000,0.000000,42,80,86,90,98,110,2100,2100,2100,2100,2100,284,5,42,147.46309542236523,0.5227000219747424,2097.034199978225,2619.774647887324
1769373603,5,,Aggregated,2.400000,0.000000,42,80,86,90,99,110,2100,2100,2100,2100,2100,288,5,42,146.24159166689626,0.5227000219747424,2097.034199978225,2614.0243055555557
1769373604,5,,Aggregated,2.400000,0.000000,42,80,86,90,99,110,2100,2100,2100,2100,2100,288,5,42,146.24159166689626,0.5227000219747424,2097.034199978225,2614.0243055555557
1769373605,5,,Aggregated,2.400000,0.000000,42,80,86,90,99,110,2100,2100,2100,2100,2100,292,5,42,145.1107311646186,0.5227000219747424,2097.034199978225,2608.277397260274
1769373606,5,,Aggregated,2.400000,0.000000,42,81,87,90,99,110,2100,2100,2100,2100,2100,299,5,42,150.12925016704673,0.5227000219747424,2097.034199978225,2634.133779264214
1769373607,5,,Aggregated,2.400000,0.000000,42,81,87,90,99,110,2100,2100,2100,2100,2100,299,5,42,150.12925016704673,0.5227000219747424,2097.034199978225,2634.133779264214
1769373608,5,,Aggregated,2.100000,0.000000,42,80,86,90,99,110,2100,2100,2100,2100,2100,301,5,42,149.38065282338331,0.5227000219747424,2097.034199978225,2633.720930232558
1769373609,5,,Aggregated,2.400000,0.000000,42,80,86,90,99,110,2100,2100,2100,2100,2100,304,5,42,148.2825381570269,0.5227000219747424,2097.034199978225,2670.7302631578946
1769373610,5,,Aggregated,2.500000,0.000000,42,80,86,90,99,110,2100,2100,2100,2100,2100,305,5,42,147.9361065564158,0.5227000219747424,2097.034199978225,2670.1016393442624
1769373611,5,,Aggregated,2.500000,0.000000,42,80,86,90,99,110,2100,2100,2100,2100,2100,307,5,42,147.2289970676272,0.5227000219747424,2097.034199978225,2669.687296416938
1769373612,5,,Aggregated,2.500000,0.000000,42,80,86,90,99,110,2100,2100,2100,2100,2100,308,5,42,146.87315032397117,0.5227000219747424,2097.034199978225,2669.737012987013
1769373613,5,,Aggregated,2.600000,0.000000,42,80,86,90,99,110,2100,2100,2100,2100,2100,310,5,42,146.13914967649765,0.5227000219747424,2097.034199978225,2662.5193548387097
1769373614,5,,Aggregated,2.400000,0.000000,42,80,86,90,98,110,2100,2100,2100,2100,2100,314,5,42,145.05155764262128,0.5227000219747424,2097.034199978225,2656.6974522292994
1769373615,5,,Aggregated,2.400000,0.000000,42,80,86,90,99,110,2100,2100,2100,2100,2100,316,5,42,144.76464778410354,0.5227000219747424,2097.034199978225,2658.009493670886
1769373616,5,,Aggregated,2.400000,0.000000,42,80,86,90,99,110,2100,2100,2100,2100,2100,318,5,42,144.08252578530366,0.5227000219747424,2097.034199978225,2650.867924528302
1769373617,5,,Aggregated,2.400000,0.000000,42,80,86,90,99,110,2100,2100,2100,2100,2100,322,5,42,143.0953940986193,0.5227000219747424,2097.034199978225,2645.2360248447203
1769373618,5,,Aggregated,2.400000,0.000000,42,80,87,90,99,110,2100,2100,2100,2100,2100,327,5,42,148.25963394414487,0.5227000219747424,2097.034199978225,2679.2079510703365
1769373619,5,,Aggregated,2.100000,0.000000,42,80,86,90,99,110,2100,2100,2100,2100,2100,329,5,42,147.58577264313186,0.5227000219747424,2097.034199978225,2678.519756838906
1769373620,5,,Aggregated,2.600000,0.000000,42,80,86,90,99,110,2100,2100,2100,2100,2100,331,5,42,146.89852537628084,0.5227000219747424,2097.034199978225,2677.634441087613
1769373621,5,,Aggregated,2.400000,0.000000,42,80,86,90,99,110,2100,2100,2100,2100,2100,332,5,42,146.58136475769555,0.5227000219747424,2097.034199978225,2711.9006024096384
1769373622,5,,Aggregated,2.500000,0.000000,42,80,86,90,99,110,2100,2100,2100,2100,2100,334,5,42,145.9062826334538,0.5227000219747424,2097.034199978225,2711.2784431137725
1769373623,5,,Aggregated,2.500000,0.000000,42,80,86,90,99,110,2100,2100,2100,2100,2100,336,5,42,145.25212827235615,0.5227000219747424,2097.034199978225,2710.4940476190477
1769373624,5,,Aggregated,2.500000,0.000000,42,80,86,90,99,110,2100,2100,2100,2100,2100,336,5,42,145.25212827235615,0.5227000219747424,2097.034199978225,2710.4940476190477
1769373625,5,,Aggregated,2.600000,0.000000,42,80,86,90,99,110,2100,2100,2100,2100,2100,339,5,42,144.47255516053895,0.5227000219747424,2097.034199978225,2700.026548672566
1769373626,5,,Aggregated,2.400000,0.000000,42,80,86,90,98,110,2100,2100,2100,2100,2100,343,5,42,143.53962332239706,0.5227000219747424,2097.034199978225,2694.2594752186587
1769373627,5,,Aggregated,2.400000,0.000000,42,80,87,91,98,110,2100,2100,2100,2100,2100,344,5,42,143.3959718009181,0.5227000219747424,2097.034199978225,2698.7703488372094
1769373628,5,,Aggregated,2.400000,0.000000,42,80,86,90,98,110,2100,2100,2100,2100,2100,347,5,42,142.59411671308945,0.5227000219747424,2097.034199978225,2688.4870317002883
1769373629,5,,Aggregated,2.400000,0.000000,42,80,86,90,98,110,2100,2100,2100,2100,2100,353,5,42,141.35129291632822,0.5227000219747424,2097.034199978225,2683.9178470254956
1769373630,5,,Aggregated,2.400000,0.000000,42,81,86,91,99,110,2100,2100,2100,2100,2100,355,5,42,146.63512647729104,0.5227000219747424,2097.034199978225,2716.6281690140845
1769373631,5,,Aggregated,2.100000,0.000000,42,80,86,90,99,110,2100,2100,2100,2100,2100,357,5,42,146.02908151092515,0.5227000219747424,2097.034199978225,2715.8039215686276
1769373632,5,,Aggregated,2.600000,0.000000,42,80,86,90,99,110,2100,2100,2100,2100,2100,359,5,42,145.4383927555677,0.5227000219747424,2097.034199978225,2714.777158774373
1769373633,5,,Aggregated,2.400000,0.000000,42,80,86,90,99,110,2100,2100,2100,2100,2100,360,5,42,145.142250553666,0.5227000219747424,2097.034199978225,2745.9055555555556
1769373634,5,,Aggregated,2.500000,0.000000,42,80,86,90,98,110,2100,2100,2100,2100,2100,362,5,42,144.53549060593642,0.5227000219747424,2097.034199978225,2745.160220994475
1769373635,5,,Aggregated,2.500000,0.000000,42,80,86,90,98,110,2100,2100,2100,2100,2100,364,5,42,143.95957252562076,0.5227000219747424,2097.034199978225,2744.252747252747
1769373636,5,,Aggregated,2.500000,0.000000,42,80,86,90,98,110,2100,2100,2100,2100,2100,364,5,42,143.95957252562076,0.5227000219747424,2097.034199978225,2744.252747252747
1769373637,5,,Aggregated,2.600000,0.000000,42,80,86,90,99,110,2100,2100,2100,2100,2100,368,5,42,143.10325407416752,0.5227000219747424,2097.034199978225,2738.4239130434785
1769373638,5,,Aggregated,2.400000,0.000000,42,80,86,90,98,110,2100,2100,2100,2100,2100,372,5,42,142.227008062545,0.5227000219747424,2097.034199978225,2732.6935483870966
1769373639,5,,Aggregated,2.400000,0.000000,42,80,86,90,98,110,2100,2100,2100,2100,2100,372,5,42,142.227008062545,0.5227000219747424,2097.034199978225,2732.6935483870966
1769373640,5,,Aggregated,2.400000,0.000000,42,80,86,90,98,110,2100,2100,2100,2100,2100,376,5,42,141.37352659383126,0.5227000219747424,2097.034199978225,2726.968085106383
1769373641,5,,Aggregated,2.400000,0.000000,42,81,88,91,98,110,2100,2100,2100,2100,2100,383,5,42,145.16397884909512,0.5227000219747424,2097.034199978225,2748.065274151436
1769373642,5,,Aggregated,2.400000,0.000000,42,81,88,91,98,110,2100,2100,2100,2100,2100,383,5,42,145.16397884909512,0.5227000219747424,2097.034199978225,2748.065274151436
1769373643,5,,Aggregated,2.100000,0.000000,42,81,87,91,98,110,2100,2100,2100,2100,2100,385,5,42,144.60567324452538,0.5227000219747424,2097.034199978225,2747.1376623376623
1769373644,5,,Aggregated,2.600000,0.000000,42,80,87,91,98,110,2100,2100,2100,2100,2100,387,5,42,144.0343165349634,0.5227000219747424,2097.034199978225,2746.0232558139537
1769373645,5,,Aggregated,2.400000,0.000000,42,80,87,91,98,110,2100,2100,2100,2100,2100,388,5,42,143.7643355646137,0.5227000219747424,2097.034199978225,2772.384020618557
1769373646,5,,Aggregated,2.500000,0.000000,42,80,86,91,98,110,2100,2100,2100,2100,2100,390,5,41,143.20386538210397,0.5227000219747424,2097.034199978225,2771.5410256410255
1769373647,5,,Aggregated,2.500000,0.000000,42,80,86,90,98,110,2100,2100,2100,2100,2100,392,5,41,142.67298979334277,0.5227000219747424,2097.034199978225,2770.561224489796
1769373648,5,,Aggregated,2.500000,0.000000,42,80,86,90,98,110,2100,2100,2100,2100,2100,392,5,41,142.67298979334277,0.5227000219747424,2097.034199978225,2770.561224489796
1769373649,5,,Aggregated,2.600000,0.000000,42,80,87,90,98,110,2100,2100,2100,2100,2100,396,5,41,141.8694449474593,0.5227000219747424,2097.034199978225,2764.873737373737
1769373650,5,,Aggregated,2.400000,0.000000,42,80,88,91,98,110,2100,2100,2100,2100,2100,400,5,41,141.08864124747925,0.5227000219747424,2097.034199978225,2759.2825
1769373651,5,,Aggregated,2.400000,0.000000,42,80,88,91,98,110,2100,2100,2100,2100,2100,400,5,41,141.08864124747925,0.5227000219747424,2097.034199978225,2759.2825
1769373652,5,,Aggregated,2.400000,0.000000,42,80,88,91,98,110,2100,2100,2100,2100,2100,404,5,41,140.324393066573,0.5227000219747424,2097.034199978225,2753.690594059406
1769373653,5,,Aggregated,2.400000,0.000000,42,81,88,91,99,110,2100,2100,2100,2100,2100,411,5,42,144.01089415745017,0.5227000219747424,2097.034199978225,2770.374695863747
1769373654,5,,Aggregated,2.400000,0.000000,42,81,88,91,99,110,2100,2100,2100,2100,2100,411,5,42,144.01089415745017,0.5227000219747424,2097.034199978225,2770.374695863747
1769373655,5,,Aggregated,2.100000,0.000000,42,81,88,91,99,110,2100,2100,2100,2100,2100,413,5,42,143.48790290276125,0.5227000219747424,2097.034199978225,2769.414043583535
1769373656,5,,Aggregated,2.600000,0.000000,41,81,88,91,99,110,2100,2100,2100,2100,2100,415,5,41,142.95216867200895,0.5227000219747424,2097.034199978225,2768.2698795180722
1769373657,5,,Aggregated,2.400000,0.000000,41,81,88,91,99,110,2100,2100,2100,2100,2100,416,5,41,142.68886345878576,0.5227000219747424,2097.034199978225,2792.824519230769
1769373658,5,,Aggregated,2.500000,0.000000,41,80,88,91,99,110,2100,2100,2100,2100,2100,418,5,41,142.1804528680082,0.5227000219747424,2097.034199978225,2791.937799043062
1769373659,5,,Aggregated,2.500000,0.000000,41,80,88,91,99,110,2100,2100,2100,2100,2100,420,5,41,141.66903356838571,0.5227000219747424,2097.034199978225,2790.9261904761906
1769373660,5,,Aggregated,2.500000,0.000000,41,80,88,91,99,110,2100,2100,2100,2100,2100,420,5,41,141.66903356838571,0.5227000219747424,2097.034199978225,2790.9261904761906
1769373661,5,,Aggregated,2.600000,0.000000,41,80,88,91,98,110,2100,2100,2100,2100,2100,424,5,41,140.9095089595967,0.5227000219747424,2097.034199978225,2785.4221698113206
1769373662,5,,Aggregated,2.400000,0.000000,41,81,88,91,99,110,2100,2100,2100,2100,2100,428,5,41,140.17997476354972,0.5227000219747424,2097.034199978225,2780.004672897196
1769373663,5,,Aggregated,2.400000,0.000000,41,81,88,91,99,110,2100,2100,2100,2100,2100,428,5,41,140.17997476354972,0.5227000219747424,2097.034199978225,2780.004672897196
1769373664,5,,Aggregated,2.400000,0.000000,41,81,88,91,99,110,2100,2100,2100,2100,2100,432,5,41,139.4681212935851,0.5227000219747424,2097.034199978225,2774.571759259259
1769373665,5,,Aggregated,2.400000,0.000000,41,81,88,91,99,110,2100,2100,2100,2100,2100,439,5,41,142.9440216370805,0.5227000219747424,2097.034199978225,2790.0683371298405
1769373666,5,,Aggregated,2.400000,0.000000,41,81,88,91,99,110,2100,2100,2100,2100,2100,439,5,41,142.9440216370805,0.5227000219747424,2097.034199978225,2790.0683371298405
1769373667,5,,Aggregated,2.100000,0.000000,41,81,88,91,99,110,2100,2100,2100,2100,2100,441,5,41,142.46266893118562,0.5227000219747424,2097.034199978225,2789.0793650793653
1769373668,5,,Aggregated,2.600000,0.000000,41,81,88,91,99,110,2100,2100,2100,2100,2100,443,5,41,141.9829977392461,0.5227000219747424,2097.034199978225,2787.918735891648
1769373669,5,,Aggregated,2.400000,0.000000,41,81,88,91,99,110,2100,2100,2100,2100,2100,444,5,41,141.75591981646747,0.5227000219747424,2097.034199978225,2810.795045045045
1769373670,5,,Aggregated,2.500000,0.000000,41,81,88,91,99,110,2100,2100,2100,2100,2100,446,5,41,141.28252264240658,0.5227000219747424,2097.034199978225,2809.885650224215
1769373671,5,,Aggregated,2.500000,0.000000,41,81,88,91,99,110,2100,2100,2100,2100,2100,448,5,41,140.82878146993087,0.5227000219747424,2097.034199978225,2808.870535714286
1769373672,5,,Aggregated,2.500000,0.000000,41,81,88,91,99,110,2100,2100,2100,2100,2100,448,5,41,140.82878146993087,0.5227000219747424,2097.034199978225,2808.870535714286
1769373673,5,,Aggregated,2.600000,0.000000,41,81,88,91,98,110,2100,2100,2100,2100,2100,452,5,41,140.1878028728925,0.5227000219747424,2097.034199978225,2803.5464601769913
1769373674,5,,Aggregated,2.400000,0.000000,41,81,88,91,99,110,2100,2100,2100,2100,2100,456,5,41,139.52616096158684,0.5227000219747424,2097.034199978225,2798.3004385964914
1769373675,5,,Aggregated,2.400000,0.000000,41,81,88,91,99,110,2100,2100,2100,2100,2100,456,5,41,139.52616096158684,0.5227000219747424,2097.034199978225,2798.3004385964914
1769373676,5,,Aggregated,2.400000,0.000000,41,81,88,91,99,110,2100,2100,2100,2100,2100,460,5,41,138.85609999643233,0.5227000219747424,2097.034199978225,2793.0391304347827
1769373677,5,,Aggregated,2.400000,0.000000,41,81,88,91,99,110,2100,2100,2100,2100,2100,467,5,41,142.07696937557063,0.5227000219747424,2097.034199978225,2807.1970021413276
1769373678,5,,Aggregated,2.400000,0.000000,41,81,88,91,99,110,2100,2100,2100,2100,2100,467,5,41,142.07696937557063,0.5227000219747424,2097.034199978225,2807.1970021413276
1769373679,5,,Aggregated,2.100000,0.000000,42,81,88,91,99,110,2100,2100,2100,2100,2100,469,5,42,141.66569104145117,0.5227000219747424,2097.034199978225,2806.181236673774
1769373680,5,,Aggregated,2.600000,0.000000,42,81,88,91,98,110,2100,2100,2100,2100,2100,471,5,42,141.22926029391516,0.5227000219747424,2097.034199978225,2805.036093418259
1769373681,5,,Aggregated,2.400000,0.000000,42,81,88,91,98,110,2100,2100,2100,2100,2100,472,5,42,141.02331758156157,0.5227000219747424,2097.034199978225,2826.5508474576272
1769373682,5,,Aggregated,2.500000,0.000000,42,81,88,91,98,110,2100,2100,2100,2100,2100,473,5,42,140.79905517648385,0.5227000219747424,2097.034199978225,2826.3763213530656
1769373683,5,,Aggregated,2.500000,0.000000,42,81,88,91,98,110,2100,2100,2100,2100,2100,474,5,41,140.58815822484686,0.5227000219747424,2097.034199978225,2826.0864978902955
1769373684,5,,Aggregated,2.400000,0.000000,42,81,88,91,99,110,2100,2100,2100,2100,2100,475,5,42,144.70061768140448,0.5227000219747424,2097.034199978225,2825.3536842105264
1769373685,5,,Aggregated,2.500000,0.000000,42,81,88,91,99,110,2100,2100,2100,2100,2100,479,5,42,148.27719373392264,0.5227000219747424,2097.034199978225,2820.171189979123
1769373686,5,,Aggregated,2.200000,0.000000,42,81,88,91,99,110,2100,2100,2100,2100,2100,482,5,42,147.84265767311467,0.5227000219747424,2097.034199978225,2815.780082987552
1769373687,5,,Aggregated,1.900000,0.000000,42,81,88,91,99,110,2100,2100,2100,2100,2100,483,5,42,151.86829751238852,0.5227000219747424,2097.034199978225,2815.1014492753625
1769373688,5,,Aggregated,2.300000,0.000000,42,81,88,92,99,110,2100,2100,2100,2100,2100,488,5,42,155.09851229163345,0.5227000219747424,2097.034199978225,2809.3258196721313
1769373689,5,,Aggregated,2.200000,0.000000,42,81,88,92,99,2000,2100,2100,2100,2100,2100,495,5,42,157.93932625939223,0.5227000219747424,2097.034199978225,2822.4707070707072
1769373690,5,,Aggregated,2.200000,0.000000,42,81,88,92,99,2000,2100,2100,2100,2100,2100,495,5,42,157.93932625939223,0.5227000219747424,2097.034199978225,2822.4707070707072
1769373691,5,,Aggregated,2.100000,0.000000,42,81,88,91,99,2000,2100,2100,2100,2100,2100,497,5,42,157.45953440322342,0.5227000219747424,2097.034199978225,2821.450704225352
1769373692,5,,Aggregated,2.600000,0.000000,42,81,88,91,99,2000,2100,2100,2100,2100,2100,499,5,42,156.99542664996497,0.5227000219747424,2097.034199978225,2820.2905811623245
1769373693,5,,Aggregated,2.400000,0.000000,42,81,88,91,99,2000,2100,2100,2100,2100,2100,500,5,42,156.75813079671934,0.5227000219747424,2097.034199978225,2840.53
1769373694,5,,Aggregated,2.500000,0.000000,42,81,88,91,99,110,2100,2100,2100,2100,2100,502,5,42,156.28323684941859,0.5227000219747424,2097.034199978225,2839.6155378486055
1769373695,5,,Aggregated,2.600000,0.000000,42,81,88,91,99,110,2100,2100,2100,2100,2100,504,5,42,155.811135115939,0.5227000219747424,2097.034199978225,2838.593253968254
1769373696,5,,Aggregated,2.600000,0.000000,42,81,88,91,99,110,2100,2100,2100,2100,2100,504,5,42,155.811135115939,0.5227000219747424,2097.034199978225,2838.593253968254
1769373697,5,,Aggregated,2.700000,0.000000,42,81,88,91,99,110,2100,2100,2100,2100,2100,508,5,42,155.11402558704003,0.5227000219747424,2097.034199978225,2833.6279527559054
1769373698,5,,Aggregated,2.500000,0.000000,42,81,88,92,99,110,2100,2100,2100,2100,2100,512,5,42,154.39838515248994,0.5227000219747424,2097.034199978225,2828.720703125
1769373700,5,,Aggregated,2.500000,0.000000,42,81,88,92,99,110,2100,2100,2100,2100,2100,512,5,42,154.39838515248994,0.5227000219747424,2097.034199978225,2828.720703125
1769373701,5,,Aggregated,2.500000,0.000000,42,81,88,92,99,110,2100,2100,2100,2100,2100,516,5,42,153.7158087172542,0.5227000219747424,2097.034199978225,2823.796511627907
1769373702,5,,Aggregated,2.400000,0.000000,42,81,88,92,100,110,2100,2100,2100,2100,2100,523,5,42,156.44214588531736,0.5227000219747424,2097.034199978225,2836.0497131931165
1769373703,5,,Aggregated,2.400000,0.000000,42,81,88,92,100,110,2100,2100,2100,2100,2100,523,5,42,156.44214588531736,0.5227000219747424,2097.034199978225,2836.0497131931165
1769373704,5,,Aggregated,2.100000,0.000000,42,81,88,92,100,110,2100,2100,2100,2100,2100,525,5,42,155.9824704724763,0.5227000219747424,2097.034199978225,2835.0342857142855
1769373705,5,,Aggregated,2.600000,0.000000,42,81,88,92,100,110,2100,2100,2100,2100,2100,527,5,42,155.53000777609915,0.5227000219747424,2097.034199978225,2833.8823529411766
1769373706,5,,Aggregated,2.400000,0.000000,42,81,88,92,100,110,2100,2100,2100,2100,2100,528,5,42,155.30539734468084,0.5227000219747424,2097.034199978225,2853.1439393939395
1769373707,5,,Aggregated,2.500000,0.000000,42,81,88,92,100,110,2100,2100,2100,2100,2100,530,5,42,154.86574037360765,0.5227000219747424,2097.034199978225,2852.220754716981
1769373708,5,,Aggregated,2.500000,0.000000,42,81,88,91,99,110,2100,2100,2100,2100,2100,532,5,42,154.42168458252866,0.5227000219747424,2097.034199978225,2851.1973684210525
1769373709,5,,Aggregated,2.600000,0.000000,42,81,88,91,99,110,2100,2100,2100,2100,2100,533,5,42,154.1977829230411,0.5227000219747424,2097.034199978225,2847.0037523452156
1769373710,5,,Aggregated,2.400000,0.000000,42,81,88,92,100,110,2100,2100,2100,2100,2100,537,5,42,153.54731247272147,0.5227000219747424,2097.034199978225,2842.243947858473
1769373711,5,,Aggregated,2.400000,0.000000,42,81,88,92,100,110,2100,2100,2100,2100,2100,540,5,42,153.13379499625793,0.5227000219747424,2097.034199978225,2841.651851851852
1769373712,5,,Aggregated,2.400000,0.000000,42,81,88,92,100,110,2100,2100,2100,2100,2100,542,5,42,152.71430350178542,0.5227000219747424,2097.034199978225,2836.7841328413283
1769373713,5,,Aggregated,2.400000,0.000000,42,81,88,92,100,110,2100,2100,2100,2100,2100,546,5,42,152.080986625984,0.5227000219747424,2097.034199978225,2832.1098901098903
1769373714,5,,Aggregated,2.400000,0.000000,42,81,88,92,100,110,2100,2100,2100,2100,2100,551,5,42,155.12522268206212,0.5227000219747424,2097.034199978225,2846.442831215971
1769373715,5,,Aggregated,2.100000,0.000000,42,81,88,92,100,110,2100,2100,2100,2100,2100,553,5,42,154.70218299791236,0.5227000219747424,2097.034199978225,2845.4412296564196
1769373716,5,,Aggregated,2.600000,0.000000,42,81,88,92,100,110,2100,2100,2100,2100,2100,555,5,42,154.27630576179237,0.5227000219747424,2097.034199978225,2844.3207207207206
1769373717,5,,Aggregated,2.400000,0.000000,42,81,88,92,100,110,2100,2100,2100,2100,2100,556,5,42,154.07540359309868,0.5227000219747424,2097.034199978225,2862.548561151079
1769373718,5,,Aggregated,2.500000,0.000000,42,81,88,92,100,110,2100,2100,2100,2100,2100,558,5,42,153.67140752279224,0.5227000219747424,2097.034199978225,2861.6344086021504
1769373719,5,,Aggregated,2.500000,0.000000,42,81,88,92,100,110,2100,2100,2100,2100,2100,560,5,42,153.2554312459459,0.5227000219747424,2097.034199978225,2860.6285714285714
1769373720,5,,Aggregated,2.500000,0.000000,42,81,88,92,100,110,2100,2100,2100,2100,2100,560,5,42,153.2554312459459,0.5227000219747424,2097.034199978225,2860.6285714285714
1769373721,5,,Aggregated,2.600000,0.000000,42,81,88,92,100,110,2100,2100,2100,2100,2100,563,5,42,152.69749395679153,0.5227000219747424,2097.034199978225,2853.525754884547
1769373722,5,,Aggregated,2.400000,0.000000,42,81,88,92,100,110,2100,2100,2100,2100,2100,567,5,42,152.0580146344694,0.5227000219747424,2097.034199978225,2848.9541446208113
1769373723,5,,Aggregated,2.400000,0.000000,42,81,88,92,100,110,2100,2100,2100,2100,2100,568,5,42,151.95373045366657,0.5227000219747424,2097.034199978225,2851.413732394366
1769373724,5,,Aggregated,2.400000,0.000000,42,81,88,92,100,110,2100,2100,2100,2100,2100,571,5,42,151.43521803418164,0.5227000219747424,2097.034199978225,2844.3625218914185
1769373725,5,,Aggregated,2.400000,0.000000,42,81,88,92,100,110,2100,2100,2100,2100,2100,576,5,42,150.71167048194587,0.5227000219747424,2097.034199978225,2837.5052083333335
1769373726,5,,Aggregated,2.400000,0.000000,42,81,88,92,100,110,2100,2100,2100,2100,2100,579,5,42,153.82978186113453,0.5227000219747424,2097.034199978225,2857.447322970639
1769373727,5,,Aggregated,2.100000,0.000000,42,81,88,92,100,110,2100,2100,2100,2100,2100,581,5,42,153.42682805100677,0.5227000219747424,2097.034199978225,2856.464716006885
1769373728,5,,Aggregated,2.600000,0.000000,42,81,88,92,100,110,2100,2100,2100,2100,2100,583,5,42,153.03148421531586,0.5227000219747424,2097.034199978225,2855.360205831904
1769373729,5,,Aggregated,2.400000,0.000000,42,81,88,92,100,110,2100,2100,2100,2100,2100,584,5,42,152.8386684887714,0.5227000219747424,2097.034199978225,2874.3869863013697
1769373730,5,,Aggregated,2.500000,0.000000,42,81,88,92,100,110,2100,2100,2100,2100,2100,586,5,42,152.43779214590933,0.5227000219747424,2097.034199978225,2873.4795221843005
1769373731,5,,Aggregated,2.500000,0.000000,42,81,88,92,100,110,2100,2100,2100,2100,2100,588,5,42,152.04245798910657,0.5227000219747424,2097.034199978225,2872.4812925170068
1769373732,5,,Aggregated,2.500000,0.000000,42,81,88,92,100,110,2100,2100,2100,2100,2100,588,5,42,152.04245798910657,0.5227000219747424,2097.034199978225,2872.4812925170068
1769373733,5,,Aggregated,2.600000,0.000000,42,81,88,92,100,110,2100,2100,2100,2100,2100,592,5,42,151.41537161744546,0.5227000219747424,2097.034199978225,2867.991554054054
1769373734,5,,Aggregated,2.400000,0.000000,42,81,88,92,100,110,2100,2100,2100,2100,2100,596,5,42,150.83514362020455,0.5227000219747424,2097.034199978225,2863.546979865772
1769373735,5,,Aggregated,2.400000,0.000000,42,81,88,92,100,110,2100,2100,2100,2100,2100,596,5,42,150.83514362020455,0.5227000219747424,2097.034199978225,2863.546979865772
1769373736,5,,Aggregated,2.400000,0.000000,42,81,88,92,100,110,2100,2100,2100,2100,2100,600,5,42,150.21974016271997,0.5227000219747424,2097.034199978225,2859.0783333333334
1769373737,5,,Aggregated,2.400000,0.000000,42,81,88,92,100,110,2100,2100,2100,2100,2100,607,5,42,152.5774215776903,0.5227000219747424,2097.034199978225,2869.0873146622735
1769373738,5,,Aggregated,2.400000,0.000000,42,81,88,92,100,110,2100,2100,2100,2100,2100,607,5,42,152.5774215776903,0.5227000219747424,2097.034199978225,2869.0873146622735
1769373739,5,,Aggregated,2.100000,0.000000,42,81,88,92,100,110,2100,2100,2100,2100,2100,609,5,42,152.20215779592317,0.5227000219747424,2097.034199978225,2868.0903119868635
1769373740,5,,Aggregated,2.600000,0.000000,42,81,88,92,100,110,2100,2100,2100,2100,2100,611,5,42,151.82545302403747,0.5227000219747424,2097.034199978225,2866.9983633387887
1769373741,5,,Aggregated,2.400000,0.000000,42,81,88,92,100,110,2100,2100,2100,2100,2100,612,5,42,151.6458632316428,0.5227000219747424,2097.034199978225,2883.653594771242
1769373742,5,,Aggregated,2.500000,0.000000,42,81,88,92,100,110,2100,2100,2100,2100,2100,614,5,42,151.26606563150926,0.5227000219747424,2097.034199978225,2882.754071661238
1769373743,5,,Aggregated,2.500000,0.000000,42,81,88,92,100,110,2100,2100,2100,2100,2100,616,5,42,150.89282110052233,0.5227000219747424,2097.034199978225,2881.7775974025976
1769373744,5,,Aggregated,2.500000,0.000000,42,81,88,92,100,110,2100,2100,2100,2100,2100,616,5,42,150.89282110052233,0.5227000219747424,2097.034199978225,2881.7775974025976
1769373745,5,,Aggregated,2.600000,0.000000,42,81,88,92,100,110,2100,2100,2100,2100,2100,620,5,42,150.30864919010068,0.5227000219747424,2097.034199978225,2877.4274193548385
1769373746,5,,Aggregated,2.400000,0.000000,42,81,88,92,100,110,2100,2100,2100,2100,2100,624,5,42,149.7439540029378,0.5227000219747424,2097.034199978225,2873.121794871795
1769373747,5,,Aggregated,2.400000,0.000000,42,81,88,92,100,110,2100,2100,2100,2100,2100,624,5,42,149.7439540029378,0.5227000219747424,2097.034199978225,2873.121794871795
1769373748,5,,Aggregated,2.400000,0.000000,42,81,88,92,100,110,2100,2100,2100,2100,2100,628,5,42,149.19794107966013,0.5227000219747424,2097.034199978225,2868.7993630573246
1769373749,5,,Aggregated,2.400000,0.000000,42,81,88,92,100,110,2100,2100,2100,2100,2100,635,5,42,151.4534190515291,0.5227000219747424,2097.034199978225,2878.472440944882
1769373750,5,,Aggregated,2.400000,0.000000,42,81,88,92,100,110,2100,2100,2100,2100,2100,635,5,42,151.4534190515291,0.5227000219747424,2097.034199978225,2878.472440944882
1769373751,5,,Aggregated,2.100000,0.000000,42,81,88,92,100,110,2100,2100,2100,2100,2100,637,5,42,151.09666781423223,0.5227000219747424,2097.034199978225,2877.50863422292
1769373752,5,,Aggregated,2.600000,0.000000,42,81,88,92,100,110,2100,2100,2100,2100,2100,639,5,42,150.74490688206316,0.5227000219747424,2097.034199978225,2876.4272300469484
1769373753,5,,Aggregated,2.400000,0.000000,42,81,88,92,100,110,2100,2100,2100,2100,2100,640,5,42,150.5723956212023,0.5227000219747424,2097.034199978225,2894.0609375
1769373754,5,,Aggregated,2.500000,0.000000,42,81,88,92,100,110,2100,2100,2100,2100,2100,642,5,42,150.22654719255442,0.5227000219747424,2097.034199978225,2893.1744548286606
1769373755,5,,Aggregated,2.500000,0.000000,42,81,88,92,100,110,2100,2100,2100,2100,2100,644,5,42,149.876983536578,0.5227000219747424,2097.034199978225,2892.2018633540374
1769373756,5,,Aggregated,2.500000,0.000000,42,81,88,92,100,110,2100,2100,2100,2100,2100,644,5,42,149.876983536578,0.5227000219747424,2097.034199978225,2892.2018633540374
1769373757,5,,Aggregated,2.600000,0.000000,42,81,88,92,100,110,2100,2100,2100,2100,2100,648,5,42,149.37392638509024,0.5227000219747424,2097.034199978225,2887.9783950617284
1769373758,5,,Aggregated,2.400000,0.000000,42,81,88,92,100,110,2100,2100,2100,2100,2100,652,5,42,148.85062898367792,0.5227000219747424,2097.034199978225,2883.7914110429447
1769373759,5,,Aggregated,2.400000,0.000000,42,81,88,92,100,110,2100,2100,2100,2100,2100,652,5,42,148.85062898367792,0.5227000219747424,2097.034199978225,2883.7914110429447
1769373760,5,,Aggregated,2.400000,0.000000,42,81,88,92,100,110,2100,2100,2100,2100,2100,656,5,42,148.32825944727009,0.5227000219747424,2097.034199978225,2879.5823170731705
1769373761,5,,Aggregated,2.400000,0.000000,42,81,88,92,100,110,2100,2100,2100,2100,2100,663,5,42,150.49581055397374,0.5227000219747424,2097.034199978225,2890.3499245852186
1769373762,5,,Aggregated,2.400000,0.000000,42,81,88,92,100,110,2100,2100,2100,2100,2100,663,5,42,150.49581055397374,0.5227000219747424,2097.034199978225,2890.3499245852186
1769373763,5,,Aggregated,2.100000,0.000000,42,81,88,92,100,110,2100,2100,2100,2100,2100,665,5,42,150.15320285307453,0.5227000219747424,2097.034199978225,2889.384962406015
1769373764,5,,Aggregated,2.600000,0.000000,42,81,88,92,100,110,2100,2100,2100,2100,2100,667,5,42,149.79789264949048,0.5227000219747424,2097.034199978225,2888.32083958021
1769373765,5,,Aggregated,2.400000,0.000000,42,81,88,92,100,110,2100,2100,2100,2100,2100,668,5,42,149.63427260061476,0.5227000219747424,2097.034199978225,2906.8263473053894
1769373766,5,,Aggregated,2.500000,0.000000,42,81,88,92,100,110,2100,2100,2100,2100,2100,670,5,42,149.30188969740254,0.5227000219747424,2097.034199978225,2905.938805970149
1769373767,5,,Aggregated,2.500000,0.000000,42,81,88,91,99,110,2100,2100,2100,2100,2100,672,5,42,148.96707157320287,0.5227000219747424,2097.034199978225,2904.9747023809523
1769373768,5,,Aggregated,2.500000,0.000000,42,81,88,91,99,110,2100,2100,2100,2100,2100,672,5,42,148.96707157320287,0.5227000219747424,2097.034199978225,2904.9747023809523
1769373769,5,,Aggregated,2.600000,0.000000,42,81,88,91,100,110,2100,2100,2100,2100,2100,676,5,42,148.47793579483874,0.5227000219747424,2097.034199978225,2900.8505917159764
1769373770,5,,Aggregated,2.400000,0.000000,42,81,88,92,100,110,2100,2100,2100,2100,2100,680,5,42,147.94797837847213,0.5227000219747424,2097.034199978225,2896.7617647058823
1769373771,5,,Aggregated,2.400000,0.000000,42,81,88,92,100,110,2100,2100,2100,2100,2100,680,5,42,147.94797837847213,0.5227000219747424,2097.034199978225,2896.7617647058823
1769373772,5,,Aggregated,2.400000,0.000000,42,81,88,91,99,110,2100,2100,2100,2100,2100,684,5,42,147.43284590229834,0.5227000219747424,2097.034199978225,2892.6476608187136
1769373773,5,,Aggregated,2.400000,0.000000,42,81,88,91,99,110,2100,2100,2100,2100,2100,691,5,42,149.53572705826775,0.5227000219747424,2097.034199978225,2902.9464544138928
1769373774,5,,Aggregated,2.400000,0.000000,42,81,88,91,99,110,2100,2100,2100,2100,2100,691,5,42,149.53572705826775,0.5227000219747424,2097.034199978225,2902.9464544138928
1769373775,5,,Aggregated,2.100000,0.000000,42,81,88,91,99,110,2100,2100,2100,2100,2100,693,5,42,149.20958801905772,0.5227000219747424,2097.034199978225,2901.991341991342
1769373776,5,,Aggregated,2.600000,0.000000,42,81,88,91,99,110,2100,2100,2100,2100,2100,695,5,42,148.88451495978364,0.5227000219747424,2097.034199978225,2900.926618705036
1769373777,5,,Aggregated,2.400000,0.000000,42,81,88,91,99,110,2100,2100,2100,2100,2100,696,5,42,148.7324117773531,0.5227000219747424,2097.034199978225,2918.6810344827586
1769373778,5,,Aggregated,2.500000,0.000000,42,81,88,91,99,110,2100,2100,2100,2100,2100,698,5,42,148.40840959449812,0.5227000219747424,2097.034199978225,2917.7922636103153
1769373779,5,,Aggregated,2.500000,0.000000,42,81,88,91,99,110,2100,2100,2100,2100,2100,700,5,42,148.0816705669609,0.5227000219747424,2097.034199978225,2916.832857142857
1769373780,5,,Aggregated,2.500000,0.000000,42,81,88,91,99,110,2100,2100,2100,2100,2100,700,5,42,148.0816705669609,0.5227000219747424,2097.034199978225,2916.832857142857
1769373781,5,,Aggregated,2.600000,0.000000,42,81,88,91,99,110,2100,2100,2100,2100,2100,704,5,42,147.5873809613404,0.5227000219747424,2097.034199978225,2912.8053977272725
1769373782,5,,Aggregated,2.400000,0.000000,42,81,88,91,99,110,2100,2100,2100,2100,2100,708,5,42,147.08480140800052,0.5227000219747424,2097.034199978225,2908.8093220338983
1769373783,5,,Aggregated,2.400000,0.000000,42,81,88,91,99,110,2100,2100,2100,2100,2100,708,5,42,147.08480140800052,0.5227000219747424,2097.034199978225,2908.8093220338983
1769373784,5,,Aggregated,2.400000,0.000000,42,81,88,91,99,110,2100,2100,2100,2100,2100,712,5,42,146.63085687756433,0.5227000219747424,2097.034199978225,2904.7893258426966
1769373785,5,,Aggregated,2.400000,0.000000,42,81,88,91,99,110,2100,2100,2100,2100,2100,719,5,42,148.6529966580561,0.5227000219747424,2097.034199978225,2916.144645340751
1769373786,5,,Aggregated,2.400000,0.000000,42,81,88,91,99,110,2100,2100,2100,2100,2100,719,5,42,148.6529966580561,0.5227000219747424,2097.034199978225,2916.144645340751
1769373787,5,,Aggregated,2.100000,0.000000,42,81,88,91,99,110,2100,2100,2100,2100,2100,721,5,42,148.35124451750386,0.5227000219747424,2097.034199978225,2915.1886269070733
1769373788,5,,Aggregated,2.600000,0.000000,42,81,88,91,99,110,2100,2100,2100,2100,2100,723,5,42,148.03802586040803,0.5227000219747424,2097.034199978225,2914.134163208852
1769373789,5,,Aggregated,2.400000,0.000000,42,81,88,91,99,110,2100,2100,2100,2100,2100,724,5,42,147.88602099037416,0.5227000219747424,2097.034199978225,2930.9765193370167
1769373790,5,,Aggregated,2.500000,0.000000,42,81,88,91,99,110,2100,2100,2100,2100,2100,726,5,42,147.5755950372176,0.5227000219747424,2097.034199978225,2930.089531680441
1769373791,5,,Aggregated,2.500000,0.000000,42,81,88,91,99,110,2100,2100,2100,2100,2100,728,5,42,147.27915027054092,0.5227000219747424,2097.034199978225,2929.1346153846152
1769373792,5,,Aggregated,2.500000,0.000000,42,81,88,91,99,110,2100,2100,2100,2100,2100,728,5,42,147.27915027054092,0.5227000219747424,2097.034199978225,2929.1346153846152
1769373793,5,,Aggregated,2.600000,0.000000,42,81,88,91,99,110,2100,2100,2100,2100,2100,732,5,42,146.80023647143756,0.5227000219747424,2097.034199978225,2925.1939890710382
1769373794,5,,Aggregated,2.400000,0.000000,42,81,88,91,99,110,2100,2100,2100,2100,2100,736,5,42,146.3653163001531,0.5227000219747424,2097.034199978225,2921.282608695652
1769373795,5,,Aggregated,2.400000,0.000000,42,81,88,91,99,110,2100,2100,2100,2100,2100,736,5,42,146.3653163001531,0.5227000219747424,2097.034199978225,2921.282608695652
1769373796,5,,Aggregated,2.400000,0.000000,42,81,88,91,99,110,2100,2100,2100,2100,2100,740,5,42,145.90631350922095,0.5227000219747424,2097.034199978225,2917.3486486486486
1769373797,5,,Aggregated,2.400000,0.000000,42,81,88,91,99,110,2100,2100,2100,2100,2100,747,5,42,147.86006010310797,0.5227000219747424,2097.034199978225,2928.074966532798
1769373798,5,,Aggregated,2.400000,0.000000,42,81,88,91,99,110,2100,2100,2100,2100,2100,747,5,42,147.86006010310797,0.5227000219747424,2097.034199978225,2928.074966532798
1769373799,5,,Aggregated,2.100000,0.000000,42,81,88,91,99,110,2100,2100,2100,2100,2100,749,5,42,147.57286207871672,0.5227000219747424,2097.034199978225,2927.124165554072
1769373800,5,,Aggregated,2.600000,0.000000,42,81,88,91,99,110,2100,2100,2100,2100,2100,751,5,42,147.27777150070813,0.5227000219747424,2097.034199978225,2926.0705725699067
1769373801,5,,Aggregated,2.400000,0.000000,42,81,88,91,99,110,2100,2100,2100,2100,2100,752,5,42,147.13555890565212,0.5227000219747424,2097.034199978225,2942.283244680851
1769373802,5,,Aggregated,2.500000,0.000000,42,81,88,91,99,110,2100,2100,2100,2100,2100,754,5,42,146.8423354071664,0.5227000219747424,2097.034199978225,2941.4045092838196
1769373803,5,,Aggregated,2.500000,0.000000,42,81,88,91,99,110,2100,2100,2100,2100,2100,756,5,42,146.5511419272935,0.5227000219747424,2097.034199978225,2940.44708994709
1769373804,5,,Aggregated,2.500000,0.000000,42,81,88,91,99,110,2100,2100,2100,2100,2100,756,5,42,146.5511419272935,0.5227000219747424,2097.034199978225,2940.44708994709
1769373805,5,,Aggregated,2.600000,0.000000,42,81,88,91,99,110,2100,2100,2100,2100,2100,760,5,42,146.09229275926114,0.5227000219747424,2097.034199978225,2936.592105263158
1769373806,5,,Aggregated,2.400000,0.000000,42,81,88,91,99,110,2100,2100,2100,2100,2100,764,5,42,145.63286216903347,0.5227000219747424,2097.034199978225,2932.7657068062827
1769373807,5,,Aggregated,2.400000,0.000000,42,81,88,91,99,110,2100,2100,2100,2100,2100,764,5,42,145.63286216903347,0.5227000219747424,2097.034199978225,2932.7657068062827
1769373808,5,,Aggregated,2.400000,0.000000,42,81,88,91,99,110,2100,2100,2100,2100,2100,768,5,42,145.171229553398,0.5227000219747424,2097.034199978225,2928.9140625
1769373809,5,,Aggregated,2.400000,0.000000,42,81,88,91,99,110,2100,2100,2100,2100,2100,775,5,42,147.06012631871647,0.5227000219747424,2097.034199978225,2939.148387096774
1769373810,5,,Aggregated,2.400000,0.000000,42,81,88,91,99,110,2100,2100,2100,2100,2100,775,5,42,147.06012631871647,0.5227000219747424,2097.034199978225,2939.148387096774
1769373811,5,,Aggregated,2.100000,0.000000,42,81,88,91,99,110,2100,2100,2100,2100,2100,777,5,42,146.80022599344576,0.5227000219747424,2097.034199978225,2938.196911196911
1769373813,5,,Aggregated,2.600000,0.000000,42,81,88,91,99,110,2100,2100,2100,2100,2100,779,5,42,146.51917624756555,0.5227000219747424,2097.034199978225,2937.15917843389
1769373814,5,,Aggregated,2.400000,0.000000,42,81,88,91,99,110,2100,2100,2100,2100,2100,780,5,42,146.37501268835666,0.5227000219747424,2097.034199978225,2952.8089743589744
1769373815,5,,Aggregated,2.500000,0.000000,42,81,88,91,99,110,2100,2100,2100,2100,2100,782,5,42,146.08972633877994,0.5227000219747424,2097.034199978225,2951.9322250639384
1769373816,5,,Aggregated,2.500000,0.000000,42,81,88,91,99,110,2100,2100,2100,2100,2100,784,5,42,145.81653022558348,0.5227000219747424,2097.034199978225,2950.983418367347
1769373817,5,,Aggregated,2.600000,0.000000,42,81,88,91,99,110,2100,2100,2100,2100,2100,785,5,42,145.66231732075784,0.5227000219747424,2097.034199978225,2948.0089171974523
1769373818,5,,Aggregated,2.600000,0.000000,42,81,88,91,99,110,2100,2100,2100,2100,2100,788,5,42,145.40360913287523,0.5227000219747424,2097.034199978225,2947.208121827411
1769373819,5,,Aggregated,2.400000,0.000000,42,81,88,91,99,110,2100,2100,2100,2100,2100,792,5,42,144.9883953242497,0.5227000219747424,2097.034199978225,2943.463383838384
1769373820,5,,Aggregated,2.400000,0.000000,42,81,88,91,99,110,2100,2100,2100,2100,2100,793,5,42,144.84002912583824,0.5227000219747424,2097.034199978225,2940.5283732660782
1769373821,5,,Aggregated,2.400000,0.000000,42,81,88,91,99,110,2100,2100,2100,2100,2100,796,5,42,144.5896674584347,0.5227000219747424,2097.034199978225,2939.6934673366836
1769373822,5,,Aggregated,2.400000,0.000000,42,81,88,91,99,110,2100,2100,2100,2100,2100,803,5,42,146.4146623871571,0.5227000219747424,2097.034199978225,2948.0199252801995
1769373823,5,,Aggregated,2.100000,0.000000,42,81,88,91,99,110,2100,2100,2100,2100,2100,805,5,42,146.14552682835424,0.5227000219747424,2097.034199978225,2947.0857142857144
1769373824,5,,Aggregated,2.600000,0.000000,42,81,88,91,99,110,2100,2100,2100,2100,2100,807,5,42,145.8767030937447,0.5227000219747424,2097.034199978225,2946.0681536555144
1769373825,5,,Aggregated,2.400000,0.000000,42,81,88,91,99,110,2100,2100,2100,2100,2100,808,5,42,145.74802610971318,0.5227000219747424,2097.034199978225,2960.2450495049507
1769373826,5,,Aggregated,2.500000,0.000000,42,81,88,91,99,110,2100,2100,2100,2100,2100,810,5,42,145.47563246508807,0.5227000219747424,2097.034199978225,2959.382716049383
1769373827,5,,Aggregated,2.500000,0.000000,42,81,88,91,99,110,2100,2100,2100,2100,2100,812,5,42,145.20149273004182,0.5227000219747424,2097.034199978225,2958.448275862069
1769373828,5,,Aggregated,2.500000,0.000000,42,81,88,91,99,110,2100,2100,2100,2100,2100,812,5,42,145.20149273004182,0.5227000219747424,2097.034199978225,2958.448275862069
1769373829,5,,Aggregated,2.600000,0.000000,42,81,88,91,99,110,2100,2100,2100,2100,2100,814,5,42,144.92593525410618,0.5227000219747424,2097.034199978225,2954.992628992629
1769373830,5,,Aggregated,2.400000,0.000000,42,81,88,91,99,110,2100,2100,2100,2100,2100,819,5,42,144.3746374810276,0.5227000219747424,2097.034199978225,2949.5335775335775
1769373831,5,,Aggregated,2.400000,0.000000,42,81,88,91,99,110,2100,2100,2100,2100,2100,820,5,42,144.3140771914353,0.5227000219747424,2097.034199978225,2951.1146341463414
1769373832,5,,Aggregated,2.400000,0.000000,42,81,88,91,99,110,2100,2100,2100,2100,2100,823,5,42,143.98289076179913,0.5227000219747424,2097.034199978225,2945.8590522478735
1769373833,5,,Aggregated,2.400000,0.000000,42,81,88,91,99,110,2100,2100,2100,2100,2100,827,5,42,143.59490700970386,0.5227000219747424,2097.034199978225,2942.2394195888755
1769373834,5,,Aggregated,2.400000,0.000000,42,81,88,91,99,110,2100,2100,2100,2100,2100,831,5,42,145.70958615772687,0.5227000219747424,2097.034199978225,2955.777376654633
1769373835,5,,Aggregated,2.100000,0.000000,42,81,88,91,99,110,2100,2100,2100,2100,2100,833,5,42,145.4513487359956,0.5227000219747424,2097.034199978225,2954.8547418967587
1769373836,5,,Aggregated,2.600000,0.000000,42,81,88,91,99,110,2100,2100,2100,2100,2100,835,5,42,145.19561820016605,0.5227000219747424,2097.034199978225,2953.8419161676647
1769373837,5,,Aggregated,2.400000,0.000000,42,81,88,91,99,110,2100,2100,2100,2100,2100,836,5,42,145.07184915927476,0.5227000219747424,2097.034199978225,2967.4832535885166
1769373838,5,,Aggregated,2.500000,0.000000,42,81,88,91,99,110,2100,2100,2100,2100,2100,838,5,42,144.8169723115606,0.5227000219747424,2097.034199978225,2966.6276849642004
1769373839,5,,Aggregated,2.500000,0.000000,42,81,88,91,99,110,2100,2100,2100,2100,2100,840,5,42,144.56144416319495,0.5227000219747424,2097.034199978225,2965.711904761905
1769373840,5,,Aggregated,2.500000,0.000000,42,81,88,91,99,110,2100,2100,2100,2100,2100,840,5,42,144.56144416319495,0.5227000219747424,2097.034199978225,2965.711904761905
1769373841,5,,Aggregated,2.600000,0.000000,42,81,88,91,99,110,2100,2100,2100,2100,2100,843,5,42,144.2475115029972,0.5227000219747424,2097.034199978225,2960.5978647686834
1769373842,5,,Aggregated,2.400000,0.000000,42,81,88,91,99,110,2100,2100,2100,2100,2100,848,5,42,143.81405825118253,0.5227000219747424,2097.034199978225,2958.551886792453
1769373843,5,,Aggregated,2.400000,0.000000,42,81,88,91,99,110,2100,2100,2100,2100,2100,848,5,42,143.81405825118253,0.5227000219747424,2097.034199978225,2958.551886792453
1769373844,5,,Aggregated,2.400000,0.000000,42,81,88,91,99,110,2100,2100,2100,2100,2100,852,5,42,143.44341044249714,0.5227000219747424,2097.034199978225,2954.9589201877934
1769373845,5,,Aggregated,2.400000,0.000000,42,81,88,91,99,110,2100,2100,2100,2100,2100,857,5,42,142.9872611399562,0.5227000219747424,2097.034199978225,2949.7047841306885
1769373846,5,,Aggregated,2.400000,0.000000,42,81,88,91,99,110,2100,2100,2100,2100,2100,859,5,42,145.17671105585237,0.5227000219747424,2097.034199978225,2963.025611175786
1769373847,5,,Aggregated,2.100000,0.000000,42,81,88,91,99,110,2100,2100,2100,2100,2100,861,5,42,144.9224059199579,0.5227000219747424,2097.034199978225,2962.110336817654
1769373848,5,,Aggregated,2.600000,0.000000,42,81,88,91,99,110,2100,2100,2100,2100,2100,863,5,42,144.67261123647947,0.5227000219747424,2097.034199978225,2961.119351100811
1769373849,5,,Aggregated,2.400000,0.000000,42,81,88,91,99,110,2100,2100,2100,2100,2100,864,5,42,144.54967522801275,0.5227000219747424,2097.034199978225,2974.2546296296296
1769373850,5,,Aggregated,2.500000,0.000000,42,81,88,91,99,110,2100,2100,2100,2100,2100,866,5,42,144.3002200888429,0.5227000219747424,2097.034199978225,2973.415704387991
1769373851,5,,Aggregated,2.500000,0.000000,42,81,88,91,99,110,2100,2100,2100,2100,2100,868,5,42,144.0533617477057,0.5227000219747424,2097.034199978225,2972.509216589862
1769373852,5,,Aggregated,2.500000,0.000000,42,81,88,91,99,110,2100,2100,2100,2100,2100,868,5,42,144.0533617477057,0.5227000219747424,2097.034199978225,2972.509216589862
1769373853,5,,Aggregated,2.600000,0.000000,42,81,88,91,99,110,2100,2100,2100,2100,2100,872,5,42,143.69947270307597,0.5227000219747424,2097.034199978225,2969.0034403669724
1769373854,5,,Aggregated,2.400000,0.000000,42,81,88,91,99,110,2100,2100,2100,2100,2100,876,5,42,143.3531376678065,0.5227000219747424,2097.034199978225,2965.5171232876714
1769373855,5,,Aggregated,2.400000,0.000000,42,81,88,91,99,110,2100,2100,2100,2100,2100,876,5,42,143.3531376678065,0.5227000219747424,2097.034199978225,2965.5171232876714
1769373856,5,,Aggregated,2.400000,0.000000,42,81,88,91,99,110,2100,2100,2100,2100,2100,880,5,42,142.9943472694669,0.5227000219747424,2097.034199978225,2962.0068181818183
1769373857,5,,Aggregated,2.400000,0.000000,42,81,88,92,99,110,2100,2100,2100,2100,2100,887,5,42,144.67386155257478,0.5227000219747424,2097.034199978225,2969.6110484780156
1769373858,5,,Aggregated,2.400000,0.000000,42,81,88,92,99,110,2100,2100,2100,2100,2100,887,5,42,144.67386155257478,0.5227000219747424,2097.034199978225,2969.6110484780156
1769373859,5,,Aggregated,2.100000,0.000000,42,81,88,92,99,110,2100,2100,2100,2100,2100,889,5,42,144.43414487875475,0.5227000219747424,2097.034199978225,2968.7097862767155
1769373860,5,,Aggregated,2.600000,0.000000,42,81,88,91,99,110,2100,2100,2100,2100,2100,891,5,42,144.1959121180113,0.5227000219747424,2097.034199978225,2967.739618406285
1769373861,5,,Aggregated,2.400000,0.000000,42,81,88,91,99,110,2100,2100,2100,2100,2100,892,5,42,144.0799978668457,0.5227000219747424,2097.034199978225,2980.385650224215
1769373862,5,,Aggregated,2.500000,0.000000,42,81,88,91,99,110,2100,2100,2100,2100,2100,894,5,42,143.83838668591144,0.5227000219747424,2097.034199978225,2979.5536912751677
1769373863,5,,Aggregated,2.500000,0.000000,42,81,88,91,99,110,2100,2100,2100,2100,2100,896,5,42,143.60449274226994,0.5227000219747424,2097.034199978225,2978.6618303571427
1769373864,5,,Aggregated,2.500000,0.000000,42,81,88,91,99,110,2100,2100,2100,2100,2100,896,5,42,143.60449274226994,0.5227000219747424,2097.034199978225,2978.6618303571427
1769373865,5,,Aggregated,2.600000,0.000000,42,81,88,92,99,110,2100,2100,2100,2100,2100,900,5,42,143.2707547744374,0.5227000219747424,2097.034199978225,2975.2366666666667
1769373866,5,,Aggregated,2.400000,0.000000,42,81,88,92,99,110,2100,2100,2100,2100,2100,904,5,42,142.938718912645,0.5227000219747424,2097.034199978225,2971.8307522123896
1769373867,5,,Aggregated,2.400000,0.000000,42,81,88,92,99,110,2100,2100,2100,2100,2100,904,5,42,142.938718912645,0.5227000219747424,2097.034199978225,2971.8307522123896
1769373868,5,,Aggregated,2.400000,0.000000,42,81,88,92,99,110,2100,2100,2100,2100,2100,908,5,42,142.59856486449937,0.5227000219747424,2097.034199978225,2968.4019823788544
1769373869,5,,Aggregated,2.400000,0.000000,42,81,88,92,99,110,2100,2100,2100,2100,2100,915,5,42,144.23786414955117,0.5227000219747424,2097.034199978225,2975.6513661202184
1769373870,5,,Aggregated,2.400000,0.000000,42,81,88,92,99,110,2100,2100,2100,2100,2100,915,5,42,144.23786414955117,0.5227000219747424,2097.034199978225,2975.6513661202184
1769373871,5,,Aggregated,2.100000,0.000000,42,81,88,92,99,110,2100,2100,2100,2100,2100,917,5,42,144.0002094840503,0.5227000219747424,2097.034199978225,2974.7655398037077
1769373872,5,,Aggregated,2.600000,0.000000,42,81,88,92,99,110,2100,2100,2100,2100,2100,919,5,42,143.7679674612942,0.5227000219747424,2097.034199978225,2973.8073993471166
1769373873,5,,Aggregated,2.400000,0.000000,42,81,88,92,99,110,2100,2100,2100,2100,2100,920,5,42,143.65335325761092,0.5227000219747424,2097.034199978225,2986.1619565217393
1769373874,5,,Aggregated,2.500000,0.000000,42,81,88,92,99,110,2100,2100,2100,2100,2100,922,5,42,143.42518123318774,0.5227000219747424,2097.034199978225,2985.34273318872
1769373875,5,,Aggregated,2.500000,0.000000,42,81,88,92,99,110,2100,2100,2100,2100,2100,924,5,42,143.19541049467045,0.5227000219747424,2097.034199978225,2984.469696969697
1769373876,5,,Aggregated,2.500000,0.000000,42,81,88,92,99,110,2100,2100,2100,2100,2100,924,5,42,143.19541049467045,0.5227000219747424,2097.034199978225,2984.469696969697
1769373877,5,,Aggregated,2.600000,0.000000,42,81,88,92,99,110,2100,2100,2100,2100,2100,928,5,42,142.8629815701901,0.5227000219747424,2097.034199978225,2981.122844827586
1769373878,5,,Aggregated,2.400000,0.000000,42,81,88,92,99,110,2100,2100,2100,2100,2100,932,5,42,142.52659549053294,0.5227000219747424,2097.034199978225,2977.7950643776826
1769373879,5,,Aggregated,2.400000,0.000000,42,81,88,92,99,110,2100,2100,2100,2100,2100,932,5,42,142.52659549053294,0.5227000219747424,2097.034199978225,2977.7950643776826
1769373880,5,,Aggregated,2.400000,0.000000,42,81,88,92,99,110,2100,2100,2100,2100,2100,936,5,42,142.18955042445634,0.5227000219747424,2097.034199978225,2974.4423076923076
1769373881,5,,Aggregated,2.400000,0.000000,42,81,88,92,99,110,2100,2100,2100,2100,2100,943,5,42,143.75886160888723,0.5227000219747424,2097.034199978225,2981.5174973488865
1769373882,5,,Aggregated,2.400000,0.000000,42,81,88,92,99,110,2100,2100,2100,2100,2100,943,5,42,143.75886160888723,0.5227000219747424,2097.034199978225,2981.5174973488865
1769373883,5,,Aggregated,2.100000,0.000000,42,81,88,92,99,110,2100,2100,2100,2100,2100,944,5,42,143.64832648006072,0.5227000219747424,2097.034199978225,2980.959745762712
1769373884,5,,Aggregated,2.600000,0.000000,42,81,88,92,99,110,2100,2100,2100,2100,2100,945,5,42,143.53873682240388,0.5227000219747424,2097.034199978225,2980.3756613756614
1769373885,5,,Aggregated,2.400000,0.000000,42,81,88,92,99,110,2100,2100,2100,2100,2100,947,5,42,145.47590464326515,0.5227000219747424,2097.034199978225,2992.8658922914465
1769373886,5,,Aggregated,2.400000,0.000000,42,81,88,92,99,110,2100,2100,2100,2100,2100,949,5,42,147.41319525511926,0.5227000219747424,2097.034199978225,2991.9504741833507
1769373887,5,,Aggregated,2.300000,0.000000,42,81,88,92,99,110,2100,2100,2100,2100,2100,950,5,42,147.3016922074174,0.5227000219747424,2097.034199978225,2991.406315789474
1769373888,5,,Aggregated,2.300000,0.000000,42,81,88,92,99,110,2100,2100,2100,2100,2100,951,5,42,149.34115204739763,0.5227000219747424,2097.034199978225,2991.1388012618295
1769373889,5,,Aggregated,2.500000,0.000000,42,81,88,92,100,110,2100,2100,2100,2100,2100,956,5,42,151.016132214772,0.5227000219747424,2097.034199978225,2987.5376569037658
1769373890,5,,Aggregated,2.200000,0.000000,42,81,88,92,100,110,2100,2100,2100,2100,2100,960,5,42,150.66541239308813,0.5227000219747424,2097.034199978225,2984.2791666666667
1769373891,5,,Aggregated,2.200000,0.000000,42,81,88,92,100,110,2100,2100,2100,2100,2100,960,5,42,150.66541239308813,0.5227000219747424,2097.034199978225,2984.2791666666667
1769373892,5,,Aggregated,2.400000,0.000000,42,81,88,92,100,110,2100,2100,2100,2100,2100,964,5,42,150.29826192670748,0.5227000219747424,2097.034199978225,2980.9979253112033
1769373893,5,,Aggregated,2.400000,0.000000,42,81,88,92,100,110,2100,2100,2100,2100,2100,971,5,42,151.76585540388845,0.5227000219747424,2097.034199978225,2988.7693099897015
1769373894,5,,Aggregated,2.400000,0.000000,42,81,88,92,100,110,2100,2100,2100,2100,2100,971,5,42,151.76585540388845,0.5227000219747424,2097.034199978225,2988.7693099897015
1769373895,5,,Aggregated,2.100000,0.000000,42,81,88,92,100,110,2100,2100,2100,2100,2100,973,5,42,151.52350349152195,0.5227000219747424,2097.034199978225,2987.908530318602
1769373896,5,,Aggregated,2.700000,0.000000,42,81,88,92,100,110,2100,2100,2100,2100,2100,975,5,42,151.28640820224507,0.5227000219747424,2097.034199978225,2986.9733333333334
1769373897,5,,Aggregated,2.600000,0.000000,42,81,88,92,100,110,2100,2100,2100,2100,2100,976,5,42,151.17108073482981,0.5227000219747424,2097.034199978225,2999.6045081967213
1769373898,5,,Aggregated,2.600000,0.000000,42,81,88,92,100,110,2100,2100,2100,2100,2100,978,5,42,150.9419257639753,0.5227000219747424,2097.034199978225,2998.8098159509204
1769373899,5,,Aggregated,2.600000,0.000000,42,81,88,92,100,110,2100,2100,2100,2100,2100,980,5,42,150.7110674461654,0.5227000219747424,2097.034199978225,2997.955102040816
1769373900,5,,Aggregated,2.600000,0.000000,42,81,88,92,100,110,2100,2100,2100,2100,2100,980,5,42,150.7110674461654,0.5227000219747424,2097.034199978225,2997.955102040816
1769373901,5,,Aggregated,2.700000,0.000000,42,81,88,92,100,110,2100,2100,2100,2100,2100,984,5,42,150.3502579239799,0.5227000219747424,2097.034199978225,2994.743902439024
1769373902,5,,Aggregated,2.400000,0.000000,42,81,88,92,100,110,2100,2100,2100,2100,2100,988,5,42,149.97209584741543,0.5227000219747424,2097.034199978225,2991.5485829959516
1769373903,5,,Aggregated,2.400000,0.000000,42,81,88,92,100,110,2100,2100,2100,2100,2100,988,5,42,149.97209584741543,0.5227000219747424,2097.034199978225,2991.5485829959516
1769373904,5,,Aggregated,2.400000,0.000000,42,81,88,92,100,110,2100,2100,2100,2100,2100,992,5,42,149.65455241667036,0.5227000219747424,2097.034199978225,2988.3346774193546
1769373905,5,,Aggregated,2.400000,0.000000,42,81,88,92,100,110,2100,2100,2100,2100,2100,999,5,42,151.09053423156956,0.5227000219747424,2097.034199978225,2996.051051051051
1769373906,5,,Aggregated,2.400000,0.000000,42,81,88,92,100,110,2100,2100,2100,2100,2100,999,5,42,151.09053423156956,0.5227000219747424,2097.034199978225,2996.051051051051
1769373907,5,,Aggregated,2.100000,0.000000,42,81,88,92,100,110,2100,2100,2100,2100,2100,1001,5,42,150.86182677066074,0.5227000219747424,2097.034199978225,2995.198801198801
1769373908,5,,Aggregated,2.600000,0.000000,42,81,88,92,100,110,2100,2100,2100,2100,2100,1003,5,42,150.62785682680246,0.5227000219747424,2097.034199978225,2994.2801595214355
1769373909,5,,Aggregated,2.400000,0.000000,42,81,88,92,100,110,2100,2100,2100,2100,2100,1004,5,42,150.51299690969745,0.5227000219747424,2097.034199978225,3006.3505976095616
1769373910,5,,Aggregated,2.500000,0.000000,42,81,88,92,100,110,2100,2100,2100,2100,2100,1006,5,42,150.2924236554836,0.5227000219747424,2097.034199978225,3005.5606361829027
1769373911,5,,Aggregated,2.500000,0.000000,42,81,88,92,100,110,2100,2100,2100,2100,2100,1008,5,42,150.06718799342042,0.5227000219747424,2097.034199978225,3004.715277777778
1769373912,5,,Aggregated,2.500000,0.000000,42,81,88,92,100,110,2100,2100,2100,2100,2100,1008,5,42,150.06718799342042,0.5227000219747424,2097.034199978225,3004.715277777778
1769373913,5,,Aggregated,2.600000,0.000000,42,81,88,92,100,110,2100,2100,2100,2100,2100,1012,5,42,149.69856106458056,0.5227000219747424,2097.034199978225,3001.566205533597
1769373914,5,,Aggregated,2.400000,0.000000,42,81,88,92,100,110,2100,2100,2100,2100,2100,1016,5,42,149.34230767448037,0.5227000219747424,2097.034199978225,2998.4320866141734
1769373915,5,,Aggregated,2.400000,0.000000,42,81,88,92,100,110,2100,2100,2100,2100,2100,1016,5,42,149.34230767448037,0.5227000219747424,2097.034199978225,2998.4320866141734
1769373916,5,,Aggregated,2.400000,0.000000,42,81,88,92,100,110,2100,2100,2100,2100,2100,1020,5,42,149.0149367620082,0.5227000219747424,2097.034199978225,2995.274509803922
1769373917,5,,Aggregated,2.400000,0.000000,42,81,88,92,100,110,2100,2100,2100,2100,2100,1027,5,42,150.41609181833888,0.5227000219747424,2097.034199978225,3002.469328140214
1769373918,5,,Aggregated,2.400000,0.000000,42,81,88,92,100,110,2100,2100,2100,2100,2100,1027,5,42,150.41609181833888,0.5227000219747424,2097.034199978225,3002.469328140214
1769373919,5,,Aggregated,2.100000,0.000000,42,81,88,92,100,110,2100,2100,2100,2100,2100,1029,5,42,150.20842992949986,0.5227000219747424,2097.034199978225,3001.6316812439263
1769373920,5,,Aggregated,2.600000,0.000000,42,81,88,92,100,110,2100,2100,2100,2100,2100,1031,5,42,149.98818156883033,0.5227000219747424,2097.034199978225,3000.7196896217265
1769373921,5,,Aggregated,2.400000,0.000000,42,81,88,92,100,110,2100,2100,2100,2100,2100,1032,5,42,149.88203061771193,0.5227000219747424,2097.034199978225,3011.6036821705425
1769373922,5,,Aggregated,2.500000,0.000000,42,81,88,92,100,110,2100,2100,2100,2100,2100,1034,5,42,149.6576223379664,0.5227000219747424,2097.034199978225,3010.8297872340427
1769373923,5,,Aggregated,2.500000,0.000000,42,81,88,91,100,110,2100,2100,2100,2100,2100,1036,5,42,149.43926698599248,0.5227000219747424,2097.034199978225,3009.9990347490348
1769373924,5,,Aggregated,2.500000,0.000000,42,81,88,91,100,110,2100,2100,2100,2100,2100,1036,5,42,149.43926698599248,0.5227000219747424,2097.034199978225,3009.9990347490348
1769373925,5,,Aggregated,2.600000,0.000000,42,81,88,92,100,110,2100,2100,2100,2100,2100,1040,5,42,149.12647653601687,0.5227000219747424,2097.034199978225,3006.914423076923
1769373926,5,,Aggregated,2.400000,0.000000,42,81,88,92,100,110,2100,2100,2100,2100,2100,1044,5,42,148.8145866834512,0.5227000219747424,2097.034199978225,3003.8438697318006
1769373928,5,,Aggregated,2.400000,0.000000,42,81,88,92,100,110,2100,2100,2100,2100,2100,1044,5,42,148.8145866834512,0.5227000219747424,2097.034199978225,3003.8438697318006
1769373929,5,,Aggregated,2.400000,0.000000,42,81,88,92,100,110,2100,2100,2100,2100,2100,1048,5,42,148.50660619985325,0.5227000219747424,2097.034199978225,3000.7547709923665
1769373930,5,,Aggregated,2.400000,0.000000,42,81,88,92,100,110,2100,2100,2100,2100,2100,1055,5,42,149.88178758058802,0.5227000219747424,2097.034199978225,3006.807582938389
1769373931,5,,Aggregated,2.400000,0.000000,42,81,88,92,100,110,2100,2100,2100,2100,2100,1055,5,42,149.88178758058802,0.5227000219747424,2097.034199978225,3006.807582938389
1769373932,5,,Aggregated,2.100000,0.000000,42,81,88,92,100,110,2100,2100,2100,2100,2100,1057,5,42,149.671700470724,0.5227000219747424,2097.034199978225,3005.979186376537
1769373933,5,,Aggregated,2.600000,0.000000,42,81,88,92,100,110,2100,2100,2100,2100,2100,1059,5,42,149.45905486078243,0.5227000219747424,2097.034199978225,3005.0925401322
1769373934,5,,Aggregated,2.400000,0.000000,42,81,88,92,100,110,2100,2100,2100,2100,2100,1060,5,42,149.35680688446703,0.5227000219747424,2097.034199978225,3015.5735849056605
1769373935,5,,Aggregated,2.500000,0.000000,42,81,88,92,100,110,2100,2100,2100,2100,2100,1062,5,42,149.1569506567675,0.5227000219747424,2097.034199978225,3014.8116760828625
1769373936,5,,Aggregated,2.500000,0.000000,42,81,88,92,100,110,2100,2100,2100,2100,2100,1064,5,42,148.94673270431585,0.5227000219747424,2097.034199978225,3013.9953007518798
1769373937,5,,Aggregated,2.600000,0.000000,42,81,88,92,100,110,2100,2100,2100,2100,2100,1065,5,42,148.83652722764708,0.5227000219747424,2097.034199978225,3011.743661971831
1769373938,5,,Aggregated,2.400000,0.000000,42,81,88,92,100,110,2100,2100,2100,2100,2100,1069,5,42,148.51979466564205,0.5227000219747424,2097.034199978225,3008.736202057998
1769373939,5,,Aggregated,2.400000,0.000000,42,81,88,92,100,110,2100,2100,2100,2100,2100,1072,5,42,148.30474589341893,0.5227000219747424,2097.034199978225,3007.972014925373
1769373940,5,,Aggregated,2.400000,0.000000,42,81,88,92,100,110,2100,2100,2100,2100,2100,1074,5,42,148.0906375211679,0.5227000219747424,2097.034199978225,3005.205772811918
1769373941,5,,Aggregated,2.400000,0.000000,42,81,88,92,100,110,2100,2100,2100,2100,2100,1078,5,42,147.7817900721606,0.5227000219747424,2097.034199978225,3002.213358070501
1769373942,5,,Aggregated,2.400000,0.000000,42,81,88,92,100,110,2100,2100,2100,2100,2100,1083,5,42,149.35956795726554,0.5227000219747424,2097.034199978225,3010.7728531855955
1769373943,5,,Aggregated,2.100000,0.000000,42,81,88,92,100,110,2100,2100,2100,2100,2100,1085,5,42,149.14801078129662,0.5227000219747424,2097.034199978225,3009.959447004608
1769373944,5,,Aggregated,2.600000,0.000000,42,81,88,92,100,110,2100,2100,2100,2100,2100,1087,5,42,148.94179392615874,0.5227000219747424,2097.034199978225,3009.0846366145356
1769373945,5,,Aggregated,2.400000,0.000000,42,81,88,92,100,110,2100,2100,2100,2100,2100,1088,5,42,148.84179531038492,0.5227000219747424,2097.034199978225,3019.417279411765
1769373946,5,,Aggregated,2.500000,0.000000,42,81,88,92,100,110,2100,2100,2100,2100,2100,1090,5,42,148.63486082352904,0.5227000219747424,2097.034199978225,3018.664220183486
1769373947,5,,Aggregated,2.500000,0.000000,42,81,88,92,100,110,2100,2100,2100,2100,2100,1092,5,42,148.43219935688472,0.5227000219747424,2097.034199978225,3017.8653846153848
1769373948,5,,Aggregated,2.500000,0.000000,42,81,88,92,100,110,2100,2100,2100,2100,2100,1092,5,42,148.43219935688472,0.5227000219747424,2097.034199978225,3017.8653846153848
1769373949,5,,Aggregated,2.600000,0.000000,42,81,88,92,100,110,2100,2100,2100,2100,2100,1095,5,42,148.15757853663675,0.5227000219747424,2097.034199978225,3013.785388127854
1769373950,5,,Aggregated,2.400000,0.000000,42,81,88,92,100,110,2100,2100,2100,2100,2100,1099,5,42,147.84251846929416,0.5227000219747424,2097.034199978225,3010.8444040036397
1769373951,5,,Aggregated,2.400000,0.000000,42,81,88,92,100,110,2100,2100,2100,2100,2100,1100,5,42,147.8113116344056,0.5227000219747424,2097.034199978225,3011.9672727272728
1769373952,5,,Aggregated,2.400000,0.000000,42,81,88,92,100,110,2100,2100,2100,2100,2100,1103,5,42,147.5544686289673,0.5227000219747424,2097.034199978225,3007.883952855848
1769373953,5,,Aggregated,2.400000,0.000000,42,81,88,92,100,110,2100,2100,2100,2100,2100,1107,5,42,147.23976567099857,0.5227000219747424,2097.034199978225,3004.9566395663956
1769373954,5,,Aggregated,2.400000,0.000000,42,81,88,92,100,110,2100,2100,2100,2100,2100,1111,5,42,148.82150917906233,0.5227000219747424,2097.034199978225,3014.7902790279027
1769373955,5,,Aggregated,2.100000,0.000000,42,81,88,92,100,110,2100,2100,2100,2100,2100,1113,5,42,148.62106459833237,0.5227000219747424,2097.034199978225,3013.9901168014376
1769373956,5,,Aggregated,2.600000,0.000000,42,81,88,92,100,110,2100,2100,2100,2100,2100,1115,5,42,148.41909497567022,0.5227000219747424,2097.034199978225,3013.1300448430493
1769373957,5,,Aggregated,2.400000,0.000000,42,81,88,92,100,110,2100,2100,2100,2100,2100,1116,5,42,148.32190609122728,0.5227000219747424,2097.034199978225,3023.1173835125446
1769373958,5,,Aggregated,2.500000,0.000000,42,81,88,92,100,110,2100,2100,2100,2100,2100,1118,5,42,148.1323813040131,0.5227000219747424,2097.034199978225,3022.3801431127013
1769373959,5,,Aggregated,2.500000,0.000000,42,81,88,92,100,110,2100,2100,2100,2100,2100,1120,5,42,147.93582383738664,0.5227000219747424,2097.034199978225,3021.594642857143
1769373960,5,,Aggregated,2.500000,0.000000,42,81,88,92,100,110,2100,2100,2100,2100,2100,1120,5,42,147.93582383738664,0.5227000219747424,2097.034199978225,3021.594642857143
1769373961,5,,Aggregated,2.600000,0.000000,42,81,88,92,100,110,2100,2100,2100,2100,2100,1123,5,42,147.68869768291586,0.5227000219747424,2097.034199978225,3017.606411398041
1769373962,5,,Aggregated,2.400000,0.000000,42,81,88,92,100,110,2100,2100,2100,2100,2100,1127,5,42,147.4048408145414,0.5227000219747424,2097.034199978225,3014.7240461401952
1769373963,5,,Aggregated,2.400000,0.000000,42,81,88,92,100,110,2100,2100,2100,2100,2100,1128,5,42,147.36298191312002,0.5227000219747424,2097.034199978225,3015.8156028368794
1769373964,5,,Aggregated,2.400000,0.000000,42,81,88,92,100,110,2100,2100,2100,2100,2100,1132,5,42,147.07658718901197,0.5227000219747424,2097.034199978225,3012.9134275618376
1769373965,5,,Aggregated,2.400000,0.000000,42,81,88,92,100,110,2100,2100,2100,2100,2100,1139,5,42,148.34889657411125,0.5227000219747424,2097.034199978225,3018.3318700614573
1769373966,5,,Aggregated,2.400000,0.000000,42,81,88,92,100,110,2100,2100,2100,2100,2100,1139,5,42,148.34889657411125,0.5227000219747424,2097.034199978225,3018.3318700614573
1769373967,5,,Aggregated,2.100000,0.000000,42,81,88,92,100,110,2100,2100,2100,2100,2100,1141,5,42,148.15852795611238,0.5227000219747424,2097.034199978225,3017.5451358457494
1769373968,5,,Aggregated,2.600000,0.000000,42,81,88,92,100,110,2100,2100,2100,2100,2100,1143,5,42,147.9657295694508,0.5227000219747424,2097.034199978225,3016.699912510936
1769373969,5,,Aggregated,2.400000,0.000000,42,81,88,92,100,110,2100,2100,2100,2100,2100,1144,5,42,147.86704379193716,0.5227000219747424,2097.034199978225,3026.387237762238
1769373970,5,,Aggregated,2.500000,0.000000,42,81,88,92,100,110,2100,2100,2100,2100,2100,1146,5,42,147.66876500684614,0.5227000219747424,2097.034199978225,3025.6623036649216
1769373971,5,,Aggregated,2.500000,0.000000,42,81,88,92,100,110,2100,2100,2100,2100,2100,1148,5,42,147.47485243723457,0.5227000219747424,2097.034199978225,3024.8850174216027
1769373972,5,,Aggregated,2.500000,0.000000,42,81,88,92,100,110,2100,2100,2100,2100,2100,1148,5,42,147.47485243723457,0.5227000219747424,2097.034199978225,3024.8850174216027
1769373973,5,,Aggregated,2.600000,0.000000,42,81,88,92,100,110,2100,2100,2100,2100,2100,1152,5,42,147.19876822740238,0.5227000219747424,2097.034199978225,3022.0486111111113
1769373974,5,,Aggregated,2.400000,0.000000,42,81,88,92,100,110,2100,2100,2100,2100,2100,1156,5,42,146.9189727490173,0.5227000219747424,2097.034199978225,3019.2231833910037
1769373975,5,,Aggregated,2.400000,0.000000,42,81,88,92,100,110,2100,2100,2100,2100,2100,1156,5,42,146.9189727490173,0.5227000219747424,2097.034199978225,3019.2231833910037
1769373976,5,,Aggregated,2.400000,0.000000,42,81,88,92,100,110,2100,2100,2100,2100,2100,1160,5,42,146.6363376704976,0.5227000219747424,2097.034199978225,3016.375
1769373977,5,,Aggregated,2.400000,0.000000,42,81,88,92,100,110,2100,2100,2100,2100,2100,1167,5,42,147.87252527668005,0.5227000219747424,2097.034199978225,3021.7146529562983
1769373978,5,,Aggregated,2.400000,0.000000,42,81,88,92,100,110,2100,2100,2100,2100,2100,1167,5,42,147.87252527668005,0.5227000219747424,2097.034199978225,3021.7146529562983
1769373979,5,,Aggregated,2.100000,0.000000,42,81,88,92,100,110,2100,2100,2100,2100,2100,1169,5,42,147.68538887750347,0.5227000219747424,2097.034199978225,3020.9409751924723
1769373980,5,,Aggregated,2.600000,0.000000,42,81,88,92,100,110,2100,2100,2100,2100,2100,1171,5,42,147.49050802546438,0.5227000219747424,2097.034199978225,3020.109308283518
1769373981,5,,Aggregated,2.400000,0.000000,42,81,88,92,100,110,2100,2100,2100,2100,2100,1172,5,42,147.39885963972358,0.5227000219747424,2097.034199978225,3028.602389078498
1769373982,5,,Aggregated,2.500000,0.000000,42,81,88,92,100,110,2100,2100,2100,2100,2100,1174,5,42,147.20751524520514,0.5227000219747424,2097.034199978225,3027.8850085178874
1769373983,5,,Aggregated,2.500000,0.000000,42,81,88,92,100,110,2100,2100,2100,2100,2100,1176,5,42,147.02284685187564,0.5227000219747424,2097.034199978225,3027.124149659864
1769373984,5,,Aggregated,2.500000,0.000000,42,81,88,92,100,110,2100,2100,2100,2100,2100,1176,5,42,147.02284685187564,0.5227000219747424,2097.034199978225,3027.124149659864
1769373985,5,,Aggregated,2.600000,0.000000,42,81,88,92,100,110,2100,2100,2100,2100,2100,1180,5,42,146.74692152371884,0.5227000219747424,2097.034199978225,3024.344915254237
1769373986,5,,Aggregated,2.400000,0.000000,42,81,88,92,100,110,2100,2100,2100,2100,2100,1184,5,42,146.44297288671353,0.5227000219747424,2097.034199978225,3021.5785472972975
1769373987,5,,Aggregated,2.400000,0.000000,42,81,88,92,100,110,2100,2100,2100,2100,2100,1184,5,42,146.44297288671353,0.5227000219747424,2097.034199978225,3021.5785472972975
1769373988,5,,Aggregated,2.400000,0.000000,42,81,88,92,100,110,2100,2100,2100,2100,2100,1188,5,42,146.18444216993453,0.5227000219747424,2097.034199978225,3018.790404040404
1769373989,5,,Aggregated,2.400000,0.000000,42,81,88,92,100,110,2100,2100,2100,2100,2100,1195,5,42,147.4051976552093,0.5227000219747424,2097.034199978225,3023.049372384937
1769373990,5,,Aggregated,2.400000,0.000000,42,81,88,92,100,110,2100,2100,2100,2100,2100,1195,5,42,147.4051976552093,0.5227000219747424,2097.034199978225,3023.049372384937
1769373991,5,,Aggregated,2.100000,0.000000,42,81,88,92,100,110,2100,2100,2100,2100,2100,1197,5,42,147.22284018205994,0.5227000219747424,2097.034199978225,3022.2907268170425
1769373992,5,,Aggregated,2.600000,0.000000,42,81,88,92,100,110,2100,2100,2100,2100,2100,1199,5,42,147.03760141610874,0.5227000219747424,2097.034199978225,3021.4770642201834
1769373993,5,,Aggregated,2.400000,0.000000,42,81,88,92,100,110,2100,2100,2100,2100,2100,1200,5,42,146.94985599829428,0.5227000219747424,2097.034199978225,3029.8141666666666
1769373994,5,,Aggregated,2.500000,0.000000,42,81,88,92,100,110,2100,2100,2100,2100,2100,1202,5,42,146.76971164558736,0.5227000219747424,2097.034199978225,3029.1173044925126
1769373995,5,,Aggregated,2.500000,0.000000,42,81,88,92,100,110,2100,2100,2100,2100,2100,1204,5,42,146.5881907789538,0.5227000219747424,2097.034199978225,3028.374584717608
1769373996,5,,Aggregated,2.500000,0.000000,42,81,88,92,100,110,2100,2100,2100,2100,2100,1204,5,42,146.5881907789538,0.5227000219747424,2097.034199978225,3028.374584717608
1769373997,5,,Aggregated,2.600000,0.000000,42,81,88,92,100,110,2100,2100,2100,2100,2100,1208,5,42,146.32741721683885,0.5227000219747424,2097.034199978225,3025.658940397351
1769373998,5,,Aggregated,2.400000,0.000000,42,81,88,92,100,110,2100,2100,2100,2100,2100,1212,5,42,146.06717656590905,0.5227000219747424,2097.034199978225,3022.9521452145214
1769373999,5,,Aggregated,2.400000,0.000000,42,81,88,92,100,110,2100,2100,2100,2100,2100,1212,5,42,146.06717656590905,0.5227000219747424,2097.034199978225,3022.9521452145214
1769374000,5,,Aggregated,2.400000,0.000000,42,81,88,92,100,110,2100,2100,2100,2100,2100,1216,5,42,145.81067277800972,0.5227000219747424,2097.034199978225,3020.2236842105262
1769374001,5,,Aggregated,2.400000,0.000000,42,81,88,92,100,110,2100,2100,2100,2100,2100,1223,5,42,147.00465167465964,0.5227000219747424,2097.034199978225,3024.4178250204413
1769374002,5,,Aggregated,2.400000,0.000000,42,81,88,92,100,110,2100,2100,2100,2100,2100,1223,5,42,147.00465167465964,0.5227000219747424,2097.034199978225,3024.4178250204413
1769374003,5,,Aggregated,2.100000,0.000000,42,81,88,92,100,110,2100,2100,2100,2100,2100,1225,5,42,146.82279371276346,0.5227000219747424,2097.034199978225,3023.674285714286
1769374004,5,,Aggregated,2.600000,0.000000,42,81,88,92,100,110,2100,2100,2100,2100,2100,1227,5,42,146.64074555678883,0.5227000219747424,2097.034199978225,3022.873675631622
1769374005,5,,Aggregated,2.400000,0.000000,42,81,88,92,100,110,2100,2100,2100,2100,2100,1228,5,42,146.5535972298484,0.5227000219747424,2097.034199978225,3030.935667752443
1769374006,5,,Aggregated,2.500000,0.000000,42,81,88,92,100,110,2100,2100,2100,2100,2100,1230,5,42,146.37735520188536,0.5227000219747424,2097.034199978225,3030.2495934959347
1769374007,5,,Aggregated,2.500000,0.000000,42,81,88,92,100,110,2100,2100,2100,2100,2100,1232,5,42,146.19422719015228,0.5227000219747424,2097.034199978225,3029.5186688311687
1769374008,5,,Aggregated,2.500000,0.000000,42,81,88,92,100,110,2100,2100,2100,2100,2100,1232,5,42,146.19422719015228,0.5227000219747424,2097.034199978225,3029.5186688311687
1769374009,5,,Aggregated,2.600000,0.000000,42,81,88,92,100,110,2100,2100,2100,2100,2100,1236,5,42,145.93982896313574,0.5227000219747424,2097.034199978225,3026.8600323624596
1769374010,5,,Aggregated,2.400000,0.000000,42,81,88,92,100,110,2100,2100,2100,2100,2100,1240,5,42,145.65956306318947,0.5227000219747424,2097.034199978225,3024.210483870968
1769374011,5,,Aggregated,2.400000,0.000000,42,81,88,92,100,110,2100,2100,2100,2100,2100,1240,5,42,145.65956306318947,0.5227000219747424,2097.034199978225,3024.210483870968
1769374012,5,,Aggregated,2.400000,0.000000,42,81,88,92,100,110,2100,2100,2100,2100,2100,1244,5,42,145.40477178328658,0.5227000219747424,2097.034199978225,3021.538585209003
1769374013,5,,Aggregated,2.400000,0.000000,42,81,88,92,100,110,2100,2100,2100,2100,2100,1251,5,42,146.5969764974436,0.5227000219747424,2097.034199978225,3025.438848920863
1769374014,5,,Aggregated,2.400000,0.000000,42,81,88,92,100,110,2100,2100,2100,2100,2100,1251,5,42,146.5969764974436,0.5227000219747424,2097.034199978225,3025.438848920863
1769374015,5,,Aggregated,2.100000,0.000000,42,81,88,92,100,110,2100,2100,2100,2100,2100,1253,5,42,146.4236487616084,0.5227000219747424,2097.034199978225,3024.7150837988825
1769374016,5,,Aggregated,2.600000,0.000000,42,81,88,92,100,110,2100,2100,2100,2100,2100,1255,5,42,146.24873123371017,0.5227000219747424,2097.034199978225,3023.9306772908367
1769374017,5,,Aggregated,2.400000,0.000000,42,81,88,92,100,110,2100,2100,2100,2100,2100,1256,5,42,146.1666470528306,0.5227000219747424,2097.034199978225,3031.9275477707006
1769374018,5,,Aggregated,2.500000,0.000000,42,81,88,92,100,110,2100,2100,2100,2100,2100,1258,5,42,145.99498219263188,0.5227000219747424,2097.034199978225,3031.258346581876
1769374019,5,,Aggregated,2.500000,0.000000,42,81,88,92,100,110,2100,2100,2100,2100,2100,1260,5,42,145.82367333202873,0.5227000219747424,2097.034199978225,3030.5420634920633
1769374020,5,,Aggregated,2.500000,0.000000,42,81,88,92,100,110,2100,2100,2100,2100,2100,1260,5,42,145.82367333202873,0.5227000219747424,2097.034199978225,3030.5420634920633
1769374021,5,,Aggregated,2.600000,0.000000,42,81,88,92,100,110,2100,2100,2100,2100,2100,1264,5,42,145.54978061586772,0.5227000219747424,2097.034199978225,3027.9390822784812
1769374022,5,,Aggregated,2.400000,0.000000,42,81,88,92,100,110,2100,2100,2100,2100,2100,1268,5,42,145.2804566233394,0.5227000219747424,2097.034199978225,3025.3446372239746
1769374023,5,,Aggregated,2.400000,0.000000,42,81,88,92,100,110,2100,2100,2100,2100,2100,1268,5,42,145.2804566233394,0.5227000219747424,2097.034199978225,3025.3446372239746
1769374024,5,,Aggregated,2.400000,0.000000,42,81,88,92,100,110,2100,2100,2100,2100,2100,1272,5,42,145.02853561189457,0.5227000219747424,2097.034199978225,3022.731918238994
1769374025,5,,Aggregated,2.400000,0.000000,42,81,88,92,100,110,2100,2100,2100,2100,2100,1279,5,42,146.17481243028797,0.5227000219747424,2097.034199978225,3026.7505863956217
1769374026,5,,Aggregated,2.400000,0.000000,42,81,88,92,100,110,2100,2100,2100,2100,2100,1279,5,42,146.17481243028797,0.5227000219747424,2097.034199978225,3026.7505863956217
1769374027,5,,Aggregated,2.100000,0.000000,42,81,88,92,100,110,2100,2100,2100,2100,2100,1281,5,42,146.00447049045647,0.5227000219747424,2097.034199978225,3026.0374707259953
1769374028,5,,Aggregated,2.600000,0.000000,42,81,88,92,100,110,2100,2100,2100,2100,2100,1283,5,42,145.8336112223927,0.5227000219747424,2097.034199978225,3025.2673421667964
1769374029,5,,Aggregated,2.400000,0.000000,42,81,88,92,100,110,2100,2100,2100,2100,2100,1284,5,42,145.7511180672886,0.5227000219747424,2097.034199978225,3033.0467289719627
1769374030,5,,Aggregated,2.500000,0.000000,42,81,88,92,100,110,2100,2100,2100,2100,2100,1286,5,42,145.57798887908237,0.5227000219747424,2097.034199978225,3032.391135303266
1769374031,5,,Aggregated,2.500000,0.000000,42,81,88,92,100,110,2100,2100,2100,2100,2100,1288,5,42,145.41156839943412,0.5227000219747424,2097.034199978225,3031.688664596273
1769374032,5,,Aggregated,2.500000,0.000000,42,81,88,92,100,110,2100,2100,2100,2100,2100,1288,5,42,145.41156839943412,0.5227000219747424,2097.034199978225,3031.688664596273
1769374033,5,,Aggregated,2.600000,0.000000,42,81,88,92,100,110,2100,2100,2100,2100,2100,1292,5,42,145.14925487506372,0.5227000219747424,2097.034199978225,3029.138544891641
1769374034,5,,Aggregated,2.400000,0.000000,42,81,88,92,100,110,2100,2100,2100,2100,2100,1296,5,42,144.91103603278236,0.5227000219747424,2097.034199978225,3026.596450617284
1769374035,5,,Aggregated,2.400000,0.000000,42,81,88,92,100,110,2100,2100,2100,2100,2100,1296,5,42,144.91103603278236,0.5227000219747424,2097.034199978225,3026.596450617284
1769374036,5,,Aggregated,2.400000,0.000000,42,81,88,92,100,110,2100,2100,2100,2100,2100,1300,5,42,144.66021469122586,0.5227000219747424,2097.034199978225,3024.0323076923078
1769374037,5,,Aggregated,2.400000,0.000000,42,81,88,92,100,110,2100,2100,2100,2100,2100,1307,5,42,145.8079035948982,0.5227000219747424,2097.034199978225,3027.820964039786
1769374038,5,,Aggregated,2.400000,0.000000,42,81,88,92,100,110,2100,2100,2100,2100,2100,1307,5,42,145.8079035948982,0.5227000219747424,2097.034199978225,3027.820964039786
1769374039,5,,Aggregated,2.100000,0.000000,42,81,88,92,100,110,2100,2100,2100,2100,2100,1309,5,42,145.63980336026043,0.5227000219747424,2097.034199978225,3027.123758594347
1769374040,5,,Aggregated,2.600000,0.000000,42,81,88,92,100,110,2100,2100,2100,2100,2100,1311,5,42,145.47356117357273,0.5227000219747424,2097.034199978225,3026.3684210526317
1769374041,5,,Aggregated,2.400000,0.000000,42,81,88,92,100,110,2100,2100,2100,2100,2100,1312,5,42,145.39235891655753,0.5227000219747424,2097.034199978225,3034.0518292682927
1769374042,5,,Aggregated,2.500000,0.000000,42,81,88,92,100,110,2100,2100,2100,2100,2100,1314,5,42,145.22197039456276,0.5227000219747424,2097.034199978225,3033.4048706240487
1769374043,5,,Aggregated,2.500000,0.000000,42,81,88,92,100,110,2100,2100,2100,2100,2100,1316,5,42,145.06021853979382,0.5227000219747424,2097.034199978225,3032.718844984802
1769374044,5,,Aggregated,2.500000,0.000000,42,81,88,92,100,110,2100,2100,2100,2100,2100,1316,5,42,145.06021853979382,0.5227000219747424,2097.034199978225,3032.718844984802
1769374045,5,,Aggregated,2.600000,0.000000,42,81,88,92,100,110,2100,2100,2100,2100,2100,1320,5,42,144.82889795335447,0.5227000219747424,2097.034199978225,3030.2204545454547
1769374047,5,,Aggregated,2.400000,0.000000,42,81,88,92,100,110,2100,2100,2100,2100,2100,1324,5,42,144.56952658485062,0.5227000219747424,2097.034199978225,3027.7288519637464
1769374048,5,,Aggregated,2.400000,0.000000,42,81,88,92,100,110,2100,2100,2100,2100,2100,1324,5,42,144.56952658485062,0.5227000219747424,2097.034199978225,3027.7288519637464
1769374049,5,,Aggregated,2.400000,0.000000,42,81,88,92,100,110,2100,2100,2100,2100,2100,1328,5,42,144.33194216742623,0.5227000219747424,2097.034199978225,3025.219126506024
1769374050,5,,Aggregated,2.400000,0.000000,42,81,88,92,100,110,2100,2100,2100,2100,2100,1335,5,42,145.4390549052102,0.5227000219747424,2097.034199978225,3029.083895131086
1769374051,5,,Aggregated,2.400000,0.000000,42,81,88,92,100,110,2100,2100,2100,2100,2100,1335,5,42,145.4390549052102,0.5227000219747424,2097.034199978225,3029.083895131086
1769374052,5,,Aggregated,2.100000,0.000000,42,81,88,92,100,110,2100,2100,2100,2100,2100,1337,5,42,145.2747574407801,0.5227000219747424,2097.034199978225,3028.3956619296932
1769374053,5,,Aggregated,2.600000,0.000000,42,81,88,92,100,110,2100,2100,2100,2100,2100,1339,5,42,145.11634361331335,0.5227000219747424,2097.034199978225,3027.657206870799
1769374054,5,,Aggregated,2.400000,0.000000,42,81,88,92,100,110,2100,2100,2100,2100,2100,1340,5,42,145.0355035808014,0.5227000219747424,2097.034199978225,3035.966417910448
1769374055,5,,Aggregated,2.500000,0.000000,42,81,88,92,100,110,2100,2100,2100,2100,2100,1343,5,42,144.80300789152162,0.5227000219747424,2097.034199978225,3034.9128816083394
1769374056,5,,Aggregated,2.500000,0.000000,42,81,88,92,100,110,2100,2100,2100,2100,2100,1344,5,42,144.7192081832327,0.5227000219747424,2097.034199978225,3034.6525297619046
1769374057,5,,Aggregated,2.600000,0.000000,42,81,88,92,100,110,2100,2100,2100,2100,2100,1346,5,42,144.5550341741182,0.5227000219747424,2097.034199978225,3032.4494799405647
1769374058,5,,Aggregated,2.400000,0.000000,42,81,88,92,100,110,2100,2100,2100,2100,2100,1350,5,42,144.31244910979228,0.5227000219747424,2097.034199978225,3029.9992592592594
1769374059,5,,Aggregated,2.400000,0.000000,42,81,88,92,100,110,2100,2100,2100,2100,2100,1352,5,42,144.24565532410065,0.5227000219747424,2097.034199978225,3029.753698224852
1769374060,5,,Aggregated,2.400000,0.000000,42,81,88,92,100,110,2100,2100,2100,2100,2100,1354,5,42,144.07629630587888,0.5227000219747424,2097.034199978225,3027.5310192023635
1769374061,5,,Aggregated,2.400000,0.000000,42,81,88,92,100,110,2100,2100,2100,2100,2100,1358,5,42,143.84667319451378,0.5227000219747424,2097.034199978225,3025.086892488954
1769374062,5,,Aggregated,2.400000,0.000000,42,81,88,92,100,110,2100,2100,2100,2100,2100,1363,5,42,145.0976711653121,0.5227000219747424,2097.034199978225,3031.020542920029
1769374063,5,,Aggregated,2.100000,0.000000,42,81,88,92,100,110,2100,2100,2100,2100,2100,1365,5,42,144.93870043832018,0.5227000219747424,2097.034199978225,3030.339194139194
1769374064,5,,Aggregated,2.600000,0.000000,42,81,88,92,100,110,2100,2100,2100,2100,2100,1367,5,42,144.7784521567772,0.5227000219747424,2097.034199978225,3029.6137527432334
1769374065,5,,Aggregated,2.400000,0.000000,42,81,88,92,100,110,2100,2100,2100,2100,2100,1368,5,42,144.70130146078748,0.5227000219747424,2097.034199978225,3037.690058479532
1769374066,5,,Aggregated,2.500000,0.000000,42,81,88,92,100,110,2100,2100,2100,2100,2100,1370,5,42,144.54871620320083,0.5227000219747424,2097.034199978225,3037.0620437956204
1769374067,5,,Aggregated,2.500000,0.000000,42,81,88,92,100,110,2100,2100,2100,2100,2100,1372,5,42,144.3914534244415,0.5227000219747424,2097.034199978225,3036.3950437317785
1769374068,5,,Aggregated,2.500000,0.000000,42,81,88,92,100,110,2100,2100,2100,2100,2100,1372,5,42,144.3914534244415,0.5227000219747424,2097.034199978225,3036.3950437317785
1769374069,5,,Aggregated,2.600000,0.000000,42,81,88,92,100,110,2100,2100,2100,2100,2100,1375,5,42,144.20087978057563,0.5227000219747424,2097.034199978225,3033.1032727272727
1769374070,5,,Aggregated,2.400000,0.000000,42,81,88,92,100,110,2100,2100,2100,2100,2100,1379,5,42,143.97401943307457,0.5227000219747424,2097.034199978225,3030.7026831036983
1769374071,5,,Aggregated,2.400000,0.000000,42,81,88,92,100,110,2100,2100,2100,2100,2100,1380,5,42,143.929710071129,0.5227000219747424,2097.034199978225,3031.5833333333335
1769374072,5,,Aggregated,2.400000,0.000000,42,81,88,92,100,110,2100,2100,2100,2100,2100,1383,5,42,143.72750354160718,0.5227000219747424,2097.034199978225,3028.280549530007
1769374073,5,,Aggregated,2.400000,0.000000,42,81,88,92,100,110,2100,2100,2100,2100,2100,1388,5,42,143.44191512828343,0.5227000219747424,2097.034199978225,3024.773054755043
1769374074,5,,Aggregated,2.400000,0.000000,42,81,88,92,100,110,2100,2100,2100,2100,2100,1391,5,42,144.7435567923102,0.5227000219747424,2097.034199978225,3033.4615384615386
1769374075,5,,Aggregated,2.100000,0.000000,42,81,88,92,100,110,2100,2100,2100,2100,2100,1393,5,42,144.59170136266113,0.5227000219747424,2097.034199978225,3032.7982770997846
1769374076,5,,Aggregated,2.600000,0.000000,42,81,88,92,100,110,2100,2100,2100,2100,2100,1395,5,42,144.4358362711125,0.5227000219747424,2097.034199978225,3032.0867383512546
1769374077,5,,Aggregated,2.400000,0.000000,42,81,88,92,100,110,2100,2100,2100,2100,2100,1396,5,42,144.3610427637463,0.5227000219747424,2097.034199978225,3040.6712034383954
1769374078,5,,Aggregated,2.500000,0.000000,42,81,88,92,100,110,2100,2100,2100,2100,2100,1398,5,42,144.20784656518006,0.5227000219747424,2097.034199978225,3040.0536480686696
1769374079,5,,Aggregated,2.500000,0.000000,42,81,88,92,100,110,2100,2100,2100,2100,2100,1400,5,42,144.05641485579378,0.5227000219747424,2097.034199978225,3039.397142857143
1769374080,5,,Aggregated,2.500000,0.000000,42,81,88,92,100,110,2100,2100,2100,2100,2100,1400,5,42,144.05641485579378,0.5227000219747424,2097.034199978225,3039.397142857143
1769374081,5,,Aggregated,2.600000,0.000000,42,81,88,92,100,110,2100,2100,2100,2100,2100,1404,5,42,143.83847478495585,0.5227000219747424,2097.034199978225,3037.02849002849
1769374082,5,,Aggregated,2.400000,0.000000,42,81,88,92,100,110,2100,2100,2100,2100,2100,1408,5,42,143.6116899843579,0.5227000219747424,2097.034199978225,3034.666193181818
1769374083,5,,Aggregated,2.400000,0.000000,42,81,88,92,100,110,2100,2100,2100,2100,2100,1408,5,42,143.6116899843579,0.5227000219747424,2097.034199978225,3034.666193181818
1769374084,5,,Aggregated,2.400000,0.000000,42,81,88,92,100,110,2100,2100,2100,2100,2100,1411,5,42,143.47211119623472,0.5227000219747424,2097.034199978225,3032.710134656272
1769374085,5,,Aggregated,2.400000,0.000000,42,81,88,92,100,110,2100,2100,2100,2100,2100,1417,5,42,144.5807069145674,0.5227000219747424,2097.034199978225,3037.2851093860268
1769374086,5,,Aggregated,1.700000,0.000000,42,81,88,92,100,110,2100,2100,2100,2100,2100,1418,5,42,145.95025937793426,0.5227000219747424,2097.034199978225,3036.8596614950634
1769374087,5,,Aggregated,2.000000,0.000000,42,81,88,92,100,110,2100,2100,2100,2100,2100,1420,5,42,147.2377074633161,0.5227000219747424,2097.034199978225,3036.1957746478874
1769374088,5,,Aggregated,2.400000,0.000000,42,81,88,92,100,110,2100,2100,2100,2100,2100,1421,5,42,147.16316516383995,0.5227000219747424,2097.034199978225,3035.9127375087965
1769374089,5,,Aggregated,2.300000,0.000000,42,81,88,92,100,110,2100,2100,2100,2100,2100,1423,5,42,148.44669564144434,0.5227000219747424,2097.034199978225,3042.4659170765985
1769374090,5,,Aggregated,2.400000,0.000000,42,81,88,92,100,110,2100,2100,2100,2100,2100,1426,5,42,149.6500848511823,0.5227000219747424,2097.034199978225,3041.427769985975
1769374091,5,,Aggregated,2.300000,0.000000,42,81,88,92,100,110,2100,2100,2100,2100,2100,1428,5,42,149.49245441025735,0.5227000219747424,2097.034199978225,3040.78081232493
1769374092,5,,Aggregated,2.300000,0.000000,42,81,88,92,100,110,2100,2100,2100,2100,2100,1428,5,42,149.49245441025735,0.5227000219747424,2097.034199978225,3040.78081232493
1769374093,5,,Aggregated,2.600000,0.000000,42,81,88,92,100,110,2100,2100,2100,2100,2100,1432,5,42,149.25363847610927,0.5227000219747424,2097.034199978225,3038.45530726257
1769374094,4,,Aggregated,2.400000,0.000000,42,81,88,92,100,110,2100,2100,2100,2100,2100,1436,5,42,149.01335006811615,0.5227000219747424,2097.034199978225,3036.135097493036
1769374095,3,,Aggregated,2.400000,0.000000,42,81,88,92,100,110,2100,2100,2100,2100,2100,1436,5,42,149.01335006811615,0.5227000219747424,2097.034199978225,3036.135097493036
1769374096,3,,Aggregated,2.400000,0.000000,42,81,88,92,100,110,2100,2100,2100,2100,2100,1439,5,42,148.87030305625007,0.5227000219747424,2097.034199978225,3034.2140375260597
1769374097,3,,Aggregated,2.500000,0.000000,42,81,88,92,100,110,2100,2100,2100,2100,2100,1443,5,42,150.05621046277392,0.5227000219747424,2097.034199978225,3039.4913374913376
1769374098,3,,Aggregated,2.500000,0.000000,42,81,88,92,100,110,2100,2100,2100,2100,2100,1443,5,42,150.05621046277392,0.5227000219747424,2097.034199978225,3039.4913374913376
1769374099,3,,Aggregated,2.100000,0.000000,42,81,88,92,100,110,2100,2100,2100,2100,2100,1444,5,42,149.97707949985153,0.5227000219747424,2097.034199978225,3039.0858725761773
1769374100,3,,Aggregated,2.300000,0.000000,42,81,88,92,100,110,2100,2100,2100,2100,2100,1445,5,42,149.90334055204409,0.5227000219747424,2097.034199978225,3038.806228373702
1769374101,3,,Aggregated,2.200000,0.000000,42,81,88,92,100,110,2100,2100,2100,2100,2100,1446,5,42,149.82758755029218,0.5227000219747424,2097.034199978225,3046.5650069156295
1769374102,3,,Aggregated,2.100000,0.000000,42,81,88,92,100,110,2100,2100,2100,2100,2100,1447,5,42,149.74730960450648,0.5227000219747424,2097.034199978225,3046.353144436766
1769374103,3,,Aggregated,1.900000,0.000000,42,81,88,92,100,110,2100,2100,2100,2100,2100,1448,5,42,149.66915227737772,0.5227000219747424,2097.034199978225,3045.9585635359117
1769374104,3,,Aggregated,1.900000,0.000000,42,81,88,92,100,110,2100,2100,2100,2100,2100,1448,5,42,149.66915227737772,0.5227000219747424,2097.034199978225,3045.9585635359117
1769374105,3,,Aggregated,1.900000,0.000000,42,81,88,92,100,110,2100,2100,2100,2100,2100,1449,5,42,149.59609530544137,0.5227000219747424,2097.034199978225,3045.573498964803
1769374106,3,,Aggregated,1.600000,0.000000,42,81,88,92,100,110,2100,2100,2100,2100,2100,1452,5,42,149.45311528768778,0.5227000219747424,2097.034199978225,3043.650137741047
1769374107,3,,Aggregated,1.600000,0.000000,42,81,88,92,100,110,2100,2100,2100,2100,2100,1452,5,42,149.45311528768778,0.5227000219747424,2097.034199978225,3043.650137741047
1769374108,3,,Aggregated,1.300000,0.000000,42,81,88,92,100,110,2100,2100,2100,2100,2100,1455,5,42,149.30562391593938,0.5227000219747424,2097.034199978225,3041.73470790378
1769374109,3,,Aggregated,1.300000,0.000000,42,82,88,93,100,110,2100,2100,2100,2100,2100,1459,5,42,150.47562426165823,0.5227000219747424,2097.034199978225,3046.2686771761482
1769374110,3,,Aggregated,1.300000,0.000000,42,82,88,93,100,110,2100,2100,2100,2100,2100,1459,5,42,150.47562426165823,0.5227000219747424,2097.034199978225,3046.2686771761482
1769374111,3,,Aggregated,1.200000,0.000000,42,82,88,93,100,110,2100,2100,2100,2100,2100,1460,5,42,150.4006284915791,0.5227000219747424,2097.034199978225,3045.863698630137
1769374112,3,,Aggregated,1.500000,0.000000,42,82,88,92,100,110,2100,2100,2100,2100,2100,1461,5,42,150.32512881427502,0.5227000219747424,2097.034199978225,3045.5824777549624
1769374113,3,,Aggregated,1.400000,0.000000,42,81,88,92,100,110,2100,2100,2100,2100,2100,1462,5,42,150.24901744027312,0.5227000219747424,2097.034199978225,3052.516415868673
1769374114,3,,Aggregated,1.400000,0.000000,42,81,88,92,100,110,2100,2100,2100,2100,2100,1463,5,42,150.17449733269956,0.5227000219747424,2097.034199978225,3052.304169514696
1769374115,3,,Aggregated,1.400000,0.000000,42,81,88,92,100,110,2100,2100,2100,2100,2100,1464,5,42,150.0994842880389,0.5227000219747424,2097.034199978225,3051.909836065574
1769374116,3,,Aggregated,1.400000,0.000000,42,81,88,92,100,110,2100,2100,2100,2100,2100,1464,5,42,150.0994842880389,0.5227000219747424,2097.034199978225,3051.909836065574
1769374117,3,,Aggregated,1.500000,0.000000,42,81,88,92,100,110,2100,2100,2100,2100,2100,1465,5,42,150.02510409393753,0.5227000219747424,2097.034199978225,3051.522866894198
1769374118,3,,Aggregated,1.500000,0.000000,42,81,88,93,100,110,2100,2100,2100,2100,2100,1468,5,42,149.88109550254205,0.5227000219747424,2097.034199978225,3049.608310626703
1769374119,3,,Aggregated,1.500000,0.000000,42,81,88,93,100,110,2100,2100,2100,2100,2100,1468,5,42,149.88109550254205,0.5227000219747424,2097.034199978225,3049.608310626703
1769374120,3,,Aggregated,1.300000,0.000000,42,82,88,93,100,110,2100,2100,2100,2100,2100,1471,5,42,149.7325386116338,0.5227000219747424,2097.034199978225,3047.7015635622024
1769374121,3,,Aggregated,1.300000,0.000000,42,82,88,93,100,110,2100,2100,2100,2100,2100,1475,5,42,150.88495959172624,0.5227000219747424,2097.034199978225,3051.437966101695
1769374122,3,,Aggregated,1.300000,0.000000,42,82,88,93,100,110,2100,2100,2100,2100,2100,1475,5,42,150.88495959172624,0.5227000219747424,2097.034199978225,3051.437966101695
1769374123,3,,Aggregated,1.200000,0.000000,42,82,88,93,100,110,2100,2100,2100,2100,2100,1476,5,42,150.8101126001479,0.5227000219747424,2097.034199978225,3051.033197831978
1769374124,3,,Aggregated,1.500000,0.000000,42,82,88,93,100,110,2100,2100,2100,2100,2100,1477,5,42,150.73456959907702,0.5227000219747424,2097.034199978225,3050.75423155044
1769374125,3,,Aggregated,1.400000,0.000000,42,82,88,93,100,110,2100,2100,2100,2100,2100,1478,5,42,150.66099039096818,0.5227000219747424,2097.034199978225,3056.706359945873
1769374126,3,,Aggregated,1.400000,0.000000,42,82,88,93,100,110,2100,2100,2100,2100,2100,1479,5,42,150.58759289916145,0.5227000219747424,2097.034199978225,3056.491548343475
1769374127,3,,Aggregated,1.400000,0.000000,42,82,88,93,100,110,2100,2100,2100,2100,2100,1480,5,42,150.5127493904847,0.5227000219747424,2097.034199978225,3056.0986486486486
1769374128,3,,Aggregated,1.400000,0.000000,42,82,88,93,100,110,2100,2100,2100,2100,2100,1480,5,42,150.5127493904847,0.5227000219747424,2097.034199978225,3056.0986486486486
1769374129,3,,Aggregated,1.500000,0.000000,42,82,88,93,100,110,2100,2100,2100,2100,2100,1481,5,42,150.43881944485088,0.5227000219747424,2097.034199978225,3055.715732613099
1769374130,3,,Aggregated,1.500000,0.000000,42,82,88,93,100,110,2100,2100,2100,2100,2100,1484,5,42,150.28082661578907,0.5227000219747424,2097.034199978225,3053.8133423180593
1769374131,3,,Aggregated,1.500000,0.000000,42,82,88,93,100,110,2100,2100,2100,2100,2100,1484,5,42,150.28082661578907,0.5227000219747424,2097.034199978225,3053.8133423180593
1769374132,3,,Aggregated,1.300000,0.000000,42,82,88,93,100,110,2100,2100,2100,2100,2100,1487,5,42,150.12371089290977,0.5227000219747424,2097.034199978225,3051.9186281102893
1769374133,3,,Aggregated,1.300000,0.000000,42,82,88,93,100,110,2100,2100,2100,2100,2100,1491,5,42,151.27850160816914,0.5227000219747424,2097.034199978225,3054.7116029510394
1769374134,3,,Aggregated,1.300000,0.000000,42,82,88,93,100,110,2100,2100,2100,2100,2100,1491,5,42,151.27850160816914,0.5227000219747424,2097.034199978225,3054.7116029510394
1769374135,3,,Aggregated,1.200000,0.000000,42,82,88,93,100,110,2100,2100,2100,2100,2100,1492,5,42,151.2035961781289,0.5227000219747424,2097.034199978225,3054.308981233244
1769374136,3,,Aggregated,1.500000,0.000000,42,82,88,93,100,110,2100,2100,2100,2100,2100,1493,5,42,151.12874989802665,0.5227000219747424,2097.034199978225,3054.030810448761
1769374137,3,,Aggregated,1.400000,0.000000,42,82,88,93,100,110,2100,2100,2100,2100,2100,1494,5,42,151.05468808415245,0.5227000219747424,2097.034199978225,3059.119812583668
1769374138,3,,Aggregated,1.400000,0.000000,42,82,88,93,100,110,2100,2100,2100,2100,2100,1495,5,42,150.98124963058513,0.5227000219747424,2097.034199978225,3058.9090301003343
1769374139,3,,Aggregated,1.400000,0.000000,42,82,88,93,100,110,2100,2100,2100,2100,2100,1496,5,42,150.90715895574365,0.5227000219747424,2097.034199978225,3058.519385026738
1769374140,3,,Aggregated,1.400000,0.000000,42,82,88,93,100,110,2100,2100,2100,2100,2100,1496,5,42,150.90715895574365,0.5227000219747424,2097.034199978225,3058.519385026738
1769374141,3,,Aggregated,1.500000,0.000000,42,82,88,93,100,110,2100,2100,2100,2100,2100,1497,5,42,150.83365223633962,0.5227000219747424,2097.034199978225,3058.138276553106
1769374142,3,,Aggregated,1.500000,0.000000,42,82,88,93,100,110,2100,2100,2100,2100,2100,1500,5,42,150.67819446511567,0.5227000219747424,2097.034199978225,3056.251333333333
1769374143,3,,Aggregated,1.500000,0.000000,42,82,88,93,100,110,2100,2100,2100,2100,2100,1500,5,42,150.67819446511567,0.5227000219747424,2097.034199978225,3056.251333333333
1769374144,3,,Aggregated,1.300000,0.000000,42,82,88,93,100,110,2100,2100,2100,2100,2100,1503,5,42,150.52193153535865,0.5227000219747424,2097.034199978225,3054.371922821025
1769374145,3,,Aggregated,1.300000,0.000000,42,82,89,93,100,110,2100,2100,2100,2100,2100,1507,5,42,151.6535788306048,0.5227000219747424,2097.034199978225,3056.3357664233577
1769374146,3,,Aggregated,1.300000,0.000000,42,82,89,93,100,110,2100,2100,2100,2100,2100,1507,5,42,151.6535788306048,0.5227000219747424,2097.034199978225,3056.3357664233577
1769374147,3,,Aggregated,1.200000,0.000000,42,82,89,93,100,110,2100,2100,2100,2100,2100,1508,5,42,151.57955828763852,0.5227000219747424,2097.034199978225,3055.93700265252
1769374148,3,,Aggregated,1.500000,0.000000,42,82,88,93,100,110,2100,2100,2100,2100,2100,1509,5,42,151.5070157705123,0.5227000219747424,2097.034199978225,3055.660702451955
1769374149,3,,Aggregated,1.400000,0.000000,42,82,88,93,100,110,2100,2100,2100,2100,2100,1510,5,42,151.4331772832496,0.5227000219747424,2097.034199978225,3059.9311258278144
1769374150,3,,Aggregated,1.400000,0.000000,42,82,88,93,100,110,2100,2100,2100,2100,2100,1511,5,42,151.356847648981,0.5227000219747424,2097.034199978225,3059.7220383851754
1769374151,3,,Aggregated,1.400000,0.000000,42,82,88,93,100,110,2100,2100,2100,2100,2100,1512,5,42,151.27785542168934,0.5227000219747424,2097.034199978225,3059.3353174603176
1769374152,3,,Aggregated,1.400000,0.000000,42,82,88,93,100,110,2100,2100,2100,2100,2100,1512,5,42,151.27785542168934,0.5227000219747424,2097.034199978225,3059.3353174603176
1769374153,3,,Aggregated,1.500000,0.000000,42,82,88,93,100,110,2100,2100,2100,2100,2100,1513,5,42,151.20459913920305,0.5227000219747424,2097.034199978225,3058.957699933906
1769374154,3,,Aggregated,1.500000,0.000000,42,82,89,93,100,110,2100,2100,2100,2100,2100,1516,5,42,151.0619310011576,0.5227000219747424,2097.034199978225,3057.0890501319263
1769374155,3,,Aggregated,1.500000,0.000000,42,82,89,93,100,110,2100,2100,2100,2100,2100,1516,5,42,151.0619310011576,0.5227000219747424,2097.034199978225,3057.0890501319263
1769374156,3,,Aggregated,1.300000,0.000000,42,82,89,93,100,110,2100,2100,2100,2100,2100,1519,5,42,150.94971961678706,0.5227000219747424,2097.034199978225,3055.2277814351546
1769374157,3,,Aggregated,1.300000,0.000000,42,82,89,93,100,110,2100,2100,2100,2100,2100,1523,5,42,152.0972548904037,0.5227000219747424,2097.6521000266075,3056.4116874589627
1769374158,3,,Aggregated,1.300000,0.000000,42,82,89,93,100,110,2100,2100,2100,2100,2100,1523,5,42,152.0972548904037,0.5227000219747424,2097.6521000266075,3056.4116874589627
1769374160,3,,Aggregated,1.200000,0.000000,42,82,89,93,100,110,2100,2100,2100,2100,2100,1524,5,42,152.03708418512966,0.5227000219747424,2097.6521000266075,3056.016404199475
1769374161,3,,Aggregated,1.500000,0.000000,42,82,89,93,100,110,2100,2100,2100,2100,2100,1525,5,42,151.96974458890494,0.5227000219747424,2097.6521000266075,3055.7403278688525
1769374162,3,,Aggregated,1.400000,0.000000,42,82,89,93,100,110,2100,2100,2100,2100,2100,1526,5,42,151.91408538533898,0.5227000219747424,2097.6521000266075,3059.2844036697247
1769374163,3,,Aggregated,1.400000,0.000000,42,82,89,93,100,110,2100,2100,2100,2100,2100,1527,5,42,151.8405907649087,0.5227000219747424,2097.6521000266075,3059.0779305828423
1769374164,3,,Aggregated,1.400000,0.000000,42,82,89,93,100,110,2100,2100,2100,2100,2100,1528,5,42,151.77970052226226,0.5227000219747424,2097.6521000266075,3058.6956806282724
1769374165,3,,Aggregated,1.400000,0.000000,42,82,89,93,100,110,2100,2100,2100,2100,2100,1528,5,42,151.77970052226226,0.5227000219747424,2097.6521000266075,3058.6956806282724
1769374166,3,,Aggregated,1.500000,0.000000,42,82,89,93,100,110,2100,2100,2100,2100,2100,1529,5,42,151.72407684629653,0.5227000219747424,2097.6521000266075,3058.3230869849576
1769374167,3,,Aggregated,1.500000,0.000000,42,82,89,93,100,110,2100,2100,2100,2100,2100,1532,5,42,151.61790757050358,0.5227000219747424,2097.6521000266075,3056.475195822454
1769374168,3,,Aggregated,1.500000,0.000000,42,82,89,93,100,110,2100,2100,2100,2100,2100,1532,5,42,151.61790757050358,0.5227000219747424,2097.6521000266075,3056.475195822454
1769374169,3,,Aggregated,1.300000,0.000000,42,82,89,93,100,110,2100,2100,2100,2100,2100,1535,5,42,151.51249478709147,0.5227000219747424,2097.6521000266075,3054.634527687296
1769374170,3,,Aggregated,1.300000,0.000000,42,82,89,93,100,120,2100,2100,2100,2100,2100,1539,5,42,152.63704262388526,0.5227000219747424,2097.6521000266075,3055.1345029239765
1769374171,3,,Aggregated,1.300000,0.000000,42,82,89,93,100,120,2100,2100,2100,2100,2100,1539,5,42,152.63704262388526,0.5227000219747424,2097.6521000266075,3055.1345029239765
1769374172,3,,Aggregated,1.200000,0.000000,42,82,89,93,100,120,2100,2100,2100,2100,2100,1540,5,42,152.58463551827055,0.5227000219747424,2097.6521000266075,3054.7448051948054
1769374173,3,,Aggregated,1.400000,0.000000,42,82,89,93,100,110,2100,2100,2100,2100,2100,1542,5,42,152.44788981724383,0.5227000219747424,2097.6521000266075,3057.8398184176394
1769374174,3,,Aggregated,1.400000,0.000000,42,82,89,93,100,110,2100,2100,2100,2100,2100,1543,5,42,152.38228502800436,0.5227000219747424,2097.6521000266075,3057.6331821127674
1769374175,3,,Aggregated,1.400000,0.000000,42,82,89,93,100,110,2100,2100,2100,2100,2100,1544,5,42,152.32986800405473,0.5227000219747424,2097.6521000266075,3057.255829015544
1769374176,3,,Aggregated,1.400000,0.000000,42,82,89,93,100,110,2100,2100,2100,2100,2100,1544,5,42,152.32986800405473,0.5227000219747424,2097.6521000266075,3057.255829015544
1769374177,3,,Aggregated,1.500000,0.000000,42,82,89,93,100,110,2100,2100,2100,2100,2100,1545,5,42,152.262595597531,0.5227000219747424,2097.6521000266075,3056.8873786407767
1769374178,3,,Aggregated,1.500000,0.000000,42,82,89,93,100,110,2100,2100,2100,2100,2100,1546,5,42,152.19661532872612,0.5227000219747424,2097.6521000266075,3055.3085381630012
1769374179,3,,Aggregated,1.500000,0.000000,42,82,89,93,100,120,2100,2100,2100,2100,2100,1548,5,42,152.15650768616678,0.5227000219747424,2097.6521000266075,3055.0613695090437
1769374180,3,,Aggregated,1.300000,0.000000,42,82,89,93,100,120,2100,2100,2100,2100,2100,1549,5,42,152.09251323313825,0.5227000219747424,2097.6521000266075,3053.4867656552615
1769374181,3,,Aggregated,1.300000,0.000000,42,82,89,93,100,120,2100,2100,2100,2100,2100,1552,5,42,152.00595760193818,0.5227000219747424,2097.6521000266075,3052.851804123711
1769374182,3,,Aggregated,1.300000,0.000000,42,82,89,93,100,120,2100,2100,2100,2100,2100,1555,5,42,153.18340025617593,0.5227000219747424,2097.6521000266075,3053.5987138263667
1769374183,3,,Aggregated,1.200000,0.000000,42,82,89,93,100,120,2100,2100,2100,2100,2100,1556,5,42,153.119148777805,0.5227000219747424,2097.6521000266075,3053.2088688946014
1769374184,3,,Aggregated,1.500000,0.000000,42,82,89,93,100,120,2100,2100,2100,2100,2100,1557,5,42,153.0545641607279,0.5227000219747424,2097.6521000266075,3052.9396274887604
1769374185,3,,Aggregated,1.400000,0.000000,42,82,89,93,100,120,2100,2100,2100,2100,2100,1558,5,42,153.00072284870564,0.5227000219747424,2097.6521000266075,3055.6309370988447
1769374186,3,,Aggregated,1.400000,0.000000,42,82,89,93,100,120,2100,2100,2100,2100,2100,1559,5,42,152.9405883247107,0.5227000219747424,2097.6521000266075,3055.427196921103
1769374187,3,,Aggregated,1.400000,0.000000,42,82,89,93,100,120,2100,2100,2100,2100,2100,1560,5,42,152.87286172962735,0.5227000219747424,2097.6521000266075,3055.0551282051283
1769374188,3,,Aggregated,1.400000,0.000000,42,82,89,93,100,120,2100,2100,2100,2100,2100,1560,5,42,152.87286172962735,0.5227000219747424,2097.6521000266075,3055.0551282051283
1769374189,3,,Aggregated,1.500000,0.000000,42,82,89,93,100,120,2100,2100,2100,2100,2100,1561,5,42,152.804144841907,0.5227000219747424,2097.6521000266075,3054.6899423446507
1769374190,3,,Aggregated,1.500000,0.000000,42,82,89,93,100,120,2100,2100,2100,2100,2100,1563,5,42,152.7092621229876,0.5227000219747424,2097.6521000266075,3052.1234804862443
1769374191,3,,Aggregated,1.500000,0.000000,42,82,89,93,100,120,2100,2100,2100,2100,2100,1564,5,42,152.68177883517916,0.5227000219747424,2097.6521000266075,3052.8868286445013
1769374192,3,,Aggregated,1.300000,0.000000,42,82,89,93,100,120,2100,2100,2100,2100,2100,1566,5,42,152.5780681981158,0.5227000219747424,2097.6521000266075,3050.3275862068967
1769374193,3,,Aggregated,1.300000,0.000000,42,82,89,93,100,120,2100,2100,2100,2100,2100,1569,5,42,152.47678757055175,0.5227000219747424,2097.6521000266075,3049.7055449330783
1769374194,3,,Aggregated,1.300000,0.000000,42,82,89,93,100,130,2100,2100,2100,2100,2100,1571,5,42,153.68169694354924,0.5227000219747424,2097.6521000266075,3050.8115849777214
1769374195,3,,Aggregated,1.200000,0.000000,42,82,89,93,100,130,2100,2100,2100,2100,2100,1572,5,42,153.6163510803581,0.5227000219747424,2097.6521000266075,3050.4325699745546
1769374196,3,,Aggregated,1.500000,0.000000,42,82,89,93,100,130,2100,2100,2100,2100,2100,1573,5,42,153.547585949326,0.5227000219747424,2097.6521000266075,3050.1710108073744
1769374197,3,,Aggregated,1.400000,0.000000,42,82,89,93,100,130,2100,2100,2100,2100,2100,1574,5,42,153.49189205739523,0.5227000219747424,2097.6521000266075,3052.800508259212
1769374198,3,,Aggregated,1.400000,0.000000,42,82,89,93,100,130,2100,2100,2100,2100,2100,1575,5,42,153.42358437987664,0.5227000219747424,2097.6521000266075,3052.6031746031745
1769374199,3,,Aggregated,1.400000,0.000000,42,82,89,93,100,130,2100,2100,2100,2100,2100,1576,5,42,153.35526370454042,0.5227000219747424,2097.6521000266075,3052.2366751269037
1769374200,3,,Aggregated,1.400000,0.000000,42,82,89,93,100,130,2100,2100,2100,2100,2100,1576,5,42,153.35526370454042,0.5227000219747424,2097.6521000266075,3052.2366751269037
1769374201,3,,Aggregated,1.500000,0.000000,42,82,89,93,100,130,2100,2100,2100,2100,2100,1577,5,42,153.29565174275857,0.5227000219747424,2097.6521000266075,3051.8776157260622
1769374202,3,,Aggregated,1.500000,0.000000,42,82,89,94,100,130,2100,2100,2100,2100,2100,1580,5,42,153.16866645464214,0.5227000219747424,2097.6521000266075,3050.0981012658226
1769374203,3,,Aggregated,1.500000,0.000000,42,82,89,94,100,130,2100,2100,2100,2100,2100,1580,5,42,153.16866645464214,0.5227000219747424,2097.6521000266075,3050.0981012658226
1769374204,3,,Aggregated,1.300000,0.000000,42,82,89,94,100,130,2100,2100,2100,2100,2100,1583,5,42,153.05358597500438,0.5227000219747424,2097.6521000266075,3048.325331648768
1769374205,3,,Aggregated,1.300000,0.000000,42,82,89,94,100,130,2100,2100,2100,2100,2100,1587,5,42,154.16067725173053,0.5227000219747424,2097.6521000266075,3048.022684310019
1769374206,3,,Aggregated,1.300000,0.000000,42,82,89,94,100,130,2100,2100,2100,2100,2100,1587,5,42,154.16067725173053,0.5227000219747424,2097.6521000266075,3048.022684310019
1769374207,3,,Aggregated,1.200000,0.000000,42,82,89,94,100,130,2100,2100,2100,2100,2100,1588,5,42,154.09645516276115,0.5227000219747424,2097.6521000266075,3047.6486146095717
1769374208,3,,Aggregated,1.500000,0.000000,42,82,89,94,100,130,2100,2100,2100,2100,2100,1589,5,42,154.02848797890167,0.5227000219747424,2097.6521000266075,3047.3882945248583
1769374209,3,,Aggregated,1.400000,0.000000,42,82,89,94,100,130,2100,2100,2100,2100,2100,1590,5,42,153.97705326944813,0.5227000219747424,2097.6521000266075,3049.3169811320754
1769374210,3,,Aggregated,1.400000,0.000000,42,82,89,94,100,130,2100,2100,2100,2100,2100,1591,5,42,153.9104336885575,0.5227000219747424,2097.6521000266075,3049.125078566939
1769374211,3,,Aggregated,1.400000,0.000000,42,82,89,94,100,130,2100,2100,2100,2100,2100,1592,5,42,153.839599936247,0.5227000219747424,2097.6521000266075,3048.764447236181
1769374212,3,,Aggregated,1.400000,0.000000,42,82,89,94,100,130,2100,2100,2100,2100,2100,1592,5,42,153.839599936247,0.5227000219747424,2097.6521000266075,3048.764447236181
1769374213,3,,Aggregated,1.500000,0.000000,42,82,89,94,100,130,2100,2100,2100,2100,2100,1593,5,42,153.77750012460027,0.5227000219747424,2097.6521000266075,3048.412429378531
1769374214,3,,Aggregated,1.500000,0.000000,42,82,89,94,100,130,2100,2100,2100,2100,2100,1596,5,42,153.65135864579915,0.5227000219747424,2097.6521000266075,3046.657268170426
1769374215,3,,Aggregated,1.500000,0.000000,42,82,89,94,100,130,2100,2100,2100,2100,2100,1596,5,42,153.65135864579915,0.5227000219747424,2097.6521000266075,3046.657268170426
1769374216,3,,Aggregated,1.300000,0.000000,42,82,89,94,100,130,2100,2100,2100,2100,2100,1599,5,42,153.51143570899617,0.5227000219747424,2097.6521000266075,3044.9086929330833
1769374217,3,,Aggregated,1.300000,0.000000,42,82,90,94,100,130,2100,2100,2100,2100,2100,1603,5,42,154.59912152120208,0.5227000219747424,2097.6521000266075,3043.9444791016845
1769374218,3,,Aggregated,1.300000,0.000000,42,82,90,94,100,130,2100,2100,2100,2100,2100,1603,5,42,154.59912152120208,0.5227000219747424,2097.6521000266075,3043.9444791016845
1769374219,3,,Aggregated,1.200000,0.000000,42,82,90,94,100,130,2100,2100,2100,2100,2100,1604,5,42,154.53428372720714,0.5227000219747424,2097.6521000266075,3043.5766832917707
1769374220,3,,Aggregated,1.500000,0.000000,42,82,89,94,100,130,2100,2100,2100,2100,2100,1605,5,42,154.46546199278924,0.5227000219747424,2097.6521000266075,3043.3221183800624
1769374221,3,,Aggregated,1.400000,0.000000,42,82,89,94,100,130,2100,2100,2100,2100,2100,1606,5,42,154.40747758310118,0.5227000219747424,2097.6521000266075,3045.209215442092
1769374222,3,,Aggregated,1.400000,0.000000,42,82,89,94,100,130,2100,2100,2100,2100,2100,1607,5,42,154.33810665740157,0.5227000219747424,2097.6521000266075,3045.0217797137525
1769374223,3,,Aggregated,1.400000,0.000000,42,82,89,94,100,130,2100,2100,2100,2100,2100,1608,5,42,154.2738174741036,0.5227000219747424,2097.6521000266075,3044.667288557214
1769374224,3,,Aggregated,1.400000,0.000000,42,82,89,94,100,130,2100,2100,2100,2100,2100,1608,5,42,154.2738174741036,0.5227000219747424,2097.6521000266075,3044.667288557214
1769374225,3,,Aggregated,1.500000,0.000000,42,82,89,94,100,130,2100,2100,2100,2100,2100,1609,5,42,154.22045835814768,0.5227000219747424,2097.6521000266075,3044.3213175885644
1769374226,3,,Aggregated,1.500000,0.000000,42,82,90,94,100,130,2100,2100,2100,2100,2100,1612,5,42,154.10850589227442,0.5227000219747424,2097.6521000266075,3042.5911910669975
1769374227,3,,Aggregated,1.500000,0.000000,42,82,90,94,100,130,2100,2100,2100,2100,2100,1612,5,42,154.10850589227442,0.5227000219747424,2097.6521000266075,3042.5911910669975
1769374228,3,,Aggregated,1.300000,0.000000,42,82,90,94,100,130,2100,2100,2100,2100,2100,1615,5,42,154.00262371414908,0.5227000219747424,2097.6521000266075,3040.867492260062
1769374229,3,,Aggregated,1.300000,0.000000,42,82,90,94,100,130,2100,2100,2100,2100,2100,1619,5,42,155.06859468703158,0.5227000219747424,2097.6521000266075,3039.8980852378013
1769374230,3,,Aggregated,1.300000,0.000000,42,82,90,94,100,130,2100,2100,2100,2100,2100,1619,5,42,155.06859468703158,0.5227000219747424,2097.6521000266075,3039.8980852378013
1769374231,3,,Aggregated,1.200000,0.000000,42,82,90,94,100,130,2100,2100,2100,2100,2100,1620,5,42,155.0039618507453,0.5227000219747424,2097.6521000266075,3039.536419753086
1769374232,3,,Aggregated,1.500000,0.000000,42,82,90,94,100,130,2100,2100,2100,2100,2100,1621,5,42,154.94582862318893,0.5227000219747424,2097.6521000266075,3039.286859962986
1769374233,3,,Aggregated,1.400000,0.000000,42,82,90,94,100,130,2100,2100,2100,2100,2100,1622,5,42,154.88689876588995,0.5227000219747424,2097.6521000266075,3041.139950678175
1769374234,3,,Aggregated,1.400000,0.000000,42,82,90,94,100,130,2100,2100,2100,2100,2100,1623,5,42,154.82705520534543,0.5227000219747424,2097.6521000266075,3040.9568699938386
1769374235,3,,Aggregated,1.400000,0.000000,42,82,90,94,100,130,2100,2100,2100,2100,2100,1624,5,42,154.77177635362267,0.5227000219747424,2097.6521000266075,3040.6083743842364
1769374236,3,,Aggregated,1.400000,0.000000,42,82,90,94,100,130,2100,2100,2100,2100,2100,1624,5,42,154.77177635362267,0.5227000219747424,2097.6521000266075,3040.6083743842364
1769374237,3,,Aggregated,1.500000,0.000000,42,82,90,94,100,130,2100,2100,2100,2100,2100,1625,5,42,154.71170676814822,0.5227000219747424,2097.6521000266075,3040.2683076923076
1769374238,3,,Aggregated,1.500000,0.000000,42,82,90,94,100,130,2100,2100,2100,2100,2100,1628,5,42,154.59921732077237,0.5227000219747424,2097.6521000266075,3038.5626535626534
1769374239,3,,Aggregated,1.500000,0.000000,42,82,90,94,100,130,2100,2100,2100,2100,2100,1628,5,42,154.59921732077237,0.5227000219747424,2097.6521000266075,3038.5626535626534
1769374240,3,,Aggregated,1.300000,0.000000,42,82,90,94,100,130,2100,2100,2100,2100,2100,1631,5,42,154.47868405780477,0.5227000219747424,2097.6521000266075,3036.863274064991
1769374241,3,,Aggregated,1.300000,0.000000,42,82,90,94,100,130,2100,2100,2100,2100,2100,1635,5,42,155.5542326594962,0.5227000219747424,2097.6521000266075,3035.8948012232418
1769374242,3,,Aggregated,1.300000,0.000000,42,82,90,94,100,130,2100,2100,2100,2100,2100,1635,5,42,155.5542326594962,0.5227000219747424,2097.6521000266075,3035.8948012232418
1769374243,3,,Aggregated,1.200000,0.000000,42,82,90,94,100,130,2100,2100,2100,2100,2100,1636,5,42,155.49605354417085,0.5227000219747424,2097.6521000266075,3035.539119804401
1769374244,3,,Aggregated,1.500000,0.000000,42,82,90,94,100,130,2100,2100,2100,2100,2100,1637,5,42,155.43103384132235,0.5227000219747424,2097.6521000266075,3035.2944410507025
1769374245,3,,Aggregated,1.400000,0.000000,42,82,90,94,100,130,2100,2100,2100,2100,2100,1638,5,42,155.37123345439886,0.5227000219747424,2097.6521000266075,3037.1385836385834
1769374246,3,,Aggregated,1.400000,0.000000,42,82,90,94,100,130,2100,2100,2100,2100,2100,1639,5,42,155.30572745473424,0.5227000219747424,2097.6521000266075,3036.95668090299
1769374247,3,,Aggregated,1.400000,0.000000,42,82,90,94,100,130,2100,2100,2100,2100,2100,1640,5,42,155.25421835262068,0.5227000219747424,2097.6521000266075,3036.6140243902437
1769374248,3,,Aggregated,1.400000,0.000000,42,82,90,94,100,130,2100,2100,2100,2100,2100,1640,5,42,155.25421835262068,0.5227000219747424,2097.6521000266075,3036.6140243902437
1769374249,3,,Aggregated,1.500000,0.000000,42,82,90,94,100,130,2100,2100,2100,2100,2100,1641,5,42,155.22117586735476,0.5227000219747424,2097.6521000266075,3036.2797074954296
1769374250,3,,Aggregated,1.500000,0.000000,42,82,90,94,100,130,2100,2100,2100,2100,2100,1644,5,42,155.0998460451014,0.5227000219747424,2097.6521000266075,3034.5979318734794
1769374251,3,,Aggregated,1.500000,0.000000,42,82,90,94,100,130,2100,2100,2100,2100,2100,1644,5,42,155.0998460451014,0.5227000219747424,2097.6521000266075,3034.5979318734794
1769374252,3,,Aggregated,1.300000,0.000000,42,82,90,94,100,130,2100,2100,2100,2100,2100,1647,5,42,154.99557158358408,0.5227000219747424,2097.6521000266075,3032.9222829386763
1769374253,3,,Aggregated,1.300000,0.000000,42,82,90,94,100,140,2100,2100,2100,2100,2100,1651,5,42,156.0976516039673,0.5227000219747424,2097.6521000266075,3031.979406420351
1769374254,3,,Aggregated,1.300000,0.000000,42,82,90,94,100,140,2100,2100,2100,2100,2100,1651,5,42,156.0976516039673,0.5227000219747424,2097.6521000266075,3031.979406420351
1769374255,3,,Aggregated,1.200000,0.000000,42,82,90,94,100,140,2100,2100,2100,2100,2100,1652,5,42,156.0463371659718,0.5227000219747424,2097.6521000266075,3031.629539951574
1769374256,3,,Aggregated,1.500000,0.000000,42,82,90,94,100,140,2100,2100,2100,2100,2100,1653,5,42,155.99289915195672,0.5227000219747424,2097.6521000266075,3031.389594676346
1769374257,3,,Aggregated,1.400000,0.000000,42,82,90,94,100,140,2100,2100,2100,2100,2100,1654,5,42,155.93524842690272,0.5227000219747424,2097.6521000266075,3033.2031438935915
1769374258,3,,Aggregated,1.400000,0.000000,42,82,90,94,100,140,2100,2100,2100,2100,2100,1655,5,42,155.87961069375748,0.5227000219747424,2097.6521000266075,3033.0253776435047
1769374259,3,,Aggregated,1.400000,0.000000,42,82,90,94,100,140,2100,2100,2100,2100,2100,1656,5,42,155.81644124282266,0.5227000219747424,2097.6521000266075,3032.6884057971015
1769374260,3,,Aggregated,1.400000,0.000000,42,82,90,94,100,140,2100,2100,2100,2100,2100,1656,5,42,155.81644124282266,0.5227000219747424,2097.6521000266075,3032.6884057971015
1769374261,3,,Aggregated,1.500000,0.000000,42,82,90,94,100,140,2100,2100,2100,2100,2100,1657,5,42,155.753834217345,0.5227000219747424,2097.6521000266075,3032.3596861798433
1769374262,3,,Aggregated,1.500000,0.000000,42,82,90,94,100,140,2100,2100,2100,2100,2100,1660,5,42,155.6507016253708,0.5227000219747424,2097.6521000266075,3030.701204819277
1769374263,3,,Aggregated,1.500000,0.000000,42,82,90,94,100,140,2100,2100,2100,2100,2100,1660,5,42,155.6507016253708,0.5227000219747424,2097.6521000266075,3030.701204819277
1769374264,3,,Aggregated,1.300000,0.000000,42,82,90,94,100,130,2100,2100,2100,2100,2100,1663,5,42,155.5273187601848,0.5227000219747424,2097.6521000266075,3029.0487071557427
1769374265,3,,Aggregated,1.300000,0.000000,42,82,90,94,100,140,2100,2100,2100,2100,2100,1667,5,42,156.56532897308344,0.5227000219747424,2097.6521000266075,3028.112177564487
1769374266,3,,Aggregated,1.300000,0.000000,42,82,90,94,100,140,2100,2100,2100,2100,2100,1667,5,42,156.56532897308344,0.5227000219747424,2097.6521000266075,3028.112177564487
1769374267,3,,Aggregated,1.200000,0.000000,43,82,90,94,100,140,2100,2100,2100,2100,2100,1668,5,42,156.50163393176487,0.5227000219747424,2097.6521000266075,3027.7685851318943
1769374268,3,,Aggregated,1.500000,0.000000,43,82,90,94,100,140,2100,2100,2100,2100,2100,1669,5,43,156.43408274301203,0.5227000219747424,2097.6521000266075,3027.533253445177
1769374269,3,,Aggregated,1.400000,0.000000,43,82,90,94,100,140,2100,2100,2100,2100,2100,1670,5,42,156.36438520842728,0.5227000219747424,2097.6521000266075,3028.71497005988
1769374270,3,,Aggregated,1.400000,0.000000,43,82,90,94,100,140,2100,2100,2100,2100,2100,1671,5,43,156.30315260207564,0.5227000219747424,2097.6521000266075,3028.5433871932973
1769374271,3,,Aggregated,1.400000,0.000000,43,82,90,94,100,140,2100,2100,2100,2100,2100,1672,5,43,156.2463475466326,0.5227000219747424,2097.6521000266075,3028.2123205741627
1769374272,3,,Aggregated,1.400000,0.000000,43,82,90,94,100,140,2100,2100,2100,2100,2100,1672,5,43,156.2463475466326,0.5227000219747424,2097.6521000266075,3028.2123205741627
1769374273,3,,Aggregated,1.500000,0.000000,43,82,90,94,100,140,2100,2100,2100,2100,2100,1673,5,43,156.19730125399875,0.5227000219747424,2097.6521000266075,3027.887627017334
1769374274,3,,Aggregated,1.500000,0.000000,43,82,90,94,100,140,2100,2100,2100,2100,2100,1676,5,43,156.08897619206417,0.5227000219747424,2097.6521000266075,3026.252983293556
1769374276,3,,Aggregated,1.500000,0.000000,43,82,90,94,100,140,2100,2100,2100,2100,2100,1676,5,43,156.08897619206417,0.5227000219747424,2097.6521000266075,3026.252983293556
1769374277,3,,Aggregated,1.300000,0.000000,43,82,90,95,100,140,2100,2100,2100,2100,2100,1679,5,43,155.98991018331134,0.5227000219747424,2097.6521000266075,3024.624181060155
1769374278,3,,Aggregated,1.300000,0.000000,43,83,90,95,100,140,2100,2100,2100,2100,2100,1683,5,43,157.0488761127409,0.5227000219747424,2097.6521000266075,3023.0950683303627
1769374279,3,,Aggregated,1.300000,0.000000,43,83,90,95,100,140,2100,2100,2100,2100,2100,1683,5,43,157.0488761127409,0.5227000219747424,2097.6521000266075,3023.0950683303627
1769374280,3,,Aggregated,1.200000,0.000000,43,83,90,95,100,140,2100,2100,2100,2100,2100,1684,5,43,156.98586145949312,0.5227000219747424,2097.6521000266075,3022.7529691211403
1769374281,3,,Aggregated,1.500000,0.000000,43,83,90,95,100,140,2100,2100,2100,2100,2100,1685,5,43,156.93954777315216,0.5227000219747424,2097.6521000266075,3022.5228486646884
1769374282,3,,Aggregated,1.400000,0.000000,43,82,90,95,100,140,2100,2100,2100,2100,2100,1686,5,43,156.88871844468113,0.5227000219747424,2097.6521000266075,3023.6963226571766
1769374283,3,,Aggregated,1.400000,0.000000,43,82,90,95,100,140,2100,2100,2100,2100,2100,1687,5,43,156.82597409470904,0.5227000219747424,2097.6521000266075,3023.526378186129
1769374284,3,,Aggregated,1.400000,0.000000,43,82,90,95,100,140,2100,2100,2100,2100,2100,1688,5,43,156.76393726166398,0.5227000219747424,2097.6521000266075,3023.201421800948
1769374285,3,,Aggregated,1.400000,0.000000,43,82,90,95,100,140,2100,2100,2100,2100,2100,1688,5,43,156.76393726166398,0.5227000219747424,2097.6521000266075,3023.201421800948
1769374286,3,,Aggregated,1.500000,0.000000,43,82,90,95,100,140,2100,2100,2100,2100,2100,1690,5,43,156.64760538324515,0.5227000219747424,2097.6521000266075,3021.458579881657
1769374287,3,,Aggregated,1.500000,0.000000,43,82,90,95,100,140,2100,2100,2100,2100,2100,1691,5,43,156.6200782954533,0.5227000219747424,2097.6521000266075,3020.5481963335305
1769374288,3,,Aggregated,1.300000,0.000000,43,82,90,95,100,140,2100,2100,2100,2100,2100,1692,5,43,156.54949284732191,0.5227000219747424,2097.6521000266075,3019.1270685579198
1769374289,3,,Aggregated,1.200000,0.000000,43,82,90,95,110,150,2100,2100,2100,2100,2100,1695,5,43,157.62832052964487,0.5227000219747424,2113.482999964617,3018.605899705015
1769374290,3,,Aggregated,1.200000,0.000000,43,83,91,95,110,150,2100,2100,2100,2100,2100,1698,5,43,158.7235585381074,0.5227000219747424,2113.482999964617,3017.4387514723203
1769374291,3,,Aggregated,1.100000,0.000000,43,83,91,95,110,2000,2100,2100,2100,2100,2100,1700,5,43,159.80795964578112,0.5227000219747424,2113.482999964617,3017.83
1769374292,3,,Aggregated,1.400000,0.000000,43,83,91,95,110,150,2100,2100,2100,2100,2100,1701,5,43,159.74925214451832,0.5227000219747424,2113.482999964617,3017.6043503821284
1769374293,3,,Aggregated,1.400000,0.000000,43,83,91,95,110,150,2100,2100,2100,2100,2100,1702,5,43,159.68569852991772,0.5227000219747424,2113.482999964617,3018.7696827262043
1769374294,3,,Aggregated,1.400000,0.000000,43,83,91,95,110,150,2100,2100,2100,2100,2100,1703,5,43,159.62409494891523,0.5227000219747424,2113.482999964617,3018.608338226659
1769374295,3,,Aggregated,1.400000,0.000000,43,83,91,95,110,150,2100,2100,2100,2100,2100,1704,5,43,159.55948679458717,0.5227000219747424,2113.482999964617,3018.2899061032863
1769374296,3,,Aggregated,1.400000,0.000000,43,83,91,95,110,150,2100,2100,2100,2100,2100,1704,5,43,159.55948679458717,0.5227000219747424,2113.482999964617,3018.2899061032863
1769374297,3,,Aggregated,1.500000,0.000000,43,83,91,95,110,150,2100,2100,2100,2100,2100,1705,5,43,159.49175331258158,0.5227000219747424,2113.482999964617,3017.9788856304986
1769374298,3,,Aggregated,1.500000,0.000000,43,83,91,95,110,150,2100,2100,2100,2100,2100,1707,5,43,159.40132887988156,0.5227000219747424,2113.482999964617,3015.6719390743997
1769374299,3,,Aggregated,1.500000,0.000000,43,83,91,95,110,150,2100,2100,2100,2100,2100,1708,5,43,159.37763342971365,0.5227000219747424,2113.482999964617,3016.3922716627635
1769374300,3,,Aggregated,1.400000,0.000000,43,83,91,95,110,150,2100,2100,2100,2100,2100,1710,5,43,159.29663625602987,0.5227000219747424,2113.482999964617,3014.0912280701755
1769374301,3,,Aggregated,1.400000,0.000000,43,83,91,95,110,150,2100,2100,2100,2100,2100,1712,5,43,159.23153662260688,0.5227000219747424,2113.482999964617,3014.4818925233644
1769374302,3,,Aggregated,1.400000,0.000000,43,83,91,95,110,2000,2100,2100,2100,2100,2100,1715,5,43,160.2947500279803,0.5227000219747424,2113.482999964617,3013.333527696793
1769374303,3,,Aggregated,1.200000,0.000000,43,83,91,95,110,2000,2100,2100,2100,2100,2100,1716,5,43,160.2244894510072,0.5227000219747424,2113.482999964617,3013.007575757576
1769374304,3,,Aggregated,1.500000,0.000000,43,83,91,95,110,2000,2100,2100,2100,2100,2100,1717,5,43,160.16432125685193,0.5227000219747424,2113.482999964617,3012.7874199184625
1769374305,3,,Aggregated,1.400000,0.000000,43,83,91,95,110,2000,2100,2100,2100,2100,2100,1718,5,43,160.10200418979124,0.5227000219747424,2113.482999964617,3013.9447031431896
1769374306,3,,Aggregated,1.400000,0.000000,43,83,91,95,110,2000,2100,2100,2100,2100,2100,1719,5,43,160.03928277961185,0.5227000219747424,2113.482999964617,3013.785340314136
1769374307,3,,Aggregated,1.400000,0.000000,43,83,91,95,110,2000,2100,2100,2100,2100,2100,1720,5,43,159.97574290593676,0.5227000219747424,2113.482999964617,3013.4720930232556
1769374308,3,,Aggregated,1.400000,0.000000,43,83,91,95,110,2000,2100,2100,2100,2100,2100,1720,5,43,159.97574290593676,0.5227000219747424,2113.482999964617,3013.4720930232556
1769374309,3,,Aggregated,1.500000,0.000000,43,83,91,95,110,150,2100,2100,2100,2100,2100,1721,5,43,159.9147593830363,0.5227000219747424,2113.482999964617,3013.1667635095873
1769374310,3,,Aggregated,1.500000,0.000000,43,83,91,95,110,150,2100,2100,2100,2100,2100,1723,5,43,159.83270266870588,0.5227000219747424,2113.482999964617,3010.8868253047012
1769374311,3,,Aggregated,1.500000,0.000000,43,83,91,95,110,150,2100,2100,2100,2100,2100,1724,5,43,159.8065775511743,0.5227000219747424,2113.482999964617,3011.6032482598607
1769374312,3,,Aggregated,1.300000,0.000000,43,83,91,95,110,150,2100,2100,2100,2100,2100,1726,5,43,159.7131268239471,0.5227000219747424,2113.482999964617,3009.3290845886445
1769374313,3,,Aggregated,1.300000,0.000000,43,83,91,95,110,150,2100,2100,2100,2100,2100,1729,5,43,159.60911335915105,0.5227000219747424,2113.482999964617,3008.835164835165
1769374314,3,,Aggregated,1.300000,0.000000,43,83,91,95,110,2000,2100,2100,2100,2100,2100,1731,5,43,160.70121444131186,0.5227000219747424,2113.482999964617,3008.589254766031
1769374315,3,,Aggregated,1.200000,0.000000,43,83,91,95,110,2000,2100,2100,2100,2100,2100,1732,5,43,160.6395853914301,0.5227000219747424,2113.482999964617,3008.2690531177827
1769374316,3,,Aggregated,1.500000,0.000000,43,83,91,95,110,2000,2100,2100,2100,2100,2100,1733,5,43,160.58740675008968,0.5227000219747424,2113.482999964617,3008.0530871321407
1769374317,3,,Aggregated,1.400000,0.000000,43,83,91,95,110,2000,2100,2100,2100,2100,2100,1734,5,43,160.52802520069093,0.5227000219747424,2113.482999964617,3009.202422145329
1769374318,3,,Aggregated,1.400000,0.000000,43,83,91,95,110,2000,2100,2100,2100,2100,2100,1735,5,43,160.47770449447498,0.5227000219747424,2113.482999964617,3009.049567723343
1769374319,3,,Aggregated,1.400000,0.000000,43,83,91,95,110,2000,2100,2100,2100,2100,2100,1736,5,43,160.4181122107749,0.5227000219747424,2113.482999964617,3008.7419354838707
1769374320,3,,Aggregated,1.400000,0.000000,43,83,91,95,110,2000,2100,2100,2100,2100,2100,1736,5,43,160.4181122107749,0.5227000219747424,2113.482999964617,3008.7419354838707
1769374321,3,,Aggregated,1.500000,0.000000,43,83,91,95,110,2000,2100,2100,2100,2100,2100,1737,5,43,160.3599255025241,0.5227000219747424,2113.482999964617,3008.4421416234886
1769374322,3,,Aggregated,1.500000,0.000000,43,83,91,95,110,2000,2100,2100,2100,2100,2100,1740,5,43,160.25450005618876,0.5227000219747424,2113.482999964617,3006.9011494252873
1769374323,3,,Aggregated,1.500000,0.000000,43,83,91,95,110,2000,2100,2100,2100,2100,2100,1740,5,43,160.25450005618876,0.5227000219747424,2113.482999964617,3006.9011494252873
1769374324,3,,Aggregated,1.300000,0.000000,43,83,91,95,110,150,2100,2100,2100,2100,2100,1743,5,43,160.1702525517922,0.5227000219747424,2113.482999964617,3005.3654618473897
1769374325,3,,Aggregated,1.300000,0.000000,43,83,91,95,110,2000,2100,2100,2100,2100,2100,1747,5,43,161.17625970106346,0.5227000219747424,2113.482999964617,3003.9336004579277
1769374326,3,,Aggregated,1.300000,0.000000,43,83,91,95,110,2000,2100,2100,2100,2100,2100,1747,5,43,161.17625970106346,0.5227000219747424,2113.482999964617,3003.9336004579277
1769374327,3,,Aggregated,1.200000,0.000000,43,83,91,95,110,2000,2100,2100,2100,2100,2100,1748,5,43,161.11767019325808,0.5227000219747424,2113.482999964617,3003.6189931350114
1769374328,3,,Aggregated,1.500000,0.000000,43,83,91,95,110,2000,2100,2100,2100,2100,2100,1749,5,43,161.04663664828124,0.5227000219747424,2113.482999964617,3003.410520297313
1769374329,3,,Aggregated,1.400000,0.000000,43,83,91,95,110,2000,2100,2100,2100,2100,2100,1750,5,43,160.99447194160894,0.5227000219747424,2113.482999964617,3004.552
1769374330,3,,Aggregated,1.400000,0.000000,43,83,91,95,110,2000,2100,2100,2100,2100,2100,1751,5,43,160.9353262123714,0.5227000219747424,2113.482999964617,3004.4003426613363
1769374331,3,,Aggregated,1.400000,0.000000,43,83,91,95,110,2000,2100,2100,2100,2100,2100,1752,5,43,160.86951786408744,0.5227000219747424,2113.482999964617,3004.0981735159817
1769374332,3,,Aggregated,1.400000,0.000000,43,83,91,95,110,2000,2100,2100,2100,2100,2100,1752,5,43,160.86951786408744,0.5227000219747424,2113.482999964617,3004.0981735159817
1769374333,3,,Aggregated,1.500000,0.000000,43,83,91,95,110,2000,2100,2100,2100,2100,2100,1753,5,43,160.81533861829737,0.5227000219747424,2113.482999964617,3003.8043354249858
1769374334,3,,Aggregated,1.500000,0.000000,43,83,91,95,110,2000,2100,2100,2100,2100,2100,1756,5,43,160.70944436092316,0.5227000219747424,2113.482999964617,3002.285307517084
1769374335,3,,Aggregated,1.500000,0.000000,43,83,91,95,110,2000,2100,2100,2100,2100,2100,1756,5,43,160.70944436092316,0.5227000219747424,2113.482999964617,3002.285307517084
1769374336,3,,Aggregated,1.300000,0.000000,43,83,91,95,110,2000,2100,2100,2100,2100,2100,1759,5,43,160.5929682193289,0.5227000219747424,2113.482999964617,3000.771461057419
1769374337,3,,Aggregated,1.300000,0.000000,43,83,91,95,110,2000,2100,2100,2100,2100,2100,1763,5,43,161.5787423129964,0.5227000219747424,2113.482999964617,2999.3658536585367
1769374338,3,,Aggregated,1.300000,0.000000,43,83,91,95,110,2000,2100,2100,2100,2100,2100,1763,5,43,161.5787423129964,0.5227000219747424,2113.482999964617,2999.3658536585367
1769374339,3,,Aggregated,1.200000,0.000000,43,83,91,95,110,2000,2100,2100,2100,2100,2100,1764,5,43,161.52200498736977,0.5227000219747424,2113.482999964617,2999.0572562358275
1769374340,3,,Aggregated,1.500000,0.000000,43,83,91,95,110,2000,2100,2100,2100,2100,2100,1765,5,43,161.4704554094524,0.5227000219747424,2113.482999964617,2998.8504249291786
1769374341,3,,Aggregated,1.400000,0.000000,44,83,91,95,110,2000,2100,2100,2100,2100,2100,1766,5,43,161.41130373593566,0.5227000219747424,2113.482999964617,2999.9841449603623
1769374342,3,,Aggregated,1.400000,0.000000,44,83,91,95,110,2000,2100,2100,2100,2100,2100,1767,5,44,161.34578511470704,0.5227000219747424,2113.482999964617,2999.8381437464627
1769374343,3,,Aggregated,1.400000,0.000000,44,83,91,95,110,2000,2100,2100,2100,2100,2100,1768,5,44,161.28306317742866,0.5227000219747424,2113.482999964617,2999.54128959276
1769374344,3,,Aggregated,1.400000,0.000000,44,83,91,95,110,2000,2100,2100,2100,2100,2100,1768,5,44,161.28306317742866,0.5227000219747424,2113.482999964617,2999.54128959276
1769374345,3,,Aggregated,1.500000,0.000000,44,83,91,95,110,2000,2100,2100,2100,2100,2100,1769,5,44,161.22985064872546,0.5227000219747424,2113.482999964617,2999.2509892594685
1769374346,3,,Aggregated,1.500000,0.000000,44,83,91,95,110,2000,2100,2100,2100,2100,2100,1772,5,44,161.11582116122435,0.5227000219747424,2113.482999964617,2997.7533860045146
1769374347,3,,Aggregated,1.500000,0.000000,44,83,91,95,110,2000,2100,2100,2100,2100,2100,1772,5,44,161.11582116122435,0.5227000219747424,2113.482999964617,2997.7533860045146
1769374348,3,,Aggregated,1.300000,0.000000,44,83,92,95,110,2000,2100,2100,2100,2100,2100,1775,5,44,160.99359729445317,0.5227000219747424,2113.482999964617,2996.2608450704224
1769374349,3,,Aggregated,1.300000,0.000000,44,83,92,95,110,2000,2100,2100,2100,2100,2100,1779,5,44,161.97788988058406,0.5227000219747424,2113.482999964617,2994.87521079258
1769374350,3,,Aggregated,1.300000,0.000000,44,83,92,95,110,2000,2100,2100,2100,2100,2100,1779,5,44,161.97788988058406,0.5227000219747424,2113.482999964617,2994.87521079258
1769374351,3,,Aggregated,1.200000,0.000000,44,83,92,95,110,2000,2100,2100,2100,2100,2100,1780,5,44,161.91623572893232,0.5227000219747424,2113.482999964617,2994.5719101123595
1769374352,3,,Aggregated,1.500000,0.000000,44,83,92,95,110,2000,2100,2100,2100,2100,2100,1781,5,44,161.84712919569483,0.5227000219747424,2113.482999964617,2994.3694553621563
1769374353,3,,Aggregated,1.400000,0.000000,44,83,92,95,110,2000,2100,2100,2100,2100,2100,1782,5,44,161.78341262490937,0.5227000219747424,2113.482999964617,2995.4955106621774
1769374354,3,,Aggregated,1.400000,0.000000,44,83,92,95,110,2000,2100,2100,2100,2100,2100,1783,5,44,161.72411345912795,0.5227000219747424,2113.482999964617,2995.3516545148627
1769374355,3,,Aggregated,1.400000,0.000000,44,83,92,95,110,2000,2100,2100,2100,2100,2100,1784,5,44,161.66378682600114,0.5227000219747424,2113.482999964617,2995.0599775784754
1769374356,3,,Aggregated,1.400000,0.000000,44,83,92,95,110,2000,2100,2100,2100,2100,2100,1784,5,44,161.66378682600114,0.5227000219747424,2113.482999964617,2995.0599775784754
1769374357,3,,Aggregated,1.500000,0.000000,44,83,92,95,110,2000,2100,2100,2100,2100,2100,1785,5,44,161.60459254766587,0.5227000219747424,2113.482999964617,2994.7759103641456
1769374358,3,,Aggregated,1.500000,0.000000,44,83,92,95,110,2000,2100,2100,2100,2100,2100,1788,5,44,161.49688433871137,0.5227000219747424,2113.482999964617,2993.299217002237
1769374359,3,,Aggregated,1.500000,0.000000,44,83,92,95,110,2000,2100,2100,2100,2100,2100,1788,5,44,161.49688433871137,0.5227000219747424,2113.482999964617,2993.299217002237
1769374360,3,,Aggregated,1.300000,0.000000,44,83,92,95,110,2000,2100,2100,2100,2100,2100,1791,5,44,161.3887820757108,0.5227000219747424,2113.482999964617,2991.8274706867674
1769374361,3,,Aggregated,1.300000,0.000000,45,83,92,96,110,2000,2100,2100,2100,2100,2100,1795,5,45,162.34030802092127,0.5227000219747424,2113.482999964617,2990.466852367688
1769374362,3,,Aggregated,1.300000,0.000000,45,83,92,96,110,2000,2100,2100,2100,2100,2100,1795,5,45,162.34030802092127,0.5227000219747424,2113.482999964617,2990.466852367688
1769374363,3,,Aggregated,1.200000,0.000000,45,83,92,96,110,2000,2100,2100,2100,2100,2100,1796,5,45,162.2771544530153,0.5227000219747424,2113.482999964617,2990.1687082405347
1769374364,3,,Aggregated,1.500000,0.000000,45,83,92,96,110,2000,2100,2100,2100,2100,2100,1797,5,45,162.2203750126157,0.5227000219747424,2113.482999964617,2989.970506399555
1769374365,3,,Aggregated,1.400000,0.000000,45,83,92,96,110,2000,2100,2100,2100,2100,2100,1798,5,45,162.16383587191652,0.5227000219747424,2113.482999964617,2991.0889877641825
1769374366,3,,Aggregated,1.400000,0.000000,45,83,92,96,110,2000,2100,2100,2100,2100,2100,1799,5,45,162.10292884808194,0.5227000219747424,2113.482999964617,2990.9494163424124
1769374367,3,,Aggregated,1.400000,0.000000,45,83,92,96,110,2000,2100,2100,2100,2100,2100,1800,5,45,162.041937554281,0.5227000219747424,2113.482999964617,2990.6633333333334
1769374368,3,,Aggregated,1.400000,0.000000,45,83,92,96,110,2000,2100,2100,2100,2100,2100,1800,5,45,162.041937554281,0.5227000219747424,2113.482999964617,2990.6633333333334
1769374369,3,,Aggregated,1.500000,0.000000,45,83,92,95,110,2000,2100,2100,2100,2100,2100,1801,5,45,161.98150177555016,0.5227000219747424,2113.482999964617,2990.3842309827874
1769374370,3,,Aggregated,1.500000,0.000000,45,83,92,96,110,2000,2100,2100,2100,2100,2100,1804,5,45,161.8783823713302,0.5227000219747424,2113.482999964617,2988.927937915743
1769374371,3,,Aggregated,1.500000,0.000000,45,83,92,96,110,2000,2100,2100,2100,2100,2100,1804,5,45,161.8783823713302,0.5227000219747424,2113.482999964617,2988.927937915743
1769374372,3,,Aggregated,1.300000,0.000000,45,83,92,96,110,2000,2100,2100,2100,2100,2100,1807,5,45,161.75900603092816,0.5227000219747424,2113.482999964617,2987.4764803541784
1769374373,3,,Aggregated,1.300000,0.000000,45,83,92,96,110,2000,2100,2100,2100,2100,2100,1811,5,45,162.69090391933602,0.5227000219747424,2113.482999964617,2986.1352843732743
1769374374,3,,Aggregated,1.300000,0.000000,45,83,92,96,110,2000,2100,2100,2100,2100,2100,1811,5,45,162.69090391933602,0.5227000219747424,2113.482999964617,2986.1352843732743
1769374375,3,,Aggregated,1.200000,0.000000,45,83,92,96,110,2000,2100,2100,2100,2100,2100,1812,5,45,162.62671412692188,0.5227000219747424,2113.482999964617,2985.841611479029
1769374376,3,,Aggregated,1.500000,0.000000,45,83,92,96,110,2000,2100,2100,2100,2100,2100,1813,5,45,162.56986436731003,0.5227000219747424,2113.482999964617,2985.650303364589
1769374377,3,,Aggregated,1.400000,0.000000,45,83,92,96,110,2000,2100,2100,2100,2100,2100,1814,5,45,162.51698814657473,0.5227000219747424,2113.482999964617,2986.761300992282
1769374378,3,,Aggregated,1.400000,0.000000,45,83,92,96,110,2000,2100,2100,2100,2100,2100,1815,5,45,162.4555194479113,0.5227000219747424,2113.482999964617,2986.625344352617
1769374379,3,,Aggregated,1.400000,0.000000,46,83,92,96,110,2000,2100,2100,2100,2100,2100,1816,5,45,162.3919297345362,0.5227000219747424,2113.482999964617,2986.343612334802
1769374380,3,,Aggregated,1.400000,0.000000,46,83,92,96,110,2000,2100,2100,2100,2100,2100,1816,5,45,162.3919297345362,0.5227000219747424,2113.482999964617,2986.343612334802
1769374381,3,,Aggregated,1.500000,0.000000,46,83,92,96,110,2000,2100,2100,2100,2100,2100,1817,5,46,162.3319558601034,0.5227000219747424,2113.482999964617,2986.0693450742983
1769374382,3,,Aggregated,1.500000,0.000000,46,83,92,96,110,2000,2100,2100,2100,2100,2100,1820,5,46,162.21645868007238,0.5227000219747424,2113.482999964617,2984.632967032967
1769374383,3,,Aggregated,1.500000,0.000000,46,83,92,96,110,2000,2100,2100,2100,2100,2100,1820,5,46,162.21645868007238,0.5227000219747424,2113.482999964617,2984.632967032967
1769374385,3,,Aggregated,1.300000,0.000000,46,83,92,96,110,2000,2100,2100,2100,2100,2100,1823,5,46,162.11036505637148,0.5227000219747424,2113.482999964617,2983.2013165112453
1769374386,3,,Aggregated,1.300000,0.000000,46,83,92,96,110,2000,2100,2100,2100,2100,2100,1827,5,46,163.0587751493388,0.5227000219747424,2113.482999964617,2981.8812260536397
1769374387,3,,Aggregated,1.300000,0.000000,46,83,92,96,110,2000,2100,2100,2100,2100,2100,1827,5,46,163.0587751493388,0.5227000219747424,2113.482999964617,2981.8812260536397
1769374388,3,,Aggregated,1.200000,0.000000,46,83,92,96,110,2000,2100,2100,2100,2100,2100,1828,5,46,162.99830453930915,0.5227000219747424,2113.482999964617,2981.592450765864
1769374389,3,,Aggregated,1.500000,0.000000,46,83,92,96,110,2000,2100,2100,2100,2100,2100,1829,5,46,162.93674297311264,0.5227000219747424,2113.482999964617,2981.4029524330235
1769374390,3,,Aggregated,1.400000,0.000000,46,83,92,96,110,2000,2100,2100,2100,2100,2100,1830,5,46,162.88371770375514,0.5227000219747424,2113.482999964617,2982.5065573770494
1769374391,3,,Aggregated,1.400000,0.000000,46,83,92,96,110,2000,2100,2100,2100,2100,2100,1831,5,46,162.83225046306978,0.5227000219747424,2113.482999964617,2982.373566357182
1769374392,3,,Aggregated,1.400000,0.000000,46,83,92,96,110,2000,2100,2100,2100,2100,2100,1832,5,46,162.77108476959845,0.5227000219747424,2113.482999964617,2982.096615720524
1769374393,3,,Aggregated,1.400000,0.000000,46,83,92,96,110,2000,2100,2100,2100,2100,2100,1832,5,46,162.77108476959845,0.5227000219747424,2113.482999964617,2982.096615720524
1769374394,3,,Aggregated,1.500000,0.000000,46,83,92,96,110,2000,2100,2100,2100,2100,2100,1833,5,46,162.71658265025522,0.5227000219747424,2113.482999964617,2981.8270594653573
1769374395,3,,Aggregated,1.500000,0.000000,46,83,92,96,110,2000,2100,2100,2100,2100,2100,1836,5,46,162.60064019491108,0.5227000219747424,2113.482999964617,2980.4101307189544
1769374396,3,,Aggregated,1.300000,0.000000,46,83,92,96,110,2000,2100,2100,2100,2100,2100,1837,5,46,162.5357834500842,0.5227000219747424,2113.482999964617,2979.123026673925
1769374397,3,,Aggregated,1.300000,0.000000,46,83,92,96,110,2000,2100,2100,2100,2100,2100,1840,5,46,162.41790543357163,0.5227000219747424,2113.482999964617,2978.7108695652173
1769374398,3,,Aggregated,1.300000,0.000000,46,83,92,96,110,2000,2100,2100,2100,2100,2100,1843,5,46,163.3996127496842,0.5227000219747424,2113.482999964617,2977.7004883342374
1769374399,3,,Aggregated,1.200000,0.000000,46,83,92,96,110,2000,2100,2100,2100,2100,2100,1844,5,46,163.3422035778723,0.5227000219747424,2113.482999964617,2977.412689804772
1769374400,3,,Aggregated,1.500000,0.000000,46,83,92,96,110,2000,2100,2100,2100,2100,2100,1845,5,46,163.28221479541847,0.5227000219747424,2113.482999964617,2977.2265582655828
1769374401,3,,Aggregated,1.400000,0.000000,46,83,92,96,110,2000,2100,2100,2100,2100,2100,1846,5,46,163.2240241048363,0.5227000219747424,2113.482999964617,2978.3228602383533
1769374402,3,,Aggregated,1.400000,0.000000,46,83,92,96,110,2000,2100,2100,2100,2100,2100,1847,5,46,163.1621958838668,0.5227000219747424,2113.482999964617,2978.1927449918785
1769374403,3,,Aggregated,1.400000,0.000000,47,83,92,96,110,2000,2100,2100,2100,2100,2100,1848,5,46,163.10629063721564,0.5227000219747424,2113.482999964617,2977.9204545454545
1769374404,3,,Aggregated,1.400000,0.000000,47,83,92,96,110,2000,2100,2100,2100,2100,2100,1848,5,46,163.10629063721564,0.5227000219747424,2113.482999964617,2977.9204545454545
1769374405,3,,Aggregated,1.500000,0.000000,47,83,92,96,110,2000,2100,2100,2100,2100,2100,1849,5,47,163.05310724581668,0.5227000219747424,2113.482999964617,2977.6544077879935
1769374406,3,,Aggregated,1.500000,0.000000,47,83,92,96,110,2000,2100,2100,2100,2100,2100,1851,5,47,162.9578040504948,0.5227000219747424,2113.482999964617,2975.5705024311183
1769374407,3,,Aggregated,1.500000,0.000000,47,83,92,96,110,2000,2100,2100,2100,2100,2100,1852,5,47,162.93082035500677,0.5227000219747424,2113.482999964617,2976.2564794816417
1769374408,3,,Aggregated,1.300000,0.000000,47,83,92,96,110,2000,2100,2100,2100,2100,2100,1854,5,47,162.8332322532087,0.5227000219747424,2113.482999964617,2974.177454153182
1769374409,3,,Aggregated,1.300000,0.000000,47,83,92,96,110,2000,2100,2100,2100,2100,2100,1856,5,47,162.745322196911,0.5227000219747424,2113.482999964617,2974.580818965517
1769374410,3,,Aggregated,1.300000,0.000000,47,83,92,96,110,2000,2100,2100,2100,2100,2100,1859,5,47,163.74923060650647,0.5227000219747424,2115.059999981895,2973.585798816568
1769374411,3,,Aggregated,1.200000,0.000000,47,83,92,96,110,2000,2100,2100,2100,2100,2100,1860,5,47,163.6961477405582,0.5227000219747424,2115.059999981895,2973.306989247312
1769374412,3,,Aggregated,1.500000,0.000000,47,83,92,96,110,2000,2100,2100,2100,2100,2100,1861,5,47,163.6338953774153,0.5227000219747424,2115.059999981895,2973.12735088662
1769374413,3,,Aggregated,1.400000,0.000000,48,83,92,96,110,2000,2100,2100,2100,2100,2100,1862,5,47,163.57844570211748,0.5227000219747424,2115.059999981895,2974.216433941998
1769374414,3,,Aggregated,1.400000,0.000000,48,83,92,96,110,2000,2100,2100,2100,2100,2100,1863,5,48,163.51634052463857,0.5227000219747424,2115.059999981895,2974.092860976919
1769374415,3,,Aggregated,1.400000,0.000000,48,83,92,96,110,2000,2100,2100,2100,2100,2100,1864,5,48,163.46491845353364,0.5227000219747424,2115.059999981895,2973.8251072961375
1769374416,3,,Aggregated,1.400000,0.000000,48,83,92,96,110,2000,2100,2100,2100,2100,2100,1864,5,48,163.46491845353364,0.5227000219747424,2115.059999981895,2973.8251072961375
1769374417,3,,Aggregated,1.500000,0.000000,48,83,92,96,110,2000,2100,2100,2100,2100,2100,1865,5,48,163.40893125860646,0.5227000219747424,2115.059999981895,2973.5646112600534
1769374418,3,,Aggregated,1.500000,0.000000,48,83,92,96,110,2000,2100,2100,2100,2100,2100,1868,5,48,163.2793696452759,0.5227000219747424,2115.059999981895,2972.1852248394002
1769374419,3,,Aggregated,1.500000,0.000000,48,83,92,96,110,2000,2100,2100,2100,2100,2100,1868,5,48,163.2793696452759,0.5227000219747424,2115.059999981895,2972.1852248394002
1769374420,3,,Aggregated,1.300000,0.000000,48,83,92,96,110,2000,2100,2100,2100,2100,2100,1870,5,48,163.18491818047164,0.5227000219747424,2115.059999981895,2970.128342245989
1769374421,3,,Aggregated,1.300000,0.000000,48,83,92,97,110,2000,2100,2100,2100,2100,2100,1873,5,48,163.0951203403371,0.5227000219747424,2115.059999981895,2969.7351841964764
1769374422,3,,Aggregated,1.300000,0.000000,48,83,93,97,110,2000,2100,2100,2100,2100,2100,1875,5,48,164.10038650526354,0.5227000219747424,2115.059999981895,2969.5498666666667
1769374423,3,,Aggregated,1.200000,0.000000,48,83,93,97,110,2000,2100,2100,2100,2100,2100,1876,5,48,164.03987217344033,0.5227000219747424,2115.059999981895,2969.2755863539446
1769374424,3,,Aggregated,1.500000,0.000000,48,83,92,97,110,2000,2100,2100,2100,2100,2100,1877,5,48,163.99239541680666,0.5227000219747424,2115.059999981895,2969.097496004262
1769374425,3,,Aggregated,1.400000,0.000000,48,83,92,97,110,2000,2100,2100,2100,2100,2100,1878,5,48,163.93091884848073,0.5227000219747424,2115.059999981895,2970.1794462193825
1769374426,3,,Aggregated,1.400000,0.000000,48,83,92,97,110,2000,2100,2100,2100,2100,2100,1879,5,48,163.86782804543935,0.5227000219747424,2115.059999981895,2970.056945183608
1769374427,3,,Aggregated,1.400000,0.000000,48,83,92,97,110,2000,2100,2100,2100,2100,2100,1880,5,48,163.80948861559327,0.5227000219747424,2115.059999981895,2969.7936170212765
1769374428,3,,Aggregated,1.400000,0.000000,48,83,92,97,110,2000,2100,2100,2100,2100,2100,1880,5,48,163.80948861559327,0.5227000219747424,2115.059999981895,2969.7936170212765
1769374429,3,,Aggregated,1.500000,0.000000,48,83,92,97,110,2000,2100,2100,2100,2100,2100,1881,5,48,163.74842466627817,0.5227000219747424,2115.059999981895,2969.537480063796
1769374430,3,,Aggregated,1.500000,0.000000,48,83,93,97,110,2000,2100,2100,2100,2100,2100,1884,5,48,163.62811958462032,0.5227000219747424,2115.059999981895,2968.176220806794
1769374431,3,,Aggregated,1.500000,0.000000,48,83,93,97,110,2000,2100,2100,2100,2100,2100,1884,5,48,163.62811958462032,0.5227000219747424,2115.059999981895,2968.176220806794
1769374432,3,,Aggregated,1.300000,0.000000,48,83,93,97,110,2000,2100,2100,2100,2100,2100,1887,5,48,163.51439114859912,0.5227000219747424,2115.059999981895,2966.8192898781135
1769374433,3,,Aggregated,1.300000,0.000000,49,83,93,97,110,2000,2100,2100,2100,2100,2100,1891,5,49,164.43889016248107,0.5227000219747424,2115.059999981895,2965.5780010576414
1769374434,3,,Aggregated,1.300000,0.000000,49,83,93,97,110,2000,2100,2100,2100,2100,2100,1891,5,49,164.43889016248107,0.5227000219747424,2115.059999981895,2965.5780010576414
1769374435,3,,Aggregated,1.200000,0.000000,49,83,93,97,110,2000,2100,2100,2100,2100,2100,1892,5,49,164.37948218669376,0.5227000219747424,2115.059999981895,2965.3081395348836
1769374436,3,,Aggregated,1.500000,0.000000,49,83,93,97,110,2000,2100,2100,2100,2100,2100,1893,5,49,164.31999033131493,0.5227000219747424,2115.059999981895,2965.135763338616
1769374437,3,,Aggregated,1.400000,0.000000,49,83,93,97,110,2000,2100,2100,2100,2100,2100,1894,5,49,164.26635543669997,0.5227000219747424,2115.059999981895,2966.2106652587117
1769374438,3,,Aggregated,1.400000,0.000000,49,83,93,97,110,2000,2100,2100,2100,2100,2100,1895,5,49,164.20717889026525,0.5227000219747424,2115.059999981895,2966.089709762533
1769374439,3,,Aggregated,1.400000,0.000000,49,83,93,97,110,2000,2100,2100,2100,2100,2100,1896,5,49,164.1485265279675,0.5227000219747424,2115.059999981895,2965.8306962025317
1769374440,3,,Aggregated,1.400000,0.000000,49,83,93,97,110,2000,2100,2100,2100,2100,2100,1896,5,49,164.1485265279675,0.5227000219747424,2115.059999981895,2965.8306962025317
1769374441,3,,Aggregated,1.500000,0.000000,49,83,93,97,110,2000,2100,2100,2100,2100,2100,1897,5,49,164.08557838536444,0.5227000219747424,2115.059999981895,2965.577754348972
1769374442,3,,Aggregated,1.500000,0.000000,49,83,93,97,110,2000,2100,2100,2100,2100,2100,1900,5,49,163.9628955773323,0.5227000219747424,2115.059999981895,2964.2342105263156
1769374443,3,,Aggregated,1.500000,0.000000,49,83,93,97,110,2000,2100,2100,2100,2100,2100,1900,5,49,163.9628955773323,0.5227000219747424,2115.059999981895,2964.2342105263156
1769374444,3,,Aggregated,1.300000,0.000000,49,83,93,97,110,2000,2100,2100,2100,2100,2100,1903,5,49,163.8446745122707,0.5227000219747424,2115.059999981895,2962.8949027850763
1769374445,3,,Aggregated,1.300000,0.000000,49,83,93,97,110,2000,2100,2100,2100,2100,2100,1907,5,49,164.750710748137,0.5227000219747424,2115.059999981895,2961.672784478238
1769374446,3,,Aggregated,1.300000,0.000000,49,83,93,97,110,2000,2100,2100,2100,2100,2100,1907,5,49,164.750710748137,0.5227000219747424,2115.059999981895,2961.672784478238
1769374447,3,,Aggregated,1.200000,0.000000,49,83,93,97,110,2000,2100,2100,2100,2100,2100,1908,5,49,164.69652588930484,0.5227000219747424,2115.059999981895,2961.406708595388
1769374448,3,,Aggregated,1.500000,0.000000,49,83,93,97,110,2000,2100,2100,2100,2100,2100,1909,5,49,164.63005872017175,0.5227000219747424,2115.059999981895,2961.237820848612
1769374449,3,,Aggregated,1.400000,0.000000,49,83,93,97,110,2000,2100,2100,2100,2100,2100,1910,5,49,164.58105868946382,0.5227000219747424,2115.059999981895,2962.3057591623037
1769374450,3,,Aggregated,1.400000,0.000000,49,83,93,97,110,2000,2100,2100,2100,2100,2100,1911,5,49,164.53397875295465,0.5227000219747424,2115.059999981895,2962.189429618001
1769374451,3,,Aggregated,1.400000,0.000000,49,83,93,97,110,2000,2100,2100,2100,2100,2100,1912,5,49,164.4814136490069,0.5227000219747424,2115.059999981895,2961.9351464435144
1769374452,3,,Aggregated,1.400000,0.000000,49,83,93,97,110,2000,2100,2100,2100,2100,2100,1912,5,49,164.4814136490069,0.5227000219747424,2115.059999981895,2961.9351464435144
1769374453,3,,Aggregated,1.500000,0.000000,49,83,93,97,110,2000,2100,2100,2100,2100,2100,1913,5,49,164.4273020893163,0.5227000219747424,2115.059999981895,2961.687401986409
1769374454,3,,Aggregated,1.500000,0.000000,50,83,93,97,110,2000,2100,2100,2100,2100,2100,1916,5,50,164.3325608542786,0.5227000219747424,2115.059999981895,2960.3611691022966
1769374455,3,,Aggregated,1.500000,0.000000,50,83,93,97,110,2000,2100,2100,2100,2100,2100,1916,5,50,164.3325608542786,0.5227000219747424,2115.059999981895,2960.3611691022966
1769374456,3,,Aggregated,1.300000,0.000000,50,83,93,97,110,2000,2100,2100,2100,2100,2100,1919,5,50,164.2281911917052,0.5227000219747424,2115.059999981895,2959.0390828556538
1769374457,3,,Aggregated,1.300000,0.000000,50,84,93,97,110,2000,2100,2100,2100,2100,2100,1923,5,50,165.1079190831517,0.5227000219747424,2115.059999981895,2957.8372334893397
1769374458,3,,Aggregated,1.300000,0.000000,50,84,93,97,110,2000,2100,2100,2100,2100,2100,1923,5,50,165.1079190831517,0.5227000219747424,2115.059999981895,2957.8372334893397
1769374459,3,,Aggregated,1.200000,0.000000,50,84,93,97,110,2000,2100,2100,2100,2100,2100,1924,5,50,165.0513848216634,0.5227000219747424,2115.059999981895,2957.5758835758834
1769374460,3,,Aggregated,1.500000,0.000000,50,84,93,97,110,2000,2100,2100,2100,2100,2100,1925,5,50,164.99559262174773,0.5227000219747424,2115.059999981895,2957.4083116883116
1769374461,3,,Aggregated,1.400000,0.000000,50,84,93,97,110,2000,2100,2100,2100,2100,2100,1926,5,50,164.95003224133396,0.5227000219747424,2115.059999981895,2958.4693665628247
1769374462,3,,Aggregated,1.400000,0.000000,50,83,93,97,110,2000,2100,2100,2100,2100,2100,1927,5,50,164.88512578967922,0.5227000219747424,2115.059999981895,2958.355474831344
1769374463,3,,Aggregated,1.400000,0.000000,50,83,93,97,110,2000,2100,2100,2100,2100,2100,1928,5,50,164.83205554810502,0.5227000219747424,2115.059999981895,2958.1047717842325
1769374464,3,,Aggregated,1.400000,0.000000,50,83,93,97,110,2000,2100,2100,2100,2100,2100,1928,5,50,164.83205554810502,0.5227000219747424,2115.059999981895,2958.1047717842325
1769374465,3,,Aggregated,1.500000,0.000000,50,83,93,97,110,2000,2100,2100,2100,2100,2100,1929,5,50,164.77308325386693,0.5227000219747424,2115.059999981895,2957.8610679108347
1769374466,3,,Aggregated,1.500000,0.000000,50,84,93,97,110,2000,2100,2100,2100,2100,2100,1932,5,50,164.66709016394458,0.5227000219747424,2115.059999981895,2956.5517598343686
1769374467,3,,Aggregated,1.500000,0.000000,50,84,93,97,110,2000,2100,2100,2100,2100,2100,1932,5,50,164.66709016394458,0.5227000219747424,2115.059999981895,2956.5517598343686
1769374468,3,,Aggregated,1.300000,0.000000,50,84,93,98,110,2000,2100,2100,2100,2100,2100,1935,5,50,164.5529848045744,0.5227000219747424,2115.059999981895,2955.246511627907
1769374469,3,,Aggregated,1.300000,0.000000,51,84,93,98,110,2100,2100,2100,2100,2100,2100,1939,5,51,165.44900484617978,0.5227000219747424,2115.059999981895,2954.0598246518825
1769374470,3,,Aggregated,1.300000,0.000000,51,84,93,98,110,2100,2100,2100,2100,2100,2100,1939,5,51,165.44900484617978,0.5227000219747424,2115.059999981895,2954.0598246518825
1769374471,3,,Aggregated,1.200000,0.000000,51,84,93,98,110,2100,2100,2100,2100,2100,2100,1940,5,51,165.38900010138943,0.5227000219747424,2115.059999981895,2953.8025773195877
1769374472,3,,Aggregated,1.500000,0.000000,51,84,93,98,110,2000,2100,2100,2100,2100,2100,1941,5,51,165.3405377108245,0.5227000219747424,2115.059999981895,2953.6383307573415
1769374473,3,,Aggregated,1.400000,0.000000,51,84,93,98,110,2000,2100,2100,2100,2100,2100,1942,5,51,165.2886982475231,0.5227000219747424,2115.059999981895,2954.6925849639547
1769374474,3,,Aggregated,1.400000,0.000000,51,84,93,98,110,2000,2100,2100,2100,2100,2100,1943,5,51,165.23427915419305,0.5227000219747424,2115.059999981895,2954.5815748841997
1769374475,3,,Aggregated,1.400000,0.000000,51,84,93,98,110,2000,2100,2100,2100,2100,2100,1944,5,51,165.17429269373335,0.5227000219747424,2115.059999981895,2954.3348765432097
1769374476,3,,Aggregated,1.400000,0.000000,51,84,93,98,110,2000,2100,2100,2100,2100,2100,1944,5,51,165.17429269373335,0.5227000219747424,2115.059999981895,2954.3348765432097
1769374477,3,,Aggregated,1.500000,0.000000,51,84,93,98,110,2000,2100,2100,2100,2100,2100,1945,5,51,165.12624791597082,0.5227000219747424,2115.059999981895,2954.095115681234
1769374478,3,,Aggregated,1.500000,0.000000,51,84,93,98,110,2000,2100,2100,2100,2100,2100,1948,5,51,165.0095928113265,0.5227000219747424,2115.059999981895,2952.8023613963037
1769374479,3,,Aggregated,1.500000,0.000000,51,84,93,98,110,2000,2100,2100,2100,2100,2100,1948,5,51,165.0095928113265,0.5227000219747424,2115.059999981895,2952.8023613963037
1769374480,3,,Aggregated,1.300000,0.000000,51,84,93,98,110,2000,2100,2100,2100,2100,2100,1951,5,51,164.89492890646758,0.5227000219747424,2115.059999981895,2951.5135827780628
1769374481,3,,Aggregated,1.300000,0.000000,51,84,93,98,110,2100,2100,2100,2100,2100,2100,1955,5,51,165.7669830161011,0.5227000219747424,2115.059999981895,2950.3468030690537
1769374482,3,,Aggregated,1.300000,0.000000,51,84,93,98,110,2100,2100,2100,2100,2100,2100,1955,5,51,165.7669830161011,0.5227000219747424,2115.059999981895,2950.3468030690537
1769374483,3,,Aggregated,1.200000,0.000000,51,84,93,98,110,2100,2100,2100,2100,2100,2100,1956,5,51,165.71633082642867,0.5227000219747424,2115.059999981895,2950.093047034765
1769374484,3,,Aggregated,1.500000,0.000000,51,84,93,98,110,2100,2100,2100,2100,2100,2100,1957,5,51,165.66611522562158,0.5227000219747424,2115.059999981895,2949.9320388349515
1769374485,3,,Aggregated,1.400000,0.000000,51,84,93,98,110,2100,2100,2100,2100,2100,2100,1958,5,51,165.6093088848387,0.5227000219747424,2115.059999981895,2950.979570990807
1769374486,3,,Aggregated,1.400000,0.000000,51,84,93,98,110,2100,2100,2100,2100,2100,2100,1959,5,51,165.55397917130023,0.5227000219747424,2115.059999981895,2950.8713629402755
1769374487,3,,Aggregated,1.400000,0.000000,51,84,93,98,110,2100,2100,2100,2100,2100,2100,1960,5,51,165.49497811047704,0.5227000219747424,2115.059999981895,2950.6285714285714
1769374488,3,,Aggregated,1.400000,0.000000,51,84,93,98,110,2100,2100,2100,2100,2100,2100,1960,5,51,165.49497811047704,0.5227000219747424,2115.059999981895,2950.6285714285714
1769374489,3,,Aggregated,1.500000,0.000000,51,84,93,98,110,2000,2100,2100,2100,2100,2100,1961,5,51,165.4302662909069,0.5227000219747424,2115.059999981895,2950.393166751657
1769374490,3,,Aggregated,1.500000,0.000000,51,84,93,98,110,2000,2100,2100,2100,2100,2100,1962,5,51,165.3792388361255,0.5227000219747424,2115.059999981895,2949.2033639143733
1769374491,3,,Aggregated,1.500000,0.000000,51,84,93,98,110,2000,2100,2100,2100,2100,2100,1962,5,51,165.3792388361255,0.5227000219747424,2115.059999981895,2949.2033639143733
1769374492,3,,Aggregated,1.300000,0.000000,51,84,93,98,110,2100,2100,2100,2100,2100,2100,1965,5,51,166.28969027802972,0.5227000219747424,2115.059999981895,2947.929262086514
1769374494,3,,Aggregated,1.100000,0.000000,51,84,93,98,110,2100,2100,2100,2100,2100,2100,1969,5,51,167.15312148109712,0.5227000219747424,2115.059999981895,2946.775520568817
1769374495,3,,Aggregated,0.700000,0.000000,51,84,93,98,110,2100,2100,2100,2100,2100,2100,1971,5,51,168.11795012490518,0.5227000219747424,2115.059999981895,2946.691527143582
1769374496,3,,Aggregated,1.000000,0.000000,51,84,93,98,110,2100,2100,2100,2100,2100,2100,1972,5,51,168.05853879117714,0.5227000219747424,2115.059999981895,2946.442190669371
1769374497,3,,Aggregated,1.300000,0.000000,51,84,93,98,110,2100,2100,2100,2100,2100,2100,1973,5,51,167.9998035460061,0.5227000219747424,2115.059999981895,2946.2843385707047
1769374498,3,,Aggregated,1.400000,0.000000,51,84,93,98,110,2100,2100,2100,2100,2100,2100,1974,5,51,167.93807233854082,0.5227000219747424,2115.059999981895,2947.325227963526
1769374499,3,,Aggregated,1.400000,0.000000,51,84,93,98,110,2100,2100,2100,2100,2100,2100,1975,5,51,167.89516182091748,0.5227000219747424,2115.059999981895,2947.218734177215
1769374500,3,,Aggregated,1.400000,0.000000,51,84,93,98,110,2100,2100,2100,2100,2100,2100,1976,5,51,167.8356171033825,0.5227000219747424,2115.059999981895,2946.97975708502
1769374501,3,,Aggregated,1.400000,0.000000,51,84,93,98,110,2100,2100,2100,2100,2100,2100,1976,5,51,167.8356171033825,0.5227000219747424,2115.059999981895,2946.97975708502
1769374502,3,,Aggregated,1.500000,0.000000,51,84,93,98,110,2100,2100,2100,2100,2100,2100,1977,5,51,167.78481947207473,0.5227000219747424,2115.059999981895,2946.7460799190694
1769374503,3,,Aggregated,1.500000,0.000000,51,84,93,98,110,2100,2100,2100,2100,2100,2100,1980,5,51,167.67825706887783,0.5227000219747424,2115.059999981895,2945.4853535353536
1769374504,3,,Aggregated,1.500000,0.000000,51,84,93,98,110,2100,2100,2100,2100,2100,2100,1981,5,51,167.61286466244695,0.5227000219747424,2115.059999981895,2944.3094396769307
1769374505,3,,Aggregated,1.500000,0.000000,51,84,93,98,110,2100,2100,2100,2100,2100,2100,1983,5,51,167.5546810369557,0.5227000219747424,2115.059999981895,2944.2284417549167
1769374506,3,,Aggregated,1.500000,0.000000,51,84,93,98,110,2100,2100,2100,2100,2100,2100,1987,5,51,168.41975963584494,0.5227000219747424,2115.059999981895,2943.092601912431
1769374507,3,,Aggregated,1.200000,0.000000,51,84,93,98,110,2100,2100,2100,2100,2100,2100,1988,5,51,168.35948686946747,0.5227000219747424,2115.059999981895,2942.8465794768613
1769374508,3,,Aggregated,1.500000,0.000000,51,84,93,98,110,2100,2100,2100,2100,2100,2100,1989,5,51,168.29383654922364,0.5227000219747424,2115.059999981895,2942.691804927099
1769374509,3,,Aggregated,1.400000,0.000000,51,84,93,98,110,2100,2100,2100,2100,2100,2100,1990,5,51,168.23313954589307,0.5227000219747424,2115.059999981895,2943.7261306532664
1769374510,3,,Aggregated,1.400000,0.000000,51,84,93,98,110,2100,2100,2100,2100,2100,2100,1991,5,51,168.1778337500661,0.5227000219747424,2115.059999981895,2943.6238071320945
1769374511,3,,Aggregated,1.400000,0.000000,51,84,93,98,110,2100,2100,2100,2100,2100,2100,1992,5,51,168.11474392388808,0.5227000219747424,2115.059999981895,2943.3885542168673
1769374512,3,,Aggregated,1.400000,0.000000,51,84,93,98,110,2100,2100,2100,2100,2100,2100,1992,5,51,168.11474392388808,0.5227000219747424,2115.059999981895,2943.3885542168673
1769374513,3,,Aggregated,1.500000,0.000000,51,84,93,98,110,2100,2100,2100,2100,2100,2100,1993,5,51,168.06165599414908,0.5227000219747424,2115.059999981895,2943.1600602107374
1769374514,3,,Aggregated,1.500000,0.000000,51,84,93,98,110,2100,2100,2100,2100,2100,2100,1994,5,51,168.00710601621674,0.5227000219747424,2115.059999981895,2941.9929789368102
1769374515,3,,Aggregated,1.500000,0.000000,52,84,93,98,110,2100,2100,2100,2100,2100,2100,1996,5,51,167.9480752987831,0.5227000219747424,2115.059999981895,2941.9148296593185
1769374516,3,,Aggregated,1.300000,0.000000,51,84,93,98,110,2100,2100,2100,2100,2100,2100,1997,5,51,167.8825825720146,0.5227000219747424,2115.059999981895,2940.7501251877816
1769374517,3,,Aggregated,1.300000,0.000000,52,84,93,98,110,2100,2100,2100,2100,2100,2100,2000,5,52,167.77525399811566,0.5227000219747424,2115.059999981895,2940.4285
1769374518,3,,Aggregated,1.300000,0.000000,52,84,94,98,110,2100,2100,2100,2100,2100,2100,2003,5,52,168.6765153749827,0.5227000219747424,2115.059999981895,2939.556165751373
1769374519,3,,Aggregated,1.200000,0.000000,52,84,94,98,110,2100,2100,2100,2100,2100,2100,2004,5,52,168.61362115572024,0.5227000219747424,2115.059999981895,2939.313872255489
1769374520,3,,Aggregated,1.500000,0.000000,52,84,94,98,110,2100,2100,2100,2100,2100,2100,2005,5,52,168.55488328978493,0.5227000219747424,2115.059999981895,2939.162094763092
1769374521,3,,Aggregated,1.400000,0.000000,52,84,94,98,110,2100,2100,2100,2100,2100,2100,2006,5,52,168.5024816530677,0.5227000219747424,2115.059999981895,2940.189930209372
1769374522,3,,Aggregated,1.400000,0.000000,52,84,94,98,110,2100,2100,2100,2100,2100,2100,2007,5,52,168.44051419831553,0.5227000219747424,2115.059999981895,2940.0896860986545
1769374523,3,,Aggregated,1.400000,0.000000,52,84,94,98,110,2100,2100,2100,2100,2100,2100,2008,5,52,168.3818370995967,0.5227000219747424,2115.059999981895,2939.858565737052
1769374524,3,,Aggregated,1.400000,0.000000,52,84,94,98,110,2100,2100,2100,2100,2100,2100,2008,5,52,168.3818370995967,0.5227000219747424,2115.059999981895,2939.858565737052
1769374525,3,,Aggregated,1.500000,0.000000,52,84,93,98,110,2100,2100,2100,2100,2100,2100,2009,5,52,168.3258109985266,0.5227000219747424,2115.059999981895,2939.6336485813836
1769374526,3,,Aggregated,1.500000,0.000000,52,84,94,98,110,2100,2100,2100,2100,2100,2100,2011,5,52,168.2421369945273,0.5227000219747424,2115.059999981895,2937.7533565390354
1769374527,3,,Aggregated,1.500000,0.000000,52,84,94,98,110,2100,2100,2100,2100,2100,2100,2012,5,52,168.2216439344184,0.5227000219747424,2115.059999981895,2938.403578528827
1769374528,3,,Aggregated,1.300000,0.000000,52,84,94,98,110,2100,2100,2100,2100,2100,2100,2015,5,52,168.0894632734215,0.5227000219747424,2115.059999981895,2937.177171215881
1769374529,3,,Aggregated,1.300000,0.000000,52,84,94,98,110,2100,2100,2100,2100,2100,2100,2019,5,52,168.8801592848194,0.5227000219747424,2115.059999981895,2936.073798910352
1769374530,3,,Aggregated,1.300000,0.000000,52,84,94,98,110,2100,2100,2100,2100,2100,2100,2019,5,52,168.8801592848194,0.5227000219747424,2115.059999981895,2936.073798910352
1769374531,3,,Aggregated,1.200000,0.000000,52,84,94,98,110,2100,2100,2100,2100,2100,2100,2020,5,52,168.81322905745145,0.5227000219747424,2115.059999981895,2935.8351485148514
1769374532,3,,Aggregated,1.500000,0.000000,52,84,94,98,110,2100,2100,2100,2100,2100,2100,2021,5,52,168.7477001959973,0.5227000219747424,2115.059999981895,2935.688273132113
1769374533,3,,Aggregated,1.400000,0.000000,52,84,94,98,110,2100,2100,2100,2100,2100,2100,2022,5,52,168.68103585370866,0.5227000219747424,2115.059999981895,2936.709693372898
1769374534,3,,Aggregated,1.400000,0.000000,52,84,94,98,110,2100,2100,2100,2100,2100,2100,2023,5,52,168.6145268888542,0.5227000219747424,2115.059999981895,2936.6144340088977
1769374535,3,,Aggregated,1.400000,0.000000,52,84,94,98,110,2100,2100,2100,2100,2100,2100,2024,5,52,168.5495340889858,0.5227000219747424,2115.059999981895,2936.38685770751
1769374536,3,,Aggregated,1.400000,0.000000,52,84,94,98,110,2100,2100,2100,2100,2100,2100,2024,5,52,168.5495340889858,0.5227000219747424,2115.059999981895,2936.38685770751
1769374537,3,,Aggregated,1.500000,0.000000,52,84,94,98,110,2100,2100,2100,2100,2100,2100,2025,5,52,168.4840023190496,0.5227000219747424,2115.059999981895,2936.165925925926
1769374538,3,,Aggregated,1.500000,0.000000,52,84,94,98,110,2100,2100,2100,2100,2100,2100,2028,5,52,168.3350901854297,0.5227000219747424,2115.059999981895,2934.950690335306
1769374539,3,,Aggregated,1.500000,0.000000,52,84,94,98,110,2100,2100,2100,2100,2100,2100,2028,5,52,168.3350901854297,0.5227000219747424,2115.059999981895,2934.950690335306
1769374540,3,,Aggregated,1.300000,0.000000,52,84,94,98,110,2100,2100,2100,2100,2100,2100,2031,5,52,168.1877465269004,0.5227000219747424,2115.059999981895,2933.7390448055144
1769374541,3,,Aggregated,1.300000,0.000000,52,84,94,98,110,2100,2100,2100,2100,2100,2100,2035,5,52,168.98087012102135,0.5227000219747424,2115.059999981895,2932.653071253071
1769374542,3,,Aggregated,1.300000,0.000000,52,84,94,98,110,2100,2100,2100,2100,2100,2100,2035,5,52,168.98087012102135,0.5227000219747424,2115.059999981895,2932.653071253071
1769374543,3,,Aggregated,1.200000,0.000000,52,84,94,98,110,2100,2100,2100,2100,2100,2100,2036,5,52,168.91375883900486,0.5227000219747424,2115.059999981895,2932.418467583497
1769374544,3,,Aggregated,1.500000,0.000000,52,84,94,98,110,2100,2100,2100,2100,2100,2100,2037,5,52,168.84973028780564,0.5227000219747424,2115.059999981895,2932.2719685812467
1769374545,3,,Aggregated,1.400000,0.000000,52,84,94,98,110,2100,2100,2100,2100,2100,2100,2038,5,52,168.78443145055152,0.5227000219747424,2115.059999981895,2933.2870461236507
1769374546,3,,Aggregated,1.400000,0.000000,52,84,94,98,110,2100,2100,2100,2100,2100,2100,2039,5,52,168.71992054745024,0.5227000219747424,2115.059999981895,2933.1917606669936
1769374547,3,,Aggregated,1.400000,0.000000,52,84,94,98,110,2100,2100,2100,2100,2100,2100,2040,5,52,168.65469092952873,0.5227000219747424,2115.059999981895,2932.9676470588233
1769374548,3,,Aggregated,1.400000,0.000000,52,84,94,98,110,2100,2100,2100,2100,2100,2100,2040,5,52,168.65469092952873,0.5227000219747424,2115.059999981895,2932.9676470588233
1769374549,3,,Aggregated,1.500000,0.000000,52,84,93,98,110,2100,2100,2100,2100,2100,2100,2041,5,52,168.59315957679902,0.5227000219747424,2115.059999981895,2932.749632533072
1769374550,3,,Aggregated,1.500000,0.000000,52,84,94,98,110,2100,2100,2100,2100,2100,2100,2044,5,52,168.44675670069898,0.5227000219747424,2115.059999981895,2931.548923679061
1769374551,3,,Aggregated,1.500000,0.000000,52,84,94,98,110,2100,2100,2100,2100,2100,2100,2044,5,52,168.44675670069898,0.5227000219747424,2115.059999981895,2931.548923679061
1769374552,3,,Aggregated,1.300000,0.000000,52,84,94,98,110,2100,2100,2100,2100,2100,2100,2047,5,52,168.3126234471171,0.5227000219747424,2115.059999981895,2930.351734245237
1769374553,3,,Aggregated,1.300000,0.000000,52,84,94,98,110,2100,2100,2100,2100,2100,2100,2051,5,52,169.1119752297344,0.5227000219747424,2115.059999981895,2929.2788883471476
1769374554,3,,Aggregated,1.300000,0.000000,52,84,94,98,110,2100,2100,2100,2100,2100,2100,2051,5,52,169.1119752297344,0.5227000219747424,2115.059999981895,2929.2788883471476
1769374555,3,,Aggregated,1.200000,0.000000,52,84,94,98,110,2100,2100,2100,2100,2100,2100,2052,5,52,169.05116690845833,0.5227000219747424,2115.059999981895,2929.0438596491226
1769374556,3,,Aggregated,1.500000,0.000000,52,84,94,98,110,2100,2100,2100,2100,2100,2100,2053,5,52,168.98890978869238,0.5227000219747424,2115.059999981895,2928.900146127618
1769374557,3,,Aggregated,1.400000,0.000000,52,84,94,98,110,2100,2100,2100,2100,2100,2100,2054,5,52,168.92406752496504,0.5227000219747424,2115.059999981895,2929.908958130477
1769374558,3,,Aggregated,1.400000,0.000000,52,84,94,98,110,2100,2100,2100,2100,2100,2100,2055,5,52,168.86311571596423,0.5227000219747424,2115.059999981895,2929.817518248175
1769374559,3,,Aggregated,1.400000,0.000000,52,84,94,98,110,2100,2100,2100,2100,2100,2100,2056,5,51,168.80011264408498,0.5227000219747424,2115.059999981895,2929.5963035019454
1769374560,3,,Aggregated,1.400000,0.000000,52,84,94,98,110,2100,2100,2100,2100,2100,2100,2056,5,51,168.80011264408498,0.5227000219747424,2115.059999981895,2929.5963035019454
1769374561,3,,Aggregated,1.500000,0.000000,51,84,93,98,110,2100,2100,2100,2100,2100,2100,2057,5,51,168.73951429087128,0.5227000219747424,2115.059999981895,2929.380165289256
1769374562,3,,Aggregated,1.500000,0.000000,52,84,94,98,110,2100,2100,2100,2100,2100,2100,2060,5,51,168.59840295934208,0.5227000219747424,2115.059999981895,2928.1936893203883
1769374563,3,,Aggregated,1.500000,0.000000,52,84,94,98,110,2100,2100,2100,2100,2100,2100,2060,5,51,168.59840295934208,0.5227000219747424,2115.059999981895,2928.1936893203883
1769374564,3,,Aggregated,1.300000,0.000000,52,84,94,98,110,2100,2100,2100,2100,2100,2100,2063,5,52,168.46617566472642,0.5227000219747424,2115.059999981895,2927.0106640814347
1769374565,3,,Aggregated,1.300000,0.000000,52,84,94,98,110,2100,2100,2100,2100,2100,2100,2067,5,52,169.26747784044423,0.5227000219747424,2115.059999981895,2925.9545234639572
1769374566,3,,Aggregated,1.300000,0.000000,52,84,94,98,110,2100,2100,2100,2100,2100,2100,2067,5,52,169.26747784044423,0.5227000219747424,2115.059999981895,2925.9545234639572
1769374567,3,,Aggregated,1.200000,0.000000,52,84,94,98,110,2100,2100,2100,2100,2100,2100,2068,5,52,169.20451634245785,0.5227000219747424,2115.059999981895,2925.7263056092843
1769374568,3,,Aggregated,1.500000,0.000000,52,84,94,98,110,2100,2100,2100,2100,2100,2100,2069,5,52,169.14335171396786,0.5227000219747424,2115.059999981895,2925.5857902368293
1769374569,3,,Aggregated,1.400000,0.000000,52,84,94,98,110,2100,2100,2100,2100,2100,2100,2070,5,51,169.0803737179961,0.5227000219747424,2115.059999981895,2926.5884057971016
1769374570,3,,Aggregated,1.400000,0.000000,51,84,94,98,110,2100,2100,2100,2100,2100,2100,2071,5,51,169.01886243179112,0.5227000219747424,2115.059999981895,2926.500241429261
1769374571,3,,Aggregated,1.400000,0.000000,51,84,94,98,110,2100,2100,2100,2100,2100,2100,2072,5,51,168.95732601166705,0.5227000219747424,2115.059999981895,2926.282335907336
1769374572,3,,Aggregated,1.400000,0.000000,51,84,94,98,110,2100,2100,2100,2100,2100,2100,2072,5,51,168.95732601166705,0.5227000219747424,2115.059999981895,2926.282335907336
1769374573,3,,Aggregated,1.500000,0.000000,51,84,94,98,110,2100,2100,2100,2100,2100,2100,2073,5,51,168.89523574346754,0.5227000219747424,2115.059999981895,2926.0713941148097
1769374574,3,,Aggregated,1.500000,0.000000,51,84,94,98,110,2100,2100,2100,2100,2100,2100,2076,5,51,168.76552523903797,0.5227000219747424,2115.059999981895,2924.898843930636
1769374575,3,,Aggregated,1.500000,0.000000,51,84,94,98,110,2100,2100,2100,2100,2100,2100,2076,5,51,168.76552523903797,0.5227000219747424,2115.059999981895,2924.898843930636
1769374576,3,,Aggregated,1.300000,0.000000,51,84,94,98,110,2100,2100,2100,2100,2100,2100,2079,5,51,168.63281967111888,0.5227000219747424,2115.059999981895,2923.729677729678
1769374577,3,,Aggregated,1.300000,0.000000,52,84,94,98,110,2100,2100,2100,2100,2100,2100,2083,5,52,169.4116682651177,0.5227000219747424,2115.059999981895,2922.6855496879502
1769374578,3,,Aggregated,1.300000,0.000000,52,84,94,98,110,2100,2100,2100,2100,2100,2100,2083,5,52,169.4116682651177,0.5227000219747424,2115.059999981895,2922.6855496879502
1769374579,3,,Aggregated,1.200000,0.000000,52,84,94,98,110,2100,2100,2100,2100,2100,2100,2084,5,51,169.3478437601888,0.5227000219747424,2115.059999981895,2922.46113243762
1769374580,3,,Aggregated,1.500000,0.000000,51,84,94,98,110,2100,2100,2100,2100,2100,2100,2085,5,51,169.28637884708002,0.5227000219747424,2115.059999981895,2922.325179856115
1769374581,3,,Aggregated,1.400000,0.000000,51,84,94,98,110,2100,2100,2100,2100,2100,2100,2086,5,51,169.2241397872143,0.5227000219747424,2115.059999981895,2923.321668264621
1769374582,3,,Aggregated,1.400000,0.000000,51,84,94,98,110,2100,2100,2100,2100,2100,2100,2087,5,51,169.16339463156268,0.5227000219747424,2115.059999981895,2923.232390991854
1769374583,3,,Aggregated,1.400000,0.000000,51,84,94,98,110,2100,2100,2100,2100,2100,2100,2088,5,51,169.10159353262048,0.5227000219747424,2115.059999981895,2923.0181992337166
1769374584,3,,Aggregated,1.400000,0.000000,51,84,94,98,110,2100,2100,2100,2100,2100,2100,2088,5,51,169.10159353262048,0.5227000219747424,2115.059999981895,2923.0181992337166
1769374585,3,,Aggregated,1.500000,0.000000,51,84,94,98,110,2100,2100,2100,2100,2100,2100,2089,5,51,169.04092517765235,0.5227000219747424,2115.059999981895,2922.8085208233606
1769374586,3,,Aggregated,1.500000,0.000000,51,84,94,98,110,2100,2100,2100,2100,2100,2100,2092,5,51,168.90928398475654,0.5227000219747424,2115.059999981895,2921.6496175908223
1769374587,3,,Aggregated,1.500000,0.000000,51,84,94,98,110,2100,2100,2100,2100,2100,2100,2092,5,51,168.90928398475654,0.5227000219747424,2115.059999981895,2921.6496175908223
1769374588,3,,Aggregated,1.300000,0.000000,51,84,94,98,110,2100,2100,2100,2100,2100,2100,2095,5,51,168.77064558283953,0.5227000219747424,2115.059999981895,2920.494033412888
1769374589,3,,Aggregated,1.300000,0.000000,51,84,94,98,110,2100,2100,2100,2100,2100,2100,2099,5,51,169.5473572634615,0.5227000219747424,2115.059999981895,2919.4645069080516
1769374590,3,,Aggregated,1.300000,0.000000,51,84,94,98,110,2100,2100,2100,2100,2100,2100,2099,5,51,169.5473572634615,0.5227000219747424,2115.059999981895,2919.4645069080516
1769374591,3,,Aggregated,1.200000,0.000000,51,84,94,98,110,2100,2100,2100,2100,2100,2100,2100,5,51,169.4858541409485,0.5227000219747424,2115.059999981895,2919.2428571428572
1769374592,3,,Aggregated,1.500000,0.000000,51,84,94,98,110,2100,2100,2100,2100,2100,2100,2101,5,51,169.42416553827502,0.5227000219747424,2115.059999981895,2919.1075678248453
1769374593,3,,Aggregated,1.400000,0.000000,51,84,94,98,110,2100,2100,2100,2100,2100,2100,2102,5,51,169.36292345189204,0.5227000219747424,2115.059999981895,2920.0980019029494
1769374594,3,,Aggregated,1.400000,0.000000,51,84,94,98,110,2100,2100,2100,2100,2100,2100,2103,5,51,169.30212344076614,0.5227000219747424,2115.059999981895,2920.0142653352355
1769374595,3,,Aggregated,1.400000,0.000000,51,84,94,98,110,2100,2100,2100,2100,2100,2100,2104,5,51,169.23954800187838,0.5227000219747424,2115.059999981895,2919.8032319391637
1769374596,3,,Aggregated,1.400000,0.000000,51,84,94,98,110,2100,2100,2100,2100,2100,2100,2104,5,51,169.23954800187838,0.5227000219747424,2115.059999981895,2919.8032319391637
1769374597,3,,Aggregated,1.500000,0.000000,51,84,94,98,110,2100,2100,2100,2100,2100,2100,2105,5,51,169.17863073443547,0.5227000219747424,2115.059999981895,2919.5985748218527
1769374598,3,,Aggregated,1.500000,0.000000,51,84,94,98,110,2100,2100,2100,2100,2100,2100,2108,5,51,169.0357750454768,0.5227000219747424,2115.059999981895,2918.4530360531307
1769374599,3,,Aggregated,1.500000,0.000000,51,84,94,98,110,2100,2100,2100,2100,2100,2100,2108,5,51,169.0357750454768,0.5227000219747424,2115.059999981895,2918.4530360531307
1769374601,3,,Aggregated,1.300000,0.000000,51,84,94,98,110,2100,2100,2100,2100,2100,2100,2111,5,51,168.9005601117811,0.5227000219747424,2115.059999981895,2917.3107531975365
1769374602,3,,Aggregated,1.300000,0.000000,51,84,94,98,110,2100,2100,2100,2100,2100,2100,2115,5,51,169.66312013992524,0.5227000219747424,2115.059999981895,2916.295035460993
1769374603,3,,Aggregated,1.300000,0.000000,51,84,94,98,110,2100,2100,2100,2100,2100,2100,2115,5,51,169.66312013992524,0.5227000219747424,2115.059999981895,2916.295035460993
1769374604,3,,Aggregated,1.200000,0.000000,51,84,94,98,110,2100,2100,2100,2100,2100,2100,2116,5,51,169.59756110398283,0.5227000219747424,2115.059999981895,2916.076559546314
1769374605,3,,Aggregated,1.500000,0.000000,51,84,94,98,110,2100,2100,2100,2100,2100,2100,2117,5,51,169.53676915254636,0.5227000219747424,2115.059999981895,2915.943316013226
1769374606,3,,Aggregated,1.400000,0.000000,51,84,94,98,110,2100,2100,2100,2100,2100,2100,2118,5,51,169.4741217166997,0.5227000219747424,2115.059999981895,2916.92776203966
1769374607,3,,Aggregated,1.400000,0.000000,51,84,94,98,110,2100,2100,2100,2100,2100,2100,2119,5,51,169.4121364303682,0.5227000219747424,2115.059999981895,2916.846153846154
1769374608,3,,Aggregated,1.400000,0.000000,51,84,94,98,110,2100,2100,2100,2100,2100,2100,2120,5,51,169.351502875457,0.5227000219747424,2115.059999981895,2916.6382075471697
1769374609,3,,Aggregated,1.400000,0.000000,51,84,94,98,110,2100,2100,2100,2100,2100,2100,2120,5,51,169.351502875457,0.5227000219747424,2115.059999981895,2916.6382075471697
1769374610,3,,Aggregated,1.500000,0.000000,51,84,94,98,110,2100,2100,2100,2100,2100,2100,2122,5,51,169.22692963998313,0.5227000219747424,2115.059999981895,2915.352026390198
1769374611,3,,Aggregated,1.500000,0.000000,51,84,94,98,110,2100,2100,2100,2100,2100,2100,2124,5,51,169.15365658947547,0.5227000219747424,2115.059999981895,2915.303672316384
1769374612,3,,Aggregated,1.300000,0.000000,51,84,94,98,110,2100,2100,2100,2100,2100,2100,2125,5,51,169.08819162166293,0.5227000219747424,2115.059999981895,2914.2216470588237
1769374613,3,,Aggregated,1.300000,0.000000,51,84,94,98,110,2100,2100,2100,2100,2100,2100,2128,5,51,168.95799309029934,0.5227000219747424,2115.059999981895,2913.9548872180453
1769374614,3,,Aggregated,1.300000,0.000000,51,84,94,98,110,2100,2100,2100,2100,2100,2100,2131,5,51,169.78057151387614,0.5227000219747424,2115.059999981895,2913.172219615204
1769374615,3,,Aggregated,1.200000,0.000000,51,84,94,98,110,2100,2100,2100,2100,2100,2100,2132,5,51,169.71996224018585,0.5227000219747424,2115.059999981895,2912.9573170731705
1769374616,3,,Aggregated,1.500000,0.000000,51,84,94,98,110,2100,2100,2100,2100,2100,2100,2133,5,51,169.6592317843889,0.5227000219747424,2115.059999981895,2912.8265353961556
1769374617,3,,Aggregated,1.400000,0.000000,51,84,94,98,110,2100,2100,2100,2100,2100,2100,2134,5,51,169.59723673667932,0.5227000219747424,2115.059999981895,2913.805060918463
1769374618,3,,Aggregated,1.400000,0.000000,51,84,94,98,110,2100,2100,2100,2100,2100,2100,2135,5,51,169.5357377030745,0.5227000219747424,2115.059999981895,2913.7236533957844
1769374619,3,,Aggregated,1.400000,0.000000,51,84,94,98,110,2100,2100,2100,2100,2100,2100,2136,5,51,169.47585673972682,0.5227000219747424,2115.059999981895,2913.5182584269664
1769374620,3,,Aggregated,1.400000,0.000000,51,84,94,98,110,2100,2100,2100,2100,2100,2100,2136,5,51,169.47585673972682,0.5227000219747424,2115.059999981895,2913.5182584269664
1769374621,3,,Aggregated,1.500000,0.000000,51,84,94,98,110,2100,2100,2100,2100,2100,2100,2137,5,51,169.4144215704446,0.5227000219747424,2115.059999981895,2913.3191389798785
1769374622,3,,Aggregated,1.500000,0.000000,51,84,94,98,110,2100,2100,2100,2100,2100,2100,2140,5,51,169.25510943744322,0.5227000219747424,2115.059999981895,2912.1995327102804
1769374623,3,,Aggregated,1.500000,0.000000,51,84,94,98,110,2100,2100,2100,2100,2100,2100,2140,5,51,169.25510943744322,0.5227000219747424,2115.059999981895,2912.1995327102804
1769374624,3,,Aggregated,1.300000,0.000000,51,84,94,98,110,2100,2100,2100,2100,2100,2100,2142,5,51,169.15780139870049,0.5227000219747424,2115.059999981895,2910.4598506069096
1769374625,3,,Aggregated,1.300000,0.000000,51,84,94,98,110,2100,2100,2100,2100,2100,2100,2145,5,51,169.03256060417723,0.5227000219747424,2115.059999981895,2910.2
1769374626,3,,Aggregated,1.300000,0.000000,51,84,94,98,110,2100,2100,2100,2100,2100,2100,2147,5,51,169.8890809948666,0.5227000219747424,2115.059999981895,2910.0936190032603
1769374627,3,,Aggregated,1.200000,0.000000,51,84,94,98,110,2100,2100,2100,2100,2100,2100,2148,5,51,169.82868710240987,0.5227000219747424,2115.059999981895,2909.8817504655494
1769374628,3,,Aggregated,1.500000,0.000000,51,84,94,98,110,2100,2100,2100,2100,2100,2100,2149,5,51,169.76878724803973,0.5227000219747424,2115.059999981895,2909.755700325733
1769374629,3,,Aggregated,1.400000,0.000000,51,84,94,98,110,2100,2100,2100,2100,2100,2100,2150,5,51,169.70754702142332,0.5227000219747424,2115.059999981895,2910.728372093023
1769374630,3,,Aggregated,1.400000,0.000000,51,84,94,98,110,2100,2100,2100,2100,2100,2100,2151,5,51,169.64344355932155,0.5227000219747424,2115.059999981895,2910.6476057647606
1769374631,3,,Aggregated,1.400000,0.000000,51,84,94,98,110,2100,2100,2100,2100,2100,2100,2152,5,51,169.5845419126948,0.5227000219747424,2115.059999981895,2910.4451672862456
1769374632,3,,Aggregated,1.400000,0.000000,51,84,94,98,110,2100,2100,2100,2100,2100,2100,2152,5,51,169.5845419126948,0.5227000219747424,2115.059999981895,2910.4451672862456
1769374633,3,,Aggregated,1.500000,0.000000,51,84,94,98,110,2100,2100,2100,2100,2100,2100,2153,5,51,169.52491862341654,0.5227000219747424,2115.059999981895,2910.2475615420344
1769374634,3,,Aggregated,1.500000,0.000000,51,84,94,98,110,2100,2100,2100,2100,2100,2100,2156,5,51,169.3967099704111,0.5227000219747424,2115.059999981895,2909.1405380333954
1769374635,3,,Aggregated,1.500000,0.000000,51,84,94,98,110,2100,2100,2100,2100,2100,2100,2156,5,51,169.3967099704111,0.5227000219747424,2115.059999981895,2909.1405380333954
1769374636,3,,Aggregated,1.300000,0.000000,51,84,94,98,110,2100,2100,2100,2100,2100,2100,2159,5,51,169.26420500049917,0.5227000219747424,2115.059999981895,2908.0365910143587
1769374637,3,,Aggregated,1.300000,0.000000,51,84,94,98,110,2100,2100,2100,2100,2100,2100,2163,5,51,170.01814243924716,0.5227000219747424,2115.059999981895,2907.0601017105873
1769374638,3,,Aggregated,1.300000,0.000000,51,84,94,98,110,2100,2100,2100,2100,2100,2100,2163,5,51,170.01814243924716,0.5227000219747424,2115.059999981895,2907.0601017105873
1769374639,3,,Aggregated,1.200000,0.000000,51,84,94,98,110,2100,2100,2100,2100,2100,2100,2164,5,51,169.9581662643324,0.5227000219747424,2115.059999981895,2906.850739371534
1769374640,3,,Aggregated,1.500000,0.000000,51,84,94,98,110,2100,2100,2100,2100,2100,2100,2165,5,51,169.89831828913387,0.5227000219747424,2115.059999981895,2906.7270207852193
1769374641,3,,Aggregated,1.400000,0.000000,51,84,94,98,110,2100,2100,2100,2100,2100,2100,2166,5,51,169.8351325466154,0.5227000219747424,2115.059999981895,2907.6939058171747
1769374642,3,,Aggregated,1.400000,0.000000,51,84,94,98,110,2100,2100,2100,2100,2100,2100,2167,5,51,169.77412907059,0.5227000219747424,2115.059999981895,2907.6165205353022
1769374643,3,,Aggregated,1.400000,0.000000,51,84,94,98,110,2100,2100,2100,2100,2100,2100,2168,5,51,169.7127987066094,0.5227000219747424,2115.059999981895,2907.4169741697415
1769374644,3,,Aggregated,1.400000,0.000000,51,84,94,98,110,2100,2100,2100,2100,2100,2100,2168,5,51,169.7127987066094,0.5227000219747424,2115.059999981895,2907.4169741697415
1769374645,3,,Aggregated,1.500000,0.000000,51,84,94,98,110,2100,2100,2100,2100,2100,2100,2169,5,51,169.65106818622124,0.5227000219747424,2115.059999981895,2907.2236053480865
1769374646,3,,Aggregated,1.500000,0.000000,51,84,94,98,110,2100,2100,2100,2100,2100,2100,2172,5,51,169.52086279737296,0.5227000219747424,2115.059999981895,2906.1289134438307
1769374647,3,,Aggregated,1.500000,0.000000,51,84,94,98,110,2100,2100,2100,2100,2100,2100,2172,5,51,169.52086279737296,0.5227000219747424,2115.059999981895,2906.1289134438307
1769374648,3,,Aggregated,1.300000,0.000000,51,84,94,98,110,2100,2100,2100,2100,2100,2100,2175,5,51,169.3897609176628,0.5227000219747424,2115.059999981895,2905.03724137931
1769374649,3,,Aggregated,1.300000,0.000000,51,84,94,98,110,2100,2100,2100,2100,2100,2100,2179,5,51,170.1339141789699,0.5227000219747424,2115.059999981895,2904.0734281780633
1769374650,3,,Aggregated,1.300000,0.000000,51,84,94,98,110,2100,2100,2100,2100,2100,2100,2179,5,51,170.1339141789699,0.5227000219747424,2115.059999981895,2904.0734281780633
1769374651,3,,Aggregated,1.200000,0.000000,51,84,94,98,110,2100,2100,2100,2100,2100,2100,2180,5,51,170.07429990639756,0.5227000219747424,2115.059999981895,2903.8669724770643
1769374652,3,,Aggregated,1.500000,0.000000,51,84,94,98,110,2100,2100,2100,2100,2100,2100,2181,5,51,170.01520192384265,0.5227000219747424,2115.059999981895,2903.743237047226
1769374653,3,,Aggregated,1.400000,0.000000,51,84,94,98,110,2100,2100,2100,2100,2100,2100,2182,5,51,169.9565822162237,0.5227000219747424,2115.059999981895,2904.7043996333637
1769374654,3,,Aggregated,1.400000,0.000000,51,84,94,98,110,2100,2100,2100,2100,2100,2100,2183,5,51,169.89858744657874,0.5227000219747424,2115.059999981895,2904.6307833256988
1769374655,3,,Aggregated,1.400000,0.000000,51,84,94,98,110,2100,2100,2100,2100,2100,2100,2184,5,51,169.83953113367033,0.5227000219747424,2115.059999981895,2904.434065934066
1769374656,3,,Aggregated,1.400000,0.000000,51,84,94,98,110,2100,2100,2100,2100,2100,2100,2184,5,51,169.83953113367033,0.5227000219747424,2115.059999981895,2904.434065934066
1769374657,3,,Aggregated,1.500000,0.000000,51,84,94,98,110,2100,2100,2100,2100,2100,2100,2185,5,51,169.78065857937605,0.5227000219747424,2115.059999981895,2904.24347826087
1769374658,3,,Aggregated,1.500000,0.000000,51,84,94,98,110,2100,2100,2100,2100,2100,2100,2188,5,51,169.64809702743582,0.5227000219747424,2115.059999981895,2903.160877513711
1769374659,3,,Aggregated,1.500000,0.000000,51,84,94,98,110,2100,2100,2100,2100,2100,2100,2188,5,51,169.64809702743582,0.5227000219747424,2115.059999981895,2903.160877513711
1769374660,3,,Aggregated,1.300000,0.000000,51,84,94,98,110,2100,2100,2100,2100,2100,2100,2191,5,51,169.5217771318774,0.5227000219747424,2115.059999981895,2902.081241442264
1769374661,3,,Aggregated,1.300000,0.000000,51,84,94,98,110,2100,2100,2100,2100,2100,2100,2195,5,51,170.2558837794425,0.5227000219747424,2115.059999981895,2901.129840546697
1769374662,3,,Aggregated,1.300000,0.000000,51,84,94,98,110,2100,2100,2100,2100,2100,2100,2195,5,51,170.2558837794425,0.5227000219747424,2115.059999981895,2901.129840546697
1769374663,3,,Aggregated,1.200000,0.000000,51,84,94,98,110,2100,2100,2100,2100,2100,2100,2196,5,51,170.19651566295144,0.5227000219747424,2115.059999981895,2900.926684881603
1769374664,3,,Aggregated,1.500000,0.000000,51,84,94,98,110,2100,2100,2100,2100,2100,2100,2197,5,51,170.13870891932658,0.5227000219747424,2115.059999981895,2900.8074647246244
1769374665,3,,Aggregated,1.400000,0.000000,51,84,94,98,110,2100,2100,2100,2100,2100,2100,2198,5,51,170.0790901709682,0.5227000219747424,2115.059999981895,2901.76296633303
1769374666,3,,Aggregated,1.400000,0.000000,51,84,94,98,110,2100,2100,2100,2100,2100,2100,2199,5,51,170.020151839794,0.5227000219747424,2115.059999981895,2901.68804001819
1769374667,3,,Aggregated,1.400000,0.000000,51,84,94,98,110,2100,2100,2100,2100,2100,2100,2200,5,51,169.96195167985704,0.5227000219747424,2115.059999981895,2901.494090909091
1769374668,3,,Aggregated,1.400000,0.000000,51,84,94,98,110,2100,2100,2100,2100,2100,2100,2200,5,51,169.96195167985704,0.5227000219747424,2115.059999981895,2901.494090909091
1769374669,3,,Aggregated,1.500000,0.000000,51,84,94,98,110,2100,2100,2100,2100,2100,2100,2201,5,51,169.903252883114,0.5227000219747424,2115.059999981895,2901.3048614266245
1769374670,3,,Aggregated,1.500000,0.000000,51,84,94,98,110,2100,2100,2100,2100,2100,2100,2204,5,51,169.77881288377546,0.5227000219747424,2115.059999981895,2900.2341197822143
1769374671,3,,Aggregated,1.500000,0.000000,51,84,94,98,110,2100,2100,2100,2100,2100,2100,2204,5,51,169.77881288377546,0.5227000219747424,2115.059999981895,2900.2341197822143
1769374672,3,,Aggregated,1.300000,0.000000,51,84,94,98,110,2100,2100,2100,2100,2100,2100,2207,5,51,169.6571169441543,0.5227000219747424,2115.059999981895,2899.1662890801995
1769374673,3,,Aggregated,1.300000,0.000000,51,85,94,98,110,2100,2100,2100,2100,2100,2100,2211,5,51,170.38572604953526,0.5227000219747424,2115.059999981895,2898.2293080054274
1769374674,3,,Aggregated,1.300000,0.000000,51,85,94,98,110,2100,2100,2100,2100,2100,2100,2211,5,51,170.38572604953526,0.5227000219747424,2115.059999981895,2898.2293080054274
1769374675,3,,Aggregated,1.200000,0.000000,51,84,94,98,110,2100,2100,2100,2100,2100,2100,2212,5,51,170.3269960196431,0.5227000219747424,2115.059999981895,2898.028933092224
1769374676,3,,Aggregated,1.500000,0.000000,51,84,94,98,110,2100,2100,2100,2100,2100,2100,2213,5,51,170.26851472911545,0.5227000219747424,2115.059999981895,2897.9096249435156
1769374677,3,,Aggregated,1.400000,0.000000,51,84,94,98,110,2100,2100,2100,2100,2100,2100,2214,5,51,170.20773220212723,0.5227000219747424,2115.059999981895,2898.859530261969
1769374678,3,,Aggregated,1.400000,0.000000,51,84,94,98,110,2100,2100,2100,2100,2100,2100,2215,5,51,170.14848216500923,0.5227000219747424,2115.059999981895,2898.7887133182844
1769374679,3,,Aggregated,1.400000,0.000000,51,84,94,98,110,2100,2100,2100,2100,2100,2100,2216,5,51,170.09009521458566,0.5227000219747424,2115.059999981895,2898.5979241877258
1769374680,3,,Aggregated,1.400000,0.000000,51,84,94,98,110,2100,2100,2100,2100,2100,2100,2216,5,51,170.09009521458566,0.5227000219747424,2115.059999981895,2898.5979241877258
1769374681,3,,Aggregated,1.500000,0.000000,51,84,94,98,110,2100,2100,2100,2100,2100,2100,2217,5,51,170.0310049596716,0.5227000219747424,2115.059999981895,2898.4113667117726
1769374682,3,,Aggregated,1.500000,0.000000,51,84,94,98,110,2100,2100,2100,2100,2100,2100,2220,5,51,169.9066333313313,0.5227000219747424,2115.059999981895,2897.352252252252
1769374683,3,,Aggregated,1.500000,0.000000,51,84,94,98,110,2100,2100,2100,2100,2100,2100,2220,5,51,169.9066333313313,0.5227000219747424,2115.059999981895,2897.352252252252
1769374684,3,,Aggregated,1.300000,0.000000,51,85,94,98,110,2100,2100,2100,2100,2100,2100,2223,5,51,169.7815605018726,0.5227000219747424,2115.059999981895,2896.2959964012593
1769374685,3,,Aggregated,1.300000,0.000000,51,84,94,98,110,2100,2100,2100,2100,2100,2100,2227,5,51,170.49708100386863,0.5227000219747424,2115.059999981895,2895.368657386619
1769374686,3,,Aggregated,1.300000,0.000000,51,84,94,98,110,2100,2100,2100,2100,2100,2100,2227,5,51,170.49708100386863,0.5227000219747424,2115.059999981895,2895.368657386619
1769374687,3,,Aggregated,1.200000,0.000000,51,84,94,98,110,2100,2100,2100,2100,2100,2100,2228,5,51,170.43796391184551,0.5227000219747424,2115.059999981895,2895.1710053859965
1769374688,3,,Aggregated,1.500000,0.000000,51,84,94,98,110,2100,2100,2100,2100,2100,2100,2229,5,51,170.37957622056484,0.5227000219747424,2115.059999981895,2895.0560789591746
1769374689,3,,Aggregated,1.400000,0.000000,51,84,94,98,110,2100,2100,2100,2100,2100,2100,2230,5,51,170.32067102944947,0.5227000219747424,2115.059999981895,2896.000448430493
1769374690,3,,Aggregated,1.400000,0.000000,51,84,94,98,110,2100,2100,2100,2100,2100,2100,2231,5,51,170.2629558474672,0.5227000219747424,2115.059999981895,2895.9323173464813
1769374691,3,,Aggregated,1.400000,0.000000,51,84,94,98,110,2100,2100,2100,2100,2100,2100,2232,5,51,170.20417705902622,0.5227000219747424,2115.059999981895,2895.7437275985662
1769374692,3,,Aggregated,1.400000,0.000000,51,84,94,98,110,2100,2100,2100,2100,2100,2100,2232,5,51,170.20417705902622,0.5227000219747424,2115.059999981895,2895.7437275985662
1769374693,4,,Aggregated,1.500000,0.000000,51,84,94,98,110,2100,2100,2100,2100,2100,2100,2233,5,51,170.14555660355043,0.5227000219747424,2115.059999981895,2895.561128526646
1769374694,5,,Aggregated,1.500000,0.000000,51,84,94,98,110,2100,2100,2100,2100,2100,2100,2233,5,51,170.14555660355043,0.5227000219747424,2115.059999981895,2895.561128526646
1769374695,5,,Aggregated,1.200000,0.000000,51,84,94,98,110,2100,2100,2100,2100,2100,2100,2242,6,51,170.60450668857757,0.5227000219747424,2115.059999981895,2889.037466547725
1769374696,5,,Aggregated,1.300000,0.000000,51,85,94,98,110,2100,2100,2100,2100,2100,2100,2253,7,51,171.84816919472001,0.5227000219747424,2115.059999981895,2881.743453173546
1769374697,5,,Aggregated,1.000000,0.000000,51,85,94,99,110,2100,2100,2100,2100,2100,2100,2259,7,51,172.4957603788178,0.5227000219747424,2115.059999981895,2878.9579459938027
1769374698,5,,Aggregated,1.500000,0.100000,51,85,94,99,110,2100,2100,2100,2100,2100,2100,2262,7,51,173.27756737209617,0.5227000219747424,2115.059999981895,2877.9442970822283
1769374699,5,,Aggregated,2.800000,0.200000,51,85,94,99,110,2100,2100,2100,2100,2100,2100,2264,7,51,173.16349368189074,0.5227000219747424,2115.059999981895,2877.702296819788
1769374700,5,,Aggregated,3.100000,0.200000,51,85,94,99,110,2100,2100,2100,2100,2100,2100,2265,7,51,173.10622856324173,0.5227000219747424,2115.059999981895,2877.594701986755
1769374701,5,,Aggregated,3.300000,0.200000,51,85,94,99,110,2100,2100,2100,2100,2100,2100,2266,7,51,173.04612943329886,0.5227000219747424,2115.059999981895,2878.5317740511914
1769374702,5,,Aggregated,3.400000,0.200000,51,85,94,99,110,2100,2100,2100,2100,2100,2100,2268,7,51,172.92660894878438,0.5227000219747424,2115.059999981895,2878.298500881834
1769374703,5,,Aggregated,3.400000,0.200000,51,85,94,99,110,2100,2100,2100,2100,2100,2100,2269,7,51,172.86826606251714,0.5227000219747424,2115.059999981895,2878.1211987659763
1769374704,5,,Aggregated,3.400000,0.200000,51,85,94,99,110,2100,2100,2100,2100,2100,2100,2269,7,51,172.86826606251714,0.5227000219747424,2115.059999981895,2878.1211987659763
1769374705,5,,Aggregated,3.600000,0.200000,51,85,94,99,110,2100,2100,2100,2100,2100,2100,2273,7,51,172.67685133995167,0.5227000219747424,2115.059999981895,2876.9419269687637
1769374706,5,,Aggregated,3.600000,0.200000,51,85,94,99,110,2100,2100,2100,2100,2100,2100,2276,7,51,172.54678734433134,0.5227000219747424,2115.059999981895,2875.9371704745167
1769374707,5,,Aggregated,3.600000,0.200000,51,85,94,99,110,2100,2100,2100,2100,2100,2100,2276,7,51,172.54678734433134,0.5227000219747424,2115.059999981895,2875.9371704745167
1769374708,5,,Aggregated,3.100000,0.100000,51,85,94,99,110,2100,2100,2100,2100,2100,2100,2280,7,51,172.36335890167476,0.5227000219747424,2115.059999981895,2874.7473684210527
1769374709,5,,Aggregated,2.100000,0.000000,51,85,94,99,110,2100,2100,2100,2100,2100,2100,2284,7,51,173.06791602268135,0.5227000219747424,2115.059999981895,2873.8830998248686
1769374711,5,,Aggregated,2.100000,0.000000,51,85,94,99,110,2100,2100,2100,2100,2100,2100,2284,7,51,173.06791602268135,0.5227000219747424,2115.059999981895,2873.8830998248686
1769374712,5,,Aggregated,1.800000,0.000000,51,85,94,99,110,2100,2100,2100,2100,2100,2100,2286,7,51,172.9514585720939,0.5227000219747424,2115.059999981895,2873.6417322834645
1769374713,5,,Aggregated,2.000000,0.000000,51,85,94,99,110,2100,2100,2100,2100,2100,2100,2287,7,51,172.89374254297368,0.5227000219747424,2115.059999981895,2873.5391342369917
1769374714,5,,Aggregated,1.900000,0.000000,51,85,94,99,110,2100,2100,2100,2100,2100,2100,2288,7,51,172.83613046143168,0.5227000219747424,2115.059999981895,2874.4689685314684
1769374715,5,,Aggregated,2.000000,0.000000,51,85,94,99,110,2100,2100,2100,2100,2100,2100,2290,7,51,172.7222134479155,0.5227000219747424,2115.059999981895,2874.2397379912663
1769374716,5,,Aggregated,1.900000,0.000000,51,85,94,99,110,2100,2100,2100,2100,2100,2100,2291,7,51,172.6647349609963,0.5227000219747424,2115.059999981895,2874.0654735923176
1769374717,5,,Aggregated,1.900000,0.000000,51,85,94,99,110,2100,2100,2100,2100,2100,2100,2291,7,51,172.6647349609963,0.5227000219747424,2115.059999981895,2874.0654735923176
1769374718,5,,Aggregated,2.100000,0.000000,51,85,94,99,110,2100,2100,2100,2100,2100,2100,2295,7,51,172.48454984558506,0.5227000219747424,2115.059999981895,2872.9045751633985
1769374719,5,,Aggregated,1.800000,0.000000,51,85,94,99,110,2100,2100,2100,2100,2100,2100,2298,7,51,172.3623063514176,0.5227000219747424,2115.059999981895,2871.914708442124
1769374720,5,,Aggregated,1.800000,0.000000,51,85,94,99,110,2100,2100,2100,2100,2100,2100,2298,7,51,172.3623063514176,0.5227000219747424,2115.059999981895,2871.914708442124
1769374721,5,,Aggregated,1.800000,0.000000,51,85,94,99,110,2100,2100,2100,2100,2100,2100,2306,7,51,172.8876529902915,0.5227000219747424,2115.059999981895,2868.111014744146
1769374722,5,,Aggregated,1.800000,0.000000,51,85,94,99,110,2100,2100,2100,2100,2100,2100,2309,7,51,173.65058908426965,0.5227000219747424,2115.059999981895,2867.448245993937
1769374723,5,,Aggregated,2.100000,0.000000,51,85,94,99,110,2100,2100,2100,2100,2100,2100,2310,7,51,173.59165584223015,0.5227000219747424,2115.059999981895,2867.2662337662337
1769374724,5,,Aggregated,2.300000,0.000000,51,85,94,99,110,2100,2100,2100,2100,2100,2100,2312,7,51,173.47594844092774,0.5227000219747424,2115.059999981895,2867.1098615916953
1769374725,5,,Aggregated,2.200000,0.000000,51,85,94,99,110,2100,2100,2100,2100,2100,2100,2313,7,51,173.41777725699666,0.5227000219747424,2115.059999981895,2868.0324254215307
1769374726,5,,Aggregated,2.300000,0.000000,51,85,94,99,110,2100,2100,2100,2100,2100,2100,2314,7,51,173.36037281563372,0.5227000219747424,2115.059999981895,2867.9779602420053
1769374727,5,,Aggregated,2.200000,0.000000,51,85,94,99,110,2100,2100,2100,2100,2100,2100,2316,7,51,173.24616329680921,0.5227000219747424,2115.059999981895,2867.644645941278
1769374728,5,,Aggregated,2.200000,0.000000,51,85,94,99,110,2100,2100,2100,2100,2100,2100,2316,7,51,173.24616329680921,0.5227000219747424,2115.059999981895,2867.644645941278
1769374729,5,,Aggregated,2.400000,0.000000,51,85,94,99,110,2100,2100,2100,2100,2100,2100,2317,7,51,173.18744397729017,0.5227000219747424,2115.059999981895,2867.479499352611
1769374730,5,,Aggregated,2.100000,0.000000,51,85,94,99,110,2100,2100,2100,2100,2100,2100,2322,7,51,172.9598882840044,0.5227000219747424,2115.059999981895,2864.940568475452
1769374731,5,,Aggregated,2.100000,0.000000,51,85,94,99,110,2100,2100,2100,2100,2100,2100,2323,7,51,172.92920098815625,0.5227000219747424,2115.059999981895,2865.535083943177
1769374732,5,,Aggregated,2.200000,0.000000,51,85,94,99,110,2100,2100,2100,2100,2100,2100,2325,7,51,172.82928150342477,0.5227000219747424,2115.059999981895,2863.9724731182796
1769374733,5,,Aggregated,1.800000,0.000000,51,85,94,99,110,2100,2100,2100,2100,2100,2100,2328,7,51,172.68772319393693,0.5227000219747424,2115.059999981895,2864.210481099656
1769374734,5,,Aggregated,1.800000,0.000000,51,85,94,99,110,2100,2100,2100,2100,2100,2100,2331,7,51,173.4374840391747,0.5227000219747424,2115.059999981895,2863.5589875589876
1769374735,5,,Aggregated,1.800000,0.000000,51,85,94,99,110,2100,2100,2100,2100,2100,2100,2332,7,51,173.3793248264694,0.5227000219747424,2115.059999981895,2863.383790737564
1769374736,5,,Aggregated,2.000000,0.000000,51,85,94,99,110,2100,2100,2100,2100,2100,2100,2334,7,51,173.26588286006114,0.5227000219747424,2115.059999981895,2863.2330762639244
1769374737,5,,Aggregated,1.900000,0.000000,51,85,94,99,110,2100,2100,2100,2100,2100,2100,2335,7,51,173.20847490167233,0.5227000219747424,2115.059999981895,2864.148608137045
1769374738,5,,Aggregated,2.000000,0.000000,51,85,94,99,110,2100,2100,2100,2100,2100,2100,2336,7,51,173.15246973262282,0.5227000219747424,2115.059999981895,2864.094178082192
1769374739,5,,Aggregated,1.900000,0.000000,51,85,94,99,110,2100,2100,2100,2100,2100,2100,2338,7,51,173.03816150362826,0.5227000219747424,2115.059999981895,2863.7673224978616
1769374740,5,,Aggregated,1.900000,0.000000,51,85,94,99,110,2100,2100,2100,2100,2100,2100,2338,7,51,173.03816150362826,0.5227000219747424,2115.059999981895,2863.7673224978616
1769374741,5,,Aggregated,2.100000,0.000000,51,85,94,99,110,2100,2100,2100,2100,2100,2100,2339,7,51,172.9814101733441,0.5227000219747424,2115.059999981895,2863.60581445062
1769374742,5,,Aggregated,1.800000,0.000000,51,85,94,99,110,2100,2100,2100,2100,2100,2100,2345,7,51,172.7312963306487,0.5227000219747424,2115.059999981895,2861.689552238806
1769374743,5,,Aggregated,1.800000,0.000000,51,85,94,99,110,2100,2100,2100,2100,2100,2100,2345,7,51,172.7312963306487,0.5227000219747424,2115.059999981895,2861.689552238806
1769374744,5,,Aggregated,1.900000,0.000000,51,85,94,99,110,2100,2100,2100,2100,2100,2100,2348,7,51,172.6049254239843,0.5227000219747424,2115.059999981895,2860.735093696763
1769374745,5,,Aggregated,1.800000,0.000000,51,85,94,99,110,2100,2100,2100,2100,2100,2100,2356,7,51,173.96375144115754,0.5227000219747424,2115.059999981895,2857.3603565365024
1769374746,5,,Aggregated,1.800000,0.000000,51,85,94,99,110,2100,2100,2100,2100,2100,2100,2356,7,51,173.96375144115754,0.5227000219747424,2115.059999981895,2857.3603565365024
1769374747,5,,Aggregated,2.100000,0.000000,51,85,94,99,110,2100,2100,2100,2100,2100,2100,2357,7,51,173.90693313338252,0.5227000219747424,2115.059999981895,2857.189647857446
1769374748,5,,Aggregated,2.300000,0.000000,51,85,94,99,110,2100,2100,2100,2100,2100,2100,2359,7,51,173.7913446355909,0.5227000219747424,2115.059999981895,2857.044510385757
1769374749,5,,Aggregated,2.200000,0.000000,51,85,94,99,110,2100,2100,2100,2100,2100,2100,2360,7,51,173.73425266754782,0.5227000219747424,2115.059999981895,2857.952966101695
1769374750,5,,Aggregated,2.300000,0.000000,51,85,94,99,110,2100,2100,2100,2100,2100,2100,2361,7,51,173.67691630471936,0.5227000219747424,2115.059999981895,2857.902160101652
1769374751,5,,Aggregated,2.200000,0.000000,51,85,94,99,110,2100,2100,2100,2100,2100,2100,2363,7,51,173.56238607509346,0.5227000219747424,2115.059999981895,2857.5823106220905
1769374752,5,,Aggregated,2.200000,0.000000,51,85,94,99,110,2100,2100,2100,2100,2100,2100,2363,7,51,173.56238607509346,0.5227000219747424,2115.059999981895,2857.5823106220905
1769374753,5,,Aggregated,2.400000,0.000000,51,85,94,99,110,2100,2100,2100,2100,2100,2100,2365,7,51,173.4464025773683,0.5227000219747424,2115.059999981895,2856.477378435518
1769374754,5,,Aggregated,2.100000,0.000000,51,85,94,99,110,2100,2100,2100,2100,2100,2100,2370,7,51,173.25878193899635,0.5227000219747424,2115.059999981895,2855.5447257383967
1769374755,5,,Aggregated,2.100000,0.000000,51,85,94,99,110,2100,2100,2100,2100,2100,2100,2370,7,51,173.25878193899635,0.5227000219747424,2115.059999981895,2855.5447257383967
1769374756,5,,Aggregated,2.200000,0.000000,51,85,94,99,110,2100,2100,2100,2100,2100,2100,2374,7,51,173.08237699896927,0.5227000219747424,2115.059999981895,2854.436394271272
1769374757,5,,Aggregated,1.800000,0.000000,51,85,94,99,110,2100,2100,2100,2100,2100,2100,2378,7,51,173.7639201831725,0.5227000219747424,2115.059999981895,2853.638351555929
1769374758,5,,Aggregated,1.800000,0.000000,51,85,94,99,110,2100,2100,2100,2100,2100,2100,2378,7,51,173.7639201831725,0.5227000219747424,2115.059999981895,2853.638351555929
1769374759,5,,Aggregated,1.800000,0.000000,51,85,94,99,110,2100,2100,2100,2100,2100,2100,2380,7,51,173.6517690737955,0.5227000219747424,2115.059999981895,2853.423529411765
1769374760,5,,Aggregated,2.000000,0.000000,51,85,94,99,110,2100,2100,2100,2100,2100,2100,2381,7,51,173.59613086756417,0.5227000219747424,2115.059999981895,2853.3313733725327
1769374761,5,,Aggregated,1.900000,0.000000,51,85,94,99,110,2100,2100,2100,2100,2100,2100,2382,7,51,173.54024479249344,0.5227000219747424,2115.059999981895,2854.232997481108
1769374762,5,,Aggregated,2.000000,0.000000,51,85,94,99,110,2100,2100,2100,2100,2100,2100,2384,7,51,173.42935708717087,0.5227000219747424,2115.059999981895,2854.030620805369
1769374763,5,,Aggregated,1.900000,0.000000,51,85,94,99,110,2100,2100,2100,2100,2100,2100,2385,7,51,173.37404737772275,0.5227000219747424,2115.059999981895,2853.8716981132075
1769374764,5,,Aggregated,1.900000,0.000000,51,85,94,99,110,2100,2100,2100,2100,2100,2100,2385,7,51,173.37404737772275,0.5227000219747424,2115.059999981895,2853.8716981132075
1769374765,5,,Aggregated,2.100000,0.000000,51,85,94,99,110,2100,2100,2100,2100,2100,2100,2388,7,51,173.22824798822535,0.5227000219747424,2115.059999981895,2852.207286432161
1769374766,5,,Aggregated,1.800000,0.000000,51,85,94,99,110,2100,2100,2100,2100,2100,2100,2392,7,51,173.07911538296062,0.5227000219747424,2115.059999981895,2851.864966555184
1769374767,5,,Aggregated,1.800000,0.000000,51,85,94,99,110,2100,2100,2100,2100,2100,2100,2392,7,51,173.07911538296062,0.5227000219747424,2115.059999981895,2851.864966555184
1769374768,5,,Aggregated,1.900000,0.000000,51,85,94,99,110,2100,2100,2100,2100,2100,2100,2397,7,51,172.87173616857427,0.5227000219747424,2115.059999981895,2850.2048393825617
1769374769,5,,Aggregated,1.800000,0.000000,51,85,94,99,110,2100,2100,2100,2100,2100,2100,2403,7,51,174.30308372702967,0.5227000219747424,2115.059999981895,2847.6650020807324
1769374770,5,,Aggregated,1.800000,0.000000,51,85,94,99,110,2100,2100,2100,2100,2100,2100,2403,7,51,174.30308372702967,0.5227000219747424,2115.059999981895,2847.6650020807324
1769374771,5,,Aggregated,2.100000,0.000000,51,85,94,99,110,2100,2100,2100,2100,2100,2100,2405,7,51,174.19247667197712,0.5227000219747424,2115.059999981895,2847.456548856549
1769374772,5,,Aggregated,2.300000,0.000000,51,85,94,99,110,2100,2100,2100,2100,2100,2100,2406,7,51,174.1371147531214,0.5227000219747424,2115.059999981895,2847.3699085619287
1769374773,5,,Aggregated,2.200000,0.000000,51,85,94,99,110,2100,2100,2100,2100,2100,2100,2407,7,51,174.08107253676417,0.5227000219747424,2115.059999981895,2848.2646447860407
1769374774,5,,Aggregated,2.300000,0.000000,51,85,94,99,110,2100,2100,2100,2100,2100,2100,2409,7,51,173.96852461434244,0.5227000219747424,2115.059999981895,2848.0693233706934
1769374775,5,,Aggregated,2.200000,0.000000,51,85,94,99,110,2100,2100,2100,2100,2100,2100,2410,7,51,173.91374597347175,0.5227000219747424,2115.059999981895,2847.9145228215766
1769374776,5,,Aggregated,2.200000,0.000000,51,85,94,99,110,2100,2100,2100,2100,2100,2100,2410,7,51,173.91374597347175,0.5227000219747424,2115.059999981895,2847.9145228215766
1769374777,5,,Aggregated,2.400000,0.000000,51,85,94,99,110,2100,2100,2100,2100,2100,2100,2414,7,51,173.7407661127405,0.5227000219747424,2115.059999981895,2846.8529411764707
1769374778,5,,Aggregated,2.100000,0.000000,51,85,94,99,110,2100,2100,2100,2100,2100,2100,2417,7,51,173.6170358693456,0.5227000219747424,2115.059999981895,2845.9441456350846
1769374779,5,,Aggregated,2.100000,0.000000,51,85,94,99,110,2100,2100,2100,2100,2100,2100,2417,7,51,173.6170358693456,0.5227000219747424,2115.059999981895,2845.9441456350846
1769374780,5,,Aggregated,2.200000,0.000000,51,85,94,99,110,2100,2100,2100,2100,2100,2100,2421,7,51,173.44101106822805,0.5227000219747424,2115.059999981895,2844.8731928954976
1769374781,5,,Aggregated,1.800000,0.000000,51,85,94,99,110,2100,2100,2100,2100,2100,2100,2425,7,51,174.1018305963731,0.5227000219747424,2115.059999981895,2844.1068041237113
1769374782,5,,Aggregated,1.800000,0.000000,51,85,94,99,110,2100,2100,2100,2100,2100,2100,2425,7,51,174.1018305963731,0.5227000219747424,2115.059999981895,2844.1068041237113
1769374783,5,,Aggregated,1.800000,0.000000,51,85,94,99,110,2100,2100,2100,2100,2100,2100,2427,7,51,173.99174779407767,0.5227000219747424,2115.059999981895,2843.902760609806
1769374784,5,,Aggregated,2.000000,0.000000,51,85,94,99,110,2100,2100,2100,2100,2100,2100,2428,7,51,173.9371051879322,0.5227000219747424,2115.059999981895,2843.8183690280066
1769374785,5,,Aggregated,1.900000,0.000000,51,85,94,99,110,2100,2100,2100,2100,2100,2100,2429,7,51,173.88114409069556,0.5227000219747424,2115.059999981895,2844.706463565253
1769374786,5,,Aggregated,2.000000,0.000000,51,85,94,99,110,2100,2100,2100,2100,2100,2100,2431,7,51,173.77286951719614,0.5227000219747424,2115.059999981895,2844.5154257507197
1769374787,5,,Aggregated,1.900000,0.000000,51,85,94,99,110,2100,2100,2100,2100,2100,2100,2432,7,50,173.71778897876013,0.5227000219747424,2115.059999981895,2844.3634868421054
1769374788,5,,Aggregated,1.900000,0.000000,51,85,94,99,110,2100,2100,2100,2100,2100,2100,2432,7,50,173.71778897876013,0.5227000219747424,2115.059999981895,2844.3634868421054
1769374789,5,,Aggregated,2.100000,0.000000,51,85,94,99,110,2100,2100,2100,2100,2100,2100,2436,7,50,173.5447801298126,0.5227000219747424,2115.059999981895,2843.3185550082103
1769374790,5,,Aggregated,1.800000,0.000000,51,85,94,99,110,2100,2100,2100,2100,2100,2100,2439,7,51,173.4264054104255,0.5227000219747424,2115.059999981895,2842.4223042230424
1769374791,5,,Aggregated,1.800000,0.000000,51,85,94,99,110,2100,2100,2100,2100,2100,2100,2439,7,51,173.4264054104255,0.5227000219747424,2115.059999981895,2842.4223042230424
1769374792,5,,Aggregated,1.900000,0.000000,51,85,94,99,110,2100,2100,2100,2100,2100,2100,2446,7,51,174.00217240235372,0.5227000219747424,2115.059999981895,2839.0952575633687
1769374793,5,,Aggregated,1.800000,0.000000,51,85,94,99,110,2100,2100,2100,2100,2100,2100,2450,7,51,174.68326905965614,0.5227000219747424,2115.059999981895,2838.345714285714
1769374794,5,,Aggregated,1.800000,0.000000,51,85,94,99,110,2100,2100,2100,2100,2100,2100,2450,7,51,174.68326905965614,0.5227000219747424,2115.059999981895,2838.345714285714
1769374795,5,,Aggregated,2.100000,0.000000,51,85,94,99,110,2100,2100,2100,2100,2100,2100,2452,7,51,174.59312434594807,0.5227000219747424,2115.059999981895,2838.1480424143556
1769374796,5,,Aggregated,2.300000,0.000000,51,85,94,99,110,2100,2100,2100,2100,2100,2100,2453,7,51,174.54232670049933,0.5227000219747424,2115.059999981895,2838.066856909906
1769374797,5,,Aggregated,2.200000,0.000000,51,85,94,99,110,2100,2100,2100,2100,2100,2100,2454,7,51,174.50052285916078,0.5227000219747424,2115.059999981895,2838.948247758761
1769374798,5,,Aggregated,2.300000,0.000000,51,85,94,99,110,2100,2100,2100,2100,2100,2100,2456,7,51,174.4075976369515,0.5227000219747424,2115.059999981895,2838.7634364820847
1769374799,5,,Aggregated,2.200000,0.000000,51,85,94,99,110,2100,2100,2100,2100,2100,2100,2457,7,51,174.3645448092482,0.5227000219747424,2115.059999981895,2838.6153846153848
1769374800,5,,Aggregated,2.200000,0.000000,51,85,94,99,110,2100,2100,2100,2100,2100,2100,2457,7,51,174.3645448092482,0.5227000219747424,2115.059999981895,2838.6153846153848
1769374801,5,,Aggregated,2.400000,0.000000,51,85,94,99,110,2100,2100,2100,2100,2100,2100,2461,7,51,174.22861836504188,0.5227000219747424,2115.059999981895,2837.5904104022757
1769374802,5,,Aggregated,2.100000,0.000000,51,85,94,99,110,2100,2100,2100,2100,2100,2100,2464,7,51,174.13044642709391,0.5227000219747424,2115.059999981895,2836.7102272727275
1769374803,5,,Aggregated,2.100000,0.000000,51,85,94,99,110,2100,2100,2100,2100,2100,2100,2464,7,51,174.13044642709391,0.5227000219747424,2115.059999981895,2836.7102272727275
1769374804,5,,Aggregated,2.200000,0.000000,51,85,94,99,110,2100,2100,2100,2100,2100,2100,2468,7,51,173.97766227565435,0.5227000219747424,2115.059999981895,2835.674635332253
1769374805,5,,Aggregated,1.800000,0.000000,51,85,94,99,110,2100,2100,2100,2100,2100,2100,2472,7,51,174.65444372832764,0.5227000219747424,2115.059999981895,2834.937702265372
1769374806,5,,Aggregated,1.800000,0.000000,51,85,94,99,110,2100,2100,2100,2100,2100,2100,2472,7,51,174.65444372832764,0.5227000219747424,2115.059999981895,2834.937702265372
1769374807,5,,Aggregated,1.800000,0.000000,51,85,94,99,110,2100,2100,2100,2100,2100,2100,2474,7,51,174.56523573016463,0.5227000219747424,2115.059999981895,2834.7465642683915
1769374808,5,,Aggregated,2.000000,0.000000,51,85,94,99,110,2100,2100,2100,2100,2100,2100,2475,7,51,174.51417155408612,0.5227000219747424,2115.059999981895,2834.6658585858586
1769374809,5,,Aggregated,1.900000,0.000000,51,85,94,99,110,2100,2100,2100,2100,2100,2100,2476,7,51,174.471860741683,0.5227000219747424,2115.059999981895,2835.5407915993537
1769374810,5,,Aggregated,2.000000,0.000000,51,85,94,99,110,2100,2100,2100,2100,2100,2100,2478,7,51,174.37679140289788,0.5227000219747424,2115.059999981895,2835.3599677159
1769374811,5,,Aggregated,1.900000,0.000000,51,85,94,99,110,2100,2100,2100,2100,2100,2100,2479,7,51,174.32507894169268,0.5227000219747424,2115.059999981895,2835.215006050827
1769374812,5,,Aggregated,1.900000,0.000000,51,85,94,99,110,2100,2100,2100,2100,2100,2100,2479,7,51,174.32507894169268,0.5227000219747424,2115.059999981895,2835.215006050827
1769374813,5,,Aggregated,2.100000,0.000000,51,85,94,99,110,2100,2100,2100,2100,2100,2100,2483,7,51,174.16779738078228,0.5227000219747424,2115.059999981895,2834.203785743053
1769374814,5,,Aggregated,1.800000,0.000000,51,85,94,99,110,2100,2100,2100,2100,2100,2100,2486,7,51,174.0650207548191,0.5227000219747424,2115.059999981895,2833.3354786806112
1769374815,5,,Aggregated,1.800000,0.000000,51,85,94,99,110,2100,2100,2100,2100,2100,2100,2486,7,51,174.0650207548191,0.5227000219747424,2115.059999981895,2833.3354786806112
1769374816,5,,Aggregated,1.900000,0.000000,51,85,95,99,110,2100,2100,2100,2100,2100,2100,2493,7,51,174.64100846235678,0.5227000219747424,2115.059999981895,2830.0962695547532
1769374818,5,,Aggregated,1.800000,0.000000,52,85,95,99,110,2100,2100,2100,2100,2100,2100,2497,7,52,175.31265001867115,0.5227000219747424,2115.059999981895,2829.375650780937
1769374819,5,,Aggregated,1.800000,0.000000,52,85,95,99,110,2100,2100,2100,2100,2100,2100,2497,7,52,175.31265001867115,0.5227000219747424,2115.059999981895,2829.375650780937
1769374820,5,,Aggregated,2.100000,0.000000,52,85,95,99,110,2100,2100,2100,2100,2100,2100,2499,7,52,175.21483385219884,0.5227000219747424,2115.059999981895,2829.188475390156
1769374821,5,,Aggregated,2.300000,0.000000,52,85,95,99,110,2100,2100,2100,2100,2100,2100,2500,7,52,175.17526287864894,0.5227000219747424,2115.059999981895,2829.1104
1769374822,5,,Aggregated,2.200000,0.000000,52,85,95,99,110,2100,2100,2100,2100,2100,2100,2501,7,52,175.12737089026643,0.5227000219747424,2115.059999981895,2829.978808476609
1769374823,5,,Aggregated,2.300000,0.000000,52,85,95,99,110,2100,2100,2100,2100,2100,2100,2503,7,52,175.0314531349151,0.5227000219747424,2115.059999981895,2829.8054334798244
1769374824,5,,Aggregated,2.200000,0.000000,52,85,95,99,110,2100,2100,2100,2100,2100,2100,2504,7,52,174.98165095713512,0.5227000219747424,2115.059999981895,2829.663738019169
1769374825,5,,Aggregated,2.200000,0.000000,52,85,95,99,110,2100,2100,2100,2100,2100,2100,2504,7,52,174.98165095713512,0.5227000219747424,2115.059999981895,2829.663738019169
1769374826,5,,Aggregated,2.100000,0.000000,52,85,95,99,110,2100,2100,2100,2100,2100,2100,2509,7,52,174.78425500073888,0.5227000219747424,2115.059999981895,2827.789159027501
1769374827,5,,Aggregated,2.100000,0.000000,52,85,95,99,110,2100,2100,2100,2100,2100,2100,2511,7,52,174.73704735040982,0.5227000219747424,2115.059999981895,2827.818000796495
1769374828,5,,Aggregated,2.200000,0.000000,52,85,95,99,110,2100,2100,2100,2100,2100,2100,2512,7,52,174.68571385230044,0.5227000219747424,2115.059999981895,2826.9375
1769374829,5,,Aggregated,1.800000,0.000000,52,85,95,99,110,2100,2100,2100,2100,2100,2100,2516,7,52,174.53319701788664,0.5227000219747424,2115.059999981895,2826.6697138314785
1769374830,5,,Aggregated,1.800000,0.000000,52,85,95,99,110,2100,2100,2100,2100,2100,2100,2519,7,52,175.2310632382353,0.5227000219747424,2115.059999981895,2826.111552203255
1769374831,5,,Aggregated,1.800000,0.000000,52,85,95,99,110,2100,2100,2100,2100,2100,2100,2520,7,52,175.18421273696097,0.5227000219747424,2115.059999981895,2825.961111111111
1769374832,5,,Aggregated,2.000000,0.000000,52,85,95,99,110,2100,2100,2100,2100,2100,2100,2522,7,52,175.0916364778337,0.5227000219747424,2115.059999981895,2825.851308485329
1769374833,5,,Aggregated,1.900000,0.000000,52,85,95,99,110,2100,2100,2100,2100,2100,2100,2523,7,52,175.04184458860104,0.5227000219747424,2115.059999981895,2826.7134363852556
1769374834,5,,Aggregated,2.000000,0.000000,52,85,95,99,110,2100,2100,2100,2100,2100,2100,2524,7,52,174.9940134694954,0.5227000219747424,2115.059999981895,2826.678288431062
1769374835,5,,Aggregated,1.900000,0.000000,52,85,95,99,110,2100,2100,2100,2100,2100,2100,2526,7,52,174.89174730679048,0.5227000219747424,2115.059999981895,2826.4053840063343
1769374836,5,,Aggregated,1.900000,0.000000,52,85,95,99,110,2100,2100,2100,2100,2100,2100,2526,7,52,174.89174730679048,0.5227000219747424,2115.059999981895,2826.4053840063343
1769374837,5,,Aggregated,2.100000,0.000000,52,85,95,99,110,2100,2100,2100,2100,2100,2100,2527,7,52,174.84849034310113,0.5227000219747424,2115.059999981895,2826.2702809655716
1769374838,5,,Aggregated,1.800000,0.000000,52,85,95,99,110,2100,2100,2100,2100,2100,2100,2531,7,52,174.71238162661254,0.5227000219747424,2115.059999981895,2824.5535361517186
1769374839,5,,Aggregated,1.800000,0.000000,52,85,95,99,110,2100,2100,2100,2100,2100,2100,2533,7,52,174.6746141716663,0.5227000219747424,2115.059999981895,2824.584682195026
1769374840,5,,Aggregated,1.900000,0.000000,52,85,95,99,110,2100,2100,2100,2100,2100,2100,2535,7,52,174.5975564090219,0.5227000219747424,2115.059999981895,2823.1838264299804
1769374841,5,,Aggregated,1.800000,0.000000,52,86,95,99,110,2100,2100,2100,2100,2100,2100,2541,7,52,175.189470364747,0.5227000219747424,2115.059999981895,2821.279024006297
1769374842,5,,Aggregated,1.800000,0.000000,52,86,95,99,110,2100,2100,2100,2100,2100,2100,2544,7,52,175.88436977072757,0.5227000219747424,2115.059999981895,2820.7327044025155
1769374843,5,,Aggregated,2.100000,0.000000,52,86,95,99,110,2100,2100,2100,2100,2100,2100,2545,7,52,175.83971162937758,0.5227000219747424,2115.059999981895,2820.588605108055
1769374844,5,,Aggregated,2.300000,0.000000,52,86,95,99,110,2100,2100,2100,2100,2100,2100,2547,7,52,175.7453315652553,0.5227000219747424,2115.059999981895,2820.482921083628
1769374845,5,,Aggregated,2.200000,0.000000,52,86,95,99,110,2100,2100,2100,2100,2100,2100,2548,7,52,175.6968127930569,0.5227000219747424,2115.059999981895,2821.3386970172683
1769374846,5,,Aggregated,2.300000,0.000000,52,86,95,99,110,2100,2100,2100,2100,2100,2100,2549,7,52,175.65107387082273,0.5227000219747424,2115.059999981895,2821.3067869752845
1769374847,5,,Aggregated,2.200000,0.000000,52,86,95,99,110,2100,2100,2100,2100,2100,2100,2551,7,52,175.5586640128679,0.5227000219747424,2115.059999981895,2821.0392003136026
1769374848,5,,Aggregated,2.200000,0.000000,52,86,95,99,110,2100,2100,2100,2100,2100,2100,2551,7,52,175.5586640128679,0.5227000219747424,2115.059999981895,2821.0392003136026
1769374849,5,,Aggregated,2.400000,0.000000,52,86,95,99,110,2100,2100,2100,2100,2100,2100,2552,7,52,175.51247296112388,0.5227000219747424,2115.059999981895,2820.908699059561
1769374850,5,,Aggregated,2.100000,0.000000,52,86,95,99,110,2100,2100,2100,2100,2100,2100,2558,7,52,175.31384538587523,0.5227000219747424,2115.059999981895,2819.252150117279
1769374851,5,,Aggregated,2.100000,0.000000,52,86,95,99,110,2100,2100,2100,2100,2100,2100,2558,7,52,175.31384538587523,0.5227000219747424,2115.059999981895,2819.252150117279
1769374852,5,,Aggregated,2.200000,0.000000,52,86,95,99,110,2100,2100,2100,2100,2100,2100,2562,7,52,175.16396522131558,0.5227000219747424,2115.059999981895,2818.2849336455893
1769374853,5,,Aggregated,1.800000,0.000000,52,86,95,100,110,2100,2100,2100,2100,2100,2100,2564,7,52,175.10080776011532,0.5227000219747424,2115.059999981895,2817.6185647425896
1769374854,5,,Aggregated,1.800000,0.000000,52,86,95,100,110,2100,2100,2100,2100,2100,2100,2566,7,52,175.8287681203785,0.5227000219747424,2115.059999981895,2817.601714731099
1769374855,5,,Aggregated,1.800000,0.000000,53,86,95,100,110,2100,2100,2100,2100,2100,2100,2568,7,52,175.74719929786775,0.5227000219747424,2115.059999981895,2817.4310747663553
1769374856,5,,Aggregated,2.000000,0.000000,52,86,95,100,110,2100,2100,2100,2100,2100,2100,2569,7,52,175.6990031128421,0.5227000219747424,2115.059999981895,2817.3616193071234
1769374857,5,,Aggregated,1.900000,0.000000,53,86,95,100,110,2100,2100,2100,2100,2100,2100,2570,7,52,175.6616510882528,0.5227000219747424,2115.059999981895,2818.2112840466925
1769374858,5,,Aggregated,2.000000,0.000000,53,86,95,100,110,2100,2100,2100,2100,2100,2100,2572,7,53,175.57780905788755,0.5227000219747424,2115.059999981895,2818.052099533437
1769374859,5,,Aggregated,1.900000,0.000000,53,86,95,100,110,2100,2100,2100,2100,2100,2100,2573,7,53,175.52919630659835,0.5227000219747424,2115.059999981895,2817.91916051302
1769374860,5,,Aggregated,1.900000,0.000000,53,86,95,100,110,2100,2100,2100,2100,2100,2100,2573,7,53,175.52919630659835,0.5227000219747424,2115.059999981895,2817.91916051302
1769374861,5,,Aggregated,2.100000,0.000000,53,86,95,100,110,2100,2100,2100,2100,2100,2100,2575,7,53,175.43064225121464,0.5227000219747424,2115.059999981895,2816.934757281553
1769374862,5,,Aggregated,1.800000,0.000000,53,86,95,100,110,2100,2100,2100,2100,2100,2100,2580,7,53,175.28623418486316,0.5227000219747424,2115.059999981895,2816.1546511627907
1769374863,5,,Aggregated,1.800000,0.000000,53,86,95,100,110,2100,2100,2100,2100,2100,2100,2580,7,53,175.28623418486316,0.5227000219747424,2115.059999981895,2816.1546511627907
1769374864,5,,Aggregated,1.900000,0.000000,53,86,95,100,110,2100,2100,2100,2100,2100,2100,2584,7,53,175.13623269997112,0.5227000219747424,2115.059999981895,2815.200464396285
1769374865,5,,Aggregated,1.800000,0.000000,53,86,95,100,110,2100,2100,2100,2100,2100,2100,2591,7,53,176.46084419011873,0.5227000219747424,2115.059999981895,2812.4133539174063
1769374866,5,,Aggregated,1.800000,0.000000,53,86,95,100,110,2100,2100,2100,2100,2100,2100,2591,7,53,176.46084419011873,0.5227000219747424,2115.059999981895,2812.4133539174063
1769374867,5,,Aggregated,2.100000,0.000000,53,86,95,100,110,2100,2100,2100,2100,2100,2100,2593,7,53,176.38518171867292,0.5227000219747424,2115.059999981895,2812.24874662553
1769374868,5,,Aggregated,2.300000,0.000000,53,86,95,100,110,2100,2100,2100,2100,2100,2100,2594,7,53,176.3433439848006,0.5227000219747424,2115.059999981895,2812.1819583654587
1769374869,5,,Aggregated,2.200000,0.000000,53,86,95,100,110,2100,2100,2100,2100,2100,2100,2595,7,53,176.30154177131982,0.5227000219747424,2115.059999981895,2813.0254335260115
1769374870,5,,Aggregated,2.300000,0.000000,53,86,95,100,110,2100,2100,2100,2100,2100,2100,2597,7,53,176.21229815038268,0.5227000219747424,2115.059999981895,2812.873700423566
1769374871,5,,Aggregated,2.200000,0.000000,53,86,95,100,110,2100,2100,2100,2100,2100,2100,2598,7,53,176.1729616614982,0.5227000219747424,2115.059999981895,2812.743648960739
1769374872,5,,Aggregated,2.200000,0.000000,53,86,95,100,110,2100,2100,2100,2100,2100,2100,2598,7,53,176.1729616614982,0.5227000219747424,2115.059999981895,2812.743648960739
1769374873,5,,Aggregated,2.400000,0.000000,53,86,95,100,110,2100,2100,2100,2100,2100,2100,2601,7,53,176.06060457386695,0.5227000219747424,2115.059999981895,2811.2629757785467
1769374874,5,,Aggregated,2.100000,0.000000,53,86,95,100,110,2100,2100,2100,2100,2100,2100,2605,7,53,175.9442111695339,0.5227000219747424,2115.059999981895,2811.0115163147793
1769374875,5,,Aggregated,2.100000,0.000000,53,86,95,100,110,2100,2100,2100,2100,2100,2100,2605,7,53,175.9442111695339,0.5227000219747424,2115.059999981895,2811.0115163147793
1769374876,5,,Aggregated,2.200000,0.000000,53,86,95,100,110,2100,2100,2100,2100,2100,2100,2609,7,53,175.80049010989606,0.5227000219747424,2115.059999981895,2810.0743579915675
1769374877,5,,Aggregated,1.800000,0.000000,53,86,95,100,110,2100,2100,2100,2100,2100,2100,2613,7,53,176.45144599953747,0.5227000219747424,2115.059999981895,2809.417910447761
1769374878,5,,Aggregated,1.800000,0.000000,53,86,95,100,110,2100,2100,2100,2100,2100,2100,2613,7,53,176.45144599953747,0.5227000219747424,2115.059999981895,2809.417910447761
1769374879,5,,Aggregated,1.800000,0.000000,54,86,95,100,110,2100,2100,2100,2100,2100,2100,2615,7,54,176.37613900451,0.5227000219747424,2115.059999981895,2809.2569789674953
1769374880,5,,Aggregated,2.000000,0.000000,54,86,95,100,110,2100,2100,2100,2100,2100,2100,2616,7,54,176.330864907017,0.5227000219747424,2115.059999981895,2809.1918960244648
1769374881,5,,Aggregated,1.900000,0.000000,54,86,95,100,110,2100,2100,2100,2100,2100,2100,2617,7,54,176.28539415237586,0.5227000219747424,2115.059999981895,2810.029423003439
1769374882,5,,Aggregated,2.000000,0.000000,54,86,95,100,110,2100,2100,2100,2100,2100,2100,2618,7,54,176.23581672909066,0.5227000219747424,2115.059999981895,2810.0022918258214
1769374883,5,,Aggregated,1.900000,0.000000,54,86,95,100,110,2100,2100,2100,2100,2100,2100,2619,7,54,176.18914161768427,0.5227000219747424,2115.059999981895,2809.8743795341734
1769374884,5,,Aggregated,1.900000,0.000000,54,86,95,100,110,2100,2100,2100,2100,2100,2100,2620,7,54,176.92179503688013,0.5227000219747424,2115.059999981895,2809.751526717557
1769374885,5,,Aggregated,2.000000,0.000000,54,86,95,100,110,2100,2100,2100,2100,2100,2100,2624,7,54,176.78710483871726,0.5227000219747424,2115.059999981895,2808.834222560976
1769374886,5,,Aggregated,1.700000,0.000000,54,86,95,100,110,2100,2100,2100,2100,2100,2100,2627,7,54,176.68397369501892,0.5227000219747424,2115.059999981895,2808.0414921964216
1769374887,5,,Aggregated,1.700000,0.000000,54,86,95,100,110,2100,2100,2100,2100,2100,2100,2627,7,54,176.68397369501892,0.5227000219747424,2115.059999981895,2808.0414921964216
1769374888,5,,Aggregated,1.900000,0.000000,54,86,95,100,110,2100,2100,2100,2100,2100,2100,2634,7,54,177.2154386093166,0.5227000219747424,2115.059999981895,2805.0402429764617
1769374889,5,,Aggregated,1.800000,0.000000,54,86,96,100,110,2100,2100,2100,2100,2100,2100,2638,7,54,177.83914162127593,0.5227000219747424,2115.059999981895,2804.39613343442
1769374890,5,,Aggregated,1.800000,0.000000,54,86,96,100,110,2100,2100,2100,2100,2100,2100,2638,7,54,177.83914162127593,0.5227000219747424,2115.059999981895,2804.39613343442
1769374891,5,,Aggregated,2.100000,0.000000,54,86,96,100,110,2100,2100,2100,2100,2100,2100,2640,7,54,177.74764996098713,0.5227000219747424,2115.059999981895,2804.239772727273
1769374892,5,,Aggregated,2.300000,0.000000,54,86,95,100,110,2100,2100,2100,2100,2100,2100,2641,7,54,177.70523574287535,0.5227000219747424,2115.059999981895,2804.177205603938
1769374893,5,,Aggregated,2.200000,0.000000,54,86,95,100,110,2100,2100,2100,2100,2100,2100,2642,7,54,177.6610414825738,0.5227000219747424,2115.059999981895,2805.0087055261165
1769374894,5,,Aggregated,2.300000,0.000000,54,86,95,100,110,2100,2100,2100,2100,2100,2100,2644,7,54,177.57237965088555,0.5227000219747424,2115.059999981895,2804.8630862329805
1769374895,5,,Aggregated,2.300000,0.000000,54,86,95,100,110,2100,2100,2100,2100,2100,2100,2644,7,54,177.57237965088555,0.5227000219747424,2115.059999981895,2804.8630862329805
1769374896,5,,Aggregated,2.300000,0.000000,54,86,95,100,110,2100,2100,2100,2100,2100,2100,2644,7,54,177.57237965088555,0.5227000219747424,2115.059999981895,2804.8630862329805
1769374897,5,,Aggregated,2.400000,0.000000,54,86,96,100,110,2100,2100,2100,2100,2100,2100,2648,7,54,178.219097015475,0.5227000219747424,2115.059999981895,2803.956570996979
1769374898,5,,Aggregated,2.000000,0.000000,54,86,96,100,110,2100,2100,2100,2100,2100,2100,2651,7,54,178.11155522323693,0.5227000219747424,2115.059999981895,2803.1765371557904
1769374899,5,,Aggregated,1.700000,0.000000,54,86,96,100,110,2100,2100,2100,2100,2100,2100,2652,7,54,178.83845803046566,0.5227000219747424,2115.059999981895,2803.0576923076924
1769374900,5,,Aggregated,2.100000,0.000000,54,86,96,100,110,2100,2100,2100,2100,2100,2100,2656,7,54,178.6846780108694,0.5227000219747424,2115.059999981895,2802.149096385542
1769374901,5,,Aggregated,1.700000,0.000000,55,86,96,100,110,2100,2100,2100,2100,2100,2100,2660,7,54,179.31305868301675,0.5227000219747424,2115.059999981895,2801.514661654135
1769374902,5,,Aggregated,1.700000,0.000000,55,86,96,100,110,2100,2100,2100,2100,2100,2100,2660,7,54,179.31305868301675,0.5227000219747424,2115.059999981895,2801.514661654135
1769374903,5,,Aggregated,1.800000,0.000000,55,86,96,100,110,2100,2100,2100,2100,2100,2100,2662,7,55,179.22580401836646,0.5227000219747424,2115.059999981895,2801.357625845229
1769374904,5,,Aggregated,2.000000,0.000000,55,86,96,100,110,2100,2100,2100,2100,2100,2100,2663,7,55,179.17826229698886,0.5227000219747424,2115.059999981895,2801.2951558392792
1769374905,5,,Aggregated,1.900000,0.000000,55,86,96,100,110,2100,2100,2100,2100,2100,2100,2664,7,55,179.1345974838245,0.5227000219747424,2115.059999981895,2802.120870870871
1769374906,5,,Aggregated,2.000000,0.000000,55,86,96,100,110,2100,2100,2100,2100,2100,2100,2666,7,55,179.04706710313056,0.5227000219747424,2115.059999981895,2801.9774943735933
1769374907,5,,Aggregated,1.900000,0.000000,55,86,96,100,110,2100,2100,2100,2100,2100,2100,2667,7,55,179.00444814285984,0.5227000219747424,2115.059999981895,2801.8548931383575
1769374908,5,,Aggregated,1.900000,0.000000,55,86,96,100,110,2100,2100,2100,2100,2100,2100,2667,7,55,179.00444814285984,0.5227000219747424,2115.059999981895,2801.8548931383575
1769374909,5,,Aggregated,2.200000,0.000000,55,86,96,100,110,2100,2100,2100,2100,2100,2100,2671,7,55,178.86213444292585,0.5227000219747424,2115.059999981895,2800.9644327967053
1769374910,5,,Aggregated,1.900000,0.000000,55,86,96,100,110,2100,2100,2100,2100,2100,2100,2674,7,55,178.75364480074145,0.5227000219747424,2115.059999981895,2800.1944652206435
1769374911,5,,Aggregated,1.900000,0.000000,55,86,96,100,110,2100,2100,2100,2100,2100,2100,2674,7,55,178.75364480074145,0.5227000219747424,2115.059999981895,2800.1944652206435
1769374912,5,,Aggregated,1.900000,0.000000,55,86,96,100,110,2100,2100,2100,2100,2100,2100,2681,7,55,179.27014871207072,0.5227000219747424,2115.059999981895,2797.2689295039163
1769374913,5,,Aggregated,1.800000,0.000000,55,86,96,100,110,2100,2100,2100,2100,2100,2100,2685,7,55,179.88109813666654,0.5227000219747424,2115.059999981895,2796.6491620111733
1769374914,5,,Aggregated,1.800000,0.000000,55,86,96,100,110,2100,2100,2100,2100,2100,2100,2685,7,55,179.88109813666654,0.5227000219747424,2115.059999981895,2796.6491620111733
1769374915,5,,Aggregated,2.100000,0.000000,55,86,96,100,110,2100,2100,2100,2100,2100,2100,2687,7,55,179.79026051247018,0.5227000219747424,2115.059999981895,2796.502046892445
1769374916,5,,Aggregated,2.300000,0.000000,55,86,96,100,110,2100,2100,2100,2100,2100,2100,2688,7,55,179.74580308670002,0.5227000219747424,2115.059999981895,2796.4434523809523
1769374917,5,,Aggregated,2.200000,0.000000,55,86,96,100,110,2100,2100,2100,2100,2100,2100,2689,7,55,179.70382878280637,0.5227000219747424,2115.059999981895,2797.263294905169
1769374918,5,,Aggregated,2.300000,0.000000,55,86,96,100,110,2100,2100,2100,2100,2100,2100,2691,7,55,179.62045596317404,0.5227000219747424,2115.059999981895,2797.1267186919363
1769374919,5,,Aggregated,2.200000,0.000000,55,86,96,100,110,2100,2100,2100,2100,2100,2100,2692,7,55,179.57805163332714,0.5227000219747424,2115.059999981895,2797.00705794948
1769374920,5,,Aggregated,2.200000,0.000000,55,86,96,100,110,2100,2100,2100,2100,2100,2100,2692,7,55,179.57805163332714,0.5227000219747424,2115.059999981895,2797.00705794948
1769374921,5,,Aggregated,2.400000,0.000000,55,86,96,100,110,2100,2100,2100,2100,2100,2100,2696,7,55,179.44282258783733,0.5227000219747424,2115.059999981895,2796.133160237389
1769374922,5,,Aggregated,2.100000,0.000000,55,86,96,100,110,2100,2100,2100,2100,2100,2100,2699,7,55,179.34650818699305,0.5227000219747424,2115.059999981895,2795.3756947017414
1769374923,5,,Aggregated,2.100000,0.000000,55,86,96,100,110,2100,2100,2100,2100,2100,2100,2699,7,55,179.34650818699305,0.5227000219747424,2115.059999981895,2795.3756947017414
1769374925,5,,Aggregated,2.200000,0.000000,55,86,96,100,110,2100,2100,2100,2100,2100,2100,2703,7,55,179.1988966321639,0.5227000219747424,2115.059999981895,2794.494265630781
1769374926,5,,Aggregated,1.800000,0.000000,55,86,96,100,120,2100,2100,2100,2100,2100,2100,2707,7,55,179.80780103316997,0.5227000219747424,2115.059999981895,2793.881787957148
1769374927,5,,Aggregated,1.800000,0.000000,55,86,96,100,120,2100,2100,2100,2100,2100,2100,2707,7,55,179.80780103316997,0.5227000219747424,2115.059999981895,2793.881787957148
1769374928,5,,Aggregated,1.800000,0.000000,55,86,96,100,120,2100,2100,2100,2100,2100,2100,2709,7,55,179.71655721551005,0.5227000219747424,2115.059999981895,2793.7371723883352
1769374929,5,,Aggregated,2.000000,0.000000,55,86,96,100,120,2100,2100,2100,2100,2100,2100,2710,7,55,179.6660997774246,0.5227000219747424,2115.059999981895,2793.6800738007382
1769374930,5,,Aggregated,1.900000,0.000000,55,86,96,100,110,2100,2100,2100,2100,2100,2100,2711,7,55,179.61737919467072,0.5227000219747424,2115.059999981895,2794.4942825525636
1769374931,5,,Aggregated,2.000000,0.000000,55,86,96,100,110,2100,2100,2100,2100,2100,2100,2713,7,55,179.52860136260819,0.5227000219747424,2115.059999981895,2794.360117950608
1769374932,5,,Aggregated,1.900000,0.000000,56,86,96,100,110,2100,2100,2100,2100,2100,2100,2714,7,55,179.49001366869143,0.5227000219747424,2115.059999981895,2794.2424465733234
1769374933,5,,Aggregated,1.900000,0.000000,56,86,96,100,110,2100,2100,2100,2100,2100,2100,2714,7,55,179.49001366869143,0.5227000219747424,2115.059999981895,2794.2424465733234
1769374934,5,,Aggregated,1.800000,0.000000,56,86,96,100,120,2100,2100,2100,2100,2100,2100,2719,7,56,179.3087632574724,0.5227000219747424,2115.059999981895,2792.578889297536
1769374935,5,,Aggregated,1.800000,0.000000,56,86,96,100,120,2100,2100,2100,2100,2100,2100,2721,7,56,179.2612561547204,0.5227000219747424,2115.059999981895,2792.631385520029
1769374936,5,,Aggregated,1.900000,0.000000,56,86,96,100,120,2100,2100,2100,2100,2100,2100,2722,7,56,179.21131322447596,0.5227000219747424,2115.059999981895,2791.8317413666423
1769374937,5,,Aggregated,1.800000,0.000000,56,87,96,100,120,2100,2100,2100,2100,2100,2100,2729,7,56,179.730880174792,0.5227000219747424,2115.059999981895,2789.65042139978
1769374938,5,,Aggregated,1.800000,0.000000,56,87,96,100,120,2100,2100,2100,2100,2100,2100,2732,7,56,180.37952543818392,0.5227000219747424,2115.059999981895,2789.1764275256223
1769374939,5,,Aggregated,2.100000,0.000000,56,87,96,100,120,2100,2100,2100,2100,2100,2100,2733,7,56,180.33155191993356,0.5227000219747424,2115.059999981895,2789.053787047201
1769374940,5,,Aggregated,2.300000,0.000000,56,87,96,100,120,2100,2100,2100,2100,2100,2100,2735,7,56,180.24671202826858,0.5227000219747424,2115.059999981895,2788.978793418647
1769374941,5,,Aggregated,2.200000,0.000000,56,87,96,100,120,2100,2100,2100,2100,2100,2100,2736,7,56,180.20356224319823,0.5227000219747424,2115.059999981895,2789.7872807017543
1769374942,5,,Aggregated,2.300000,0.000000,56,87,96,100,120,2100,2100,2100,2100,2100,2100,2737,7,56,180.15434307538436,0.5227000219747424,2115.059999981895,2789.7687248812567
1769374943,5,,Aggregated,2.200000,0.000000,56,86,96,100,120,2100,2100,2100,2100,2100,2100,2739,7,56,180.0727672498267,0.5227000219747424,2115.059999981895,2789.543994158452
1769374944,5,,Aggregated,2.200000,0.000000,56,86,96,100,120,2100,2100,2100,2100,2100,2100,2739,7,56,180.0727672498267,0.5227000219747424,2115.059999981895,2789.543994158452
1769374945,5,,Aggregated,2.400000,0.000000,56,86,96,100,120,2100,2100,2100,2100,2100,2100,2740,7,56,180.0281952909809,0.5227000219747424,2115.059999981895,2789.433941605839
1769374946,5,,Aggregated,2.100000,0.000000,56,87,96,100,120,2100,2100,2100,2100,2100,2100,2745,7,56,179.85870779503836,0.5227000219747424,2115.059999981895,2787.4284153005465
1769374947,5,,Aggregated,2.100000,0.000000,56,87,96,100,120,2100,2100,2100,2100,2100,2100,2746,7,56,179.83930527942442,0.5227000219747424,2115.059999981895,2787.9595775673706
1769374948,5,,Aggregated,2.200000,0.000000,56,87,96,100,120,2100,2100,2100,2100,2100,2100,2748,7,56,179.76553151287408,0.5227000219747424,2115.059999981895,2786.693959243086
1769374949,5,,Aggregated,1.800000,0.000000,56,87,96,100,120,2100,2100,2100,2100,2100,2100,2752,7,56,179.6096168231469,0.5227000219747424,2115.059999981895,2786.5058139534885
1769374950,5,,Aggregated,1.800000,0.000000,56,87,96,100,120,2100,2100,2100,2100,2100,2100,2754,7,56,180.25782813992555,0.5227000219747424,2115.059999981895,2786.512708787219
1769374951,5,,Aggregated,1.800000,0.000000,56,87,96,100,120,2100,2100,2100,2100,2100,2100,2755,7,56,180.21216820232476,0.5227000219747424,2115.059999981895,2786.3894736842103
1769374952,5,,Aggregated,2.000000,0.000000,56,87,96,100,120,2100,2100,2100,2100,2100,2100,2757,7,56,180.12379789527333,0.5227000219747424,2115.059999981895,2786.3188248095757
1769374953,5,,Aggregated,1.900000,0.000000,56,87,96,100,120,2100,2100,2100,2100,2100,2100,2758,7,56,180.08386334199207,0.5227000219747424,2115.059999981895,2787.1218274111675
1769374954,5,,Aggregated,2.000000,0.000000,56,86,96,100,120,2100,2100,2100,2100,2100,2100,2759,7,56,180.0389012313222,0.5227000219747424,2115.059999981895,2787.105472997463
1769374955,5,,Aggregated,1.900000,0.000000,56,86,96,100,120,2100,2100,2100,2100,2100,2100,2761,7,56,179.94669105298345,0.5227000219747424,2115.059999981895,2786.8840999637814
1769374956,5,,Aggregated,1.900000,0.000000,56,86,96,100,120,2100,2100,2100,2100,2100,2100,2761,7,56,179.94669105298345,0.5227000219747424,2115.059999981895,2786.8840999637814
1769374957,5,,Aggregated,2.100000,0.000000,56,86,96,100,120,2100,2100,2100,2100,2100,2100,2762,7,56,179.9009678484336,0.5227000219747424,2115.059999981895,2786.7748008689355
1769374958,5,,Aggregated,1.800000,0.000000,56,87,96,100,120,2100,2100,2100,2100,2100,2100,2768,7,56,179.7206812490934,0.5227000219747424,2115.059999981895,2785.3179190751443
1769374959,5,,Aggregated,1.800000,0.000000,56,87,96,100,120,2100,2100,2100,2100,2100,2100,2768,7,56,179.7206812490934,0.5227000219747424,2115.059999981895,2785.3179190751443
1769374960,5,,Aggregated,1.900000,0.000000,56,87,96,100,120,2100,2100,2100,2100,2100,2100,2771,7,56,179.62718758481185,0.5227000219747424,2115.059999981895,2784.591844099603
1769374961,5,,Aggregated,1.800000,0.000000,56,87,97,100,120,2100,2100,2100,2100,2100,2100,2779,7,56,180.79932669934874,0.5227000219747424,2115.059999981895,2781.9499820079163
1769374962,5,,Aggregated,1.800000,0.000000,56,87,97,100,120,2100,2100,2100,2100,2100,2100,2779,7,56,180.79932669934874,0.5227000219747424,2115.059999981895,2781.9499820079163
1769374963,5,,Aggregated,2.100000,0.000000,56,87,97,100,120,2100,2100,2100,2100,2100,2100,2780,7,56,180.7579519775304,0.5227000219747424,2115.059999981895,2781.8320143884894
1769374964,5,,Aggregated,2.300000,0.000000,56,87,97,100,120,2100,2100,2100,2100,2100,2100,2782,7,56,180.6672449307975,0.5227000219747424,2115.059999981895,2781.7652767792956
1769374965,5,,Aggregated,2.200000,0.000000,56,87,97,100,120,2100,2100,2100,2100,2100,2100,2783,7,56,180.6245692049786,0.5227000219747424,2115.059999981895,2782.5627021200144
1769374966,5,,Aggregated,2.300000,0.000000,56,87,97,100,120,2100,2100,2100,2100,2100,2100,2785,7,56,180.53960398469067,0.5227000219747424,2115.059999981895,2782.4412926391383
1769374967,5,,Aggregated,2.200000,0.000000,56,87,97,100,120,2100,2100,2100,2100,2100,2100,2786,7,56,180.48992167889358,0.5227000219747424,2115.059999981895,2782.3309404163674
1769374968,5,,Aggregated,2.200000,0.000000,56,87,97,100,120,2100,2100,2100,2100,2100,2100,2786,7,56,180.48992167889358,0.5227000219747424,2115.059999981895,2782.3309404163674
1769374969,5,,Aggregated,2.400000,0.000000,56,87,97,100,120,2100,2100,2100,2100,2100,2100,2788,7,56,180.40008540081536,0.5227000219747424,2115.059999981895,2781.448708751793
1769374970,5,,Aggregated,2.100000,0.000000,56,87,97,100,120,2100,2100,2100,2100,2100,2100,2793,7,56,180.26193608937507,0.5227000219747424,2115.059999981895,2780.7916219119224
1769374971,5,,Aggregated,2.100000,0.000000,56,87,97,100,120,2100,2100,2100,2100,2100,2100,2793,7,56,180.26193608937507,0.5227000219747424,2115.059999981895,2780.7916219119224
1769374972,5,,Aggregated,2.200000,0.000000,57,87,97,100,120,2100,2100,2100,2100,2100,2100,2797,7,57,180.1283946719895,0.5227000219747424,2115.059999981895,2779.957811941366
1769374973,5,,Aggregated,1.800000,0.000000,57,87,97,100,120,2100,2100,2100,2100,2100,2100,2801,7,57,180.7001175999612,0.5227000219747424,2115.059999981895,2779.386647625848
1769374974,5,,Aggregated,1.800000,0.000000,57,87,97,100,120,2100,2100,2100,2100,2100,2100,2801,7,57,180.7001175999612,0.5227000219747424,2115.059999981895,2779.386647625848
1769374975,5,,Aggregated,1.800000,0.000000,57,87,97,100,120,2100,2100,2100,2100,2100,2100,2803,7,57,180.61162368797298,0.5227000219747424,2115.059999981895,2779.256154120585
1769374976,5,,Aggregated,2.000000,0.000000,57,87,97,100,120,2100,2100,2100,2100,2100,2100,2804,7,57,180.56111615456737,0.5227000219747424,2115.059999981895,2779.204707560628
1769374977,5,,Aggregated,1.900000,0.000000,57,87,97,100,120,2100,2100,2100,2100,2100,2100,2805,7,57,180.5201560418236,0.5227000219747424,2115.059999981895,2779.9967914438503
1769374978,5,,Aggregated,2.000000,0.000000,57,87,97,100,120,2100,2100,2100,2100,2100,2100,2807,7,57,180.4290390443216,0.5227000219747424,2115.059999981895,2779.8781617385107
1769374979,5,,Aggregated,1.900000,0.000000,57,87,97,100,120,2100,2100,2100,2100,2100,2100,2808,7,56,180.38132617430347,0.5227000219747424,2115.059999981895,2779.769586894587
1769374980,5,,Aggregated,1.900000,0.000000,57,87,97,100,120,2100,2100,2100,2100,2100,2100,2808,7,56,180.38132617430347,0.5227000219747424,2115.059999981895,2779.769586894587
1769374981,5,,Aggregated,2.100000,0.000000,56,87,97,100,120,2100,2100,2100,2100,2100,2100,2811,7,56,180.26725581552427,0.5227000219747424,2115.059999981895,2778.433653504091
1769374982,5,,Aggregated,1.800000,0.000000,57,87,97,100,120,2100,2100,2100,2100,2100,2100,2815,7,57,180.14271765443632,0.5227000219747424,2115.059999981895,2778.2476021314387
1769374983,5,,Aggregated,1.800000,0.000000,57,87,97,100,120,2100,2100,2100,2100,2100,2100,2815,7,57,180.14271765443632,0.5227000219747424,2115.059999981895,2778.2476021314387
1769374984,5,,Aggregated,1.900000,0.000000,57,87,97,100,120,2100,2100,2100,2100,2100,2100,2820,7,57,179.97165886422698,0.5227000219747424,2115.059999981895,2776.967021276596
1769374985,5,,Aggregated,1.800000,0.000000,57,87,97,100,120,2100,2100,2100,2100,2100,2100,2826,7,57,181.2141576068547,0.5227000219747424,2118.8581000315025,2774.9631988676574
1769374986,5,,Aggregated,1.800000,0.000000,57,87,97,100,120,2100,2100,2100,2100,2100,2100,2826,7,57,181.2141576068547,0.5227000219747424,2118.8581000315025,2774.9631988676574
1769374987,5,,Aggregated,2.100000,0.000000,57,87,97,100,120,2100,2100,2100,2100,2100,2100,2828,7,57,181.12555866234587,0.5227000219747424,2118.8581000315025,2774.838755304102
1769374988,5,,Aggregated,2.300000,0.000000,57,87,97,100,120,2100,2100,2100,2100,2100,2100,2829,7,57,181.0868705539563,0.5227000219747424,2118.8581000315025,2774.7893248497703
1769374989,5,,Aggregated,2.200000,0.000000,57,87,97,100,120,2100,2100,2100,2100,2100,2100,2830,7,57,181.0419013417678,0.5227000219747424,2118.8581000315025,2775.5759717314486
1769374990,5,,Aggregated,2.300000,0.000000,57,87,97,100,120,2100,2100,2100,2100,2100,2100,2832,7,57,180.95839968120376,0.5227000219747424,2118.8581000315025,2775.463629943503
1769374991,5,,Aggregated,2.200000,0.000000,57,87,97,100,120,2100,2100,2100,2100,2100,2100,2833,7,57,180.9132622651548,0.5227000219747424,2118.8581000315025,2775.3579244617013
1769374992,5,,Aggregated,2.200000,0.000000,57,87,97,100,120,2100,2100,2100,2100,2100,2100,2833,7,57,180.9132622651548,0.5227000219747424,2118.8581000315025,2775.3579244617013
1769374993,5,,Aggregated,2.400000,0.000000,57,87,97,100,120,2100,2100,2100,2100,2100,2100,2837,7,57,180.77948156404148,0.5227000219747424,2118.8581000315025,2774.557983785689
1769374994,5,,Aggregated,2.100000,0.000000,57,87,97,100,120,2100,2100,2100,2100,2100,2100,2840,7,57,180.68786577369139,0.5227000219747424,2118.8581000315025,2773.8609154929577
1769374995,5,,Aggregated,2.100000,0.000000,57,87,97,100,120,2100,2100,2100,2100,2100,2100,2840,7,57,180.68786577369139,0.5227000219747424,2118.8581000315025,2773.8609154929577
1769374996,5,,Aggregated,2.200000,0.000000,57,87,97,100,120,2100,2100,2100,2100,2100,2100,2844,7,57,180.5562690919155,0.5227000219747424,2118.8581000315025,2773.053094233474
1769374997,5,,Aggregated,1.800000,0.000000,57,87,97,100,120,2100,2100,2100,2100,2100,2100,2848,7,57,181.14248918446424,0.5227000219747424,2118.8581000315025,2772.502808988764
1769374998,5,,Aggregated,1.800000,0.000000,57,87,97,100,120,2100,2100,2100,2100,2100,2100,2848,7,57,181.14248918446424,0.5227000219747424,2118.8581000315025,2772.502808988764
1769374999,5,,Aggregated,1.800000,0.000000,57,87,97,100,120,2100,2100,2100,2100,2100,2100,2850,7,57,181.05922143767472,0.5227000219747424,2118.8581000315025,2772.377192982456
1769375000,5,,Aggregated,2.000000,0.000000,57,87,97,100,120,2100,2100,2100,2100,2100,2100,2851,7,57,181.02008295243834,0.5227000219747424,2118.8581000315025,2772.3286566117154
1769375001,5,,Aggregated,1.900000,0.000000,57,87,97,100,120,2100,2100,2100,2100,2100,2100,2852,7,57,180.98025809867187,0.5227000219747424,2118.8581000315025,2773.110098176718
1769375002,5,,Aggregated,2.000000,0.000000,57,87,97,100,120,2100,2100,2100,2100,2100,2100,2854,7,57,180.89436962067415,0.5227000219747424,2118.8581000315025,2772.9992992291523
1769375003,5,,Aggregated,1.900000,0.000000,57,87,97,100,120,2100,2100,2100,2100,2100,2100,2855,7,57,180.84889229329144,0.5227000219747424,2118.8581000315025,2772.894921190893
1769375004,5,,Aggregated,1.900000,0.000000,57,87,97,100,120,2100,2100,2100,2100,2100,2100,2855,7,57,180.84889229329144,0.5227000219747424,2118.8581000315025,2772.894921190893
1769375005,5,,Aggregated,2.100000,0.000000,57,87,97,100,120,2100,2100,2100,2100,2100,2100,2859,7,57,180.71003210823363,0.5227000219747424,2118.8581000315025,2772.1035327037425
1769375006,5,,Aggregated,1.800000,0.000000,57,87,97,100,120,2100,2100,2100,2100,2100,2100,2862,7,57,180.61364014582725,0.5227000219747424,2118.8581000315025,2771.414395527603
1769375007,5,,Aggregated,1.800000,0.000000,57,87,97,100,120,2100,2100,2100,2100,2100,2100,2862,7,57,180.61364014582725,0.5227000219747424,2118.8581000315025,2771.414395527603
1769375008,5,,Aggregated,1.900000,0.000000,57,87,97,100,120,2100,2100,2100,2100,2100,2100,2869,7,57,181.10826218104864,0.5227000219747424,2118.8581000315025,2768.7507842453815
1769375009,5,,Aggregated,1.800000,0.000000,57,87,97,100,120,2100,2100,2100,2100,2100,2100,2873,7,57,181.6729033405799,0.5227000219747424,2118.8581000315025,2768.2112774103725
1769375010,5,,Aggregated,1.800000,0.000000,57,87,97,100,120,2100,2100,2100,2100,2100,2100,2873,7,57,181.6729033405799,0.5227000219747424,2118.8581000315025,2768.2112774103725
1769375011,5,,Aggregated,2.100000,0.000000,57,87,97,100,120,2100,2100,2100,2100,2100,2100,2875,7,57,181.581797355624,0.5227000219747424,2118.8581000315025,2768.0918260869566
1769375012,5,,Aggregated,2.300000,0.000000,57,87,97,100,120,2100,2100,2100,2100,2100,2100,2876,7,57,181.5378133162062,0.5227000219747424,2118.8581000315025,2768.046940194715
1769375013,5,,Aggregated,2.200000,0.000000,57,87,97,100,120,2100,2100,2100,2100,2100,2100,2877,7,57,181.4919598183705,0.5227000219747424,2118.8581000315025,2768.823079596802
1769375014,5,,Aggregated,2.300000,0.000000,57,87,97,100,120,2100,2100,2100,2100,2100,2100,2879,7,57,181.40976099256483,0.5227000219747424,2118.8581000315025,2768.7151788815563
1769375015,5,,Aggregated,2.200000,0.000000,57,87,97,100,120,2100,2100,2100,2100,2100,2100,2880,7,57,181.36564739498783,0.5227000219747424,2118.8581000315025,2768.6131944444446
1769375016,5,,Aggregated,2.200000,0.000000,57,87,97,100,120,2100,2100,2100,2100,2100,2100,2880,7,57,181.36564739498783,0.5227000219747424,2118.8581000315025,2768.6131944444446
1769375017,5,,Aggregated,2.400000,0.000000,57,87,97,100,120,2100,2100,2100,2100,2100,2100,2884,7,57,181.22689719058394,0.5227000219747424,2118.8581000315025,2767.8359916782247
1769375018,5,,Aggregated,2.100000,0.000000,57,87,97,100,120,2100,2100,2100,2100,2100,2100,2887,7,57,181.14584097593564,0.5227000219747424,2118.8581000315025,2767.1572566678215
1769375019,5,,Aggregated,2.100000,0.000000,57,87,97,100,120,2100,2100,2100,2100,2100,2100,2887,7,57,181.14584097593564,0.5227000219747424,2118.8581000315025,2767.1572566678215
1769375020,5,,Aggregated,2.200000,0.000000,57,87,97,100,120,2100,2100,2100,2100,2100,2100,2891,7,57,180.9936633336141,0.5227000219747424,2118.8581000315025,2766.3694223452094
1769375021,5,,Aggregated,1.800000,0.000000,57,88,97,100,120,2100,2100,2100,2100,2100,2100,2895,7,57,181.55953906647804,0.5227000219747424,2118.8581000315025,2765.8359240069085
1769375022,5,,Aggregated,1.800000,0.000000,57,88,97,100,120,2100,2100,2100,2100,2100,2100,2895,7,57,181.55953906647804,0.5227000219747424,2118.8581000315025,2765.8359240069085
1769375023,5,,Aggregated,1.800000,0.000000,57,88,97,100,120,2100,2100,2100,2100,2100,2100,2897,7,57,181.47759564978148,0.5227000219747424,2118.8581000315025,2765.7159130134623
1769375024,5,,Aggregated,2.000000,0.000000,57,87,97,100,120,2100,2100,2100,2100,2100,2100,2898,7,57,181.43447546492922,0.5227000219747424,2118.8581000315025,2765.6704623878536
1769375025,5,,Aggregated,1.900000,0.000000,57,87,97,100,120,2100,2100,2100,2100,2100,2100,2899,7,57,181.39612414535532,0.5227000219747424,2118.8581000315025,2766.441531562608
1769375026,5,,Aggregated,2.000000,0.000000,57,87,97,100,120,2100,2100,2100,2100,2100,2100,2901,7,57,181.30780747925985,0.5227000219747424,2118.8581000315025,2766.3364357118235
1769375027,5,,Aggregated,1.900000,0.000000,57,87,97,100,120,2100,2100,2100,2100,2100,2100,2902,7,57,181.26761874475733,0.5227000219747424,2118.8581000315025,2766.236044107512
1769375028,5,,Aggregated,1.900000,0.000000,57,87,97,100,120,2100,2100,2100,2100,2100,2100,2902,7,57,181.26761874475733,0.5227000219747424,2118.8581000315025,2766.236044107512
1769375030,5,,Aggregated,2.100000,0.000000,57,87,97,100,120,2100,2100,2100,2100,2100,2100,2906,7,57,181.14707546366483,0.5227000219747424,2118.8581000315025,2765.4666207845835
1769375031,5,,Aggregated,1.800000,0.000000,57,87,97,100,120,2100,2100,2100,2100,2100,2100,2909,7,57,181.05162275608836,0.5227000219747424,2118.8581000315025,2764.7954623581986
1769375032,5,,Aggregated,1.800000,0.000000,57,87,97,100,120,2100,2100,2100,2100,2100,2100,2909,7,57,181.05162275608836,0.5227000219747424,2118.8581000315025,2764.7954623581986
1769375033,5,,Aggregated,1.900000,0.000000,57,88,97,100,120,2100,2100,2100,2100,2100,2100,2916,7,57,181.53862270149875,0.5227000219747424,2118.8581000315025,2762.190672153635
1769375034,5,,Aggregated,1.800000,0.000000,57,88,97,100,120,2100,2100,2100,2100,2100,2100,2920,7,57,182.11053938270794,0.5227000219747424,2122.529400046915,2761.668835616438
1769375035,5,,Aggregated,1.800000,0.000000,57,88,97,100,120,2100,2100,2100,2100,2100,2100,2920,7,57,182.11053938270794,0.5227000219747424,2122.529400046915,2761.668835616438
1769375036,5,,Aggregated,2.100000,0.000000,57,88,97,100,120,2100,2100,2100,2100,2100,2100,2922,7,57,182.02630263434668,0.5227000219747424,2122.529400046915,2761.553388090349
1769375037,5,,Aggregated,2.300000,0.000000,57,88,97,100,120,2100,2100,2100,2100,2100,2100,2923,7,57,181.98061693383917,0.5227000219747424,2122.529400046915,2761.509750256586
1769375038,5,,Aggregated,2.200000,0.000000,57,88,97,100,120,2100,2100,2100,2100,2100,2100,2924,7,57,181.93326439729492,0.5227000219747424,2122.529400046915,2762.2756497948017
1769375039,5,,Aggregated,2.200000,0.000000,57,88,97,100,120,2100,2100,2100,2100,2100,2100,2927,7,57,181.80318899817962,0.5227000219747424,2122.529400046915,2762.0751622822004
1769375040,5,,Aggregated,2.200000,0.000000,57,88,97,100,120,2100,2100,2100,2100,2100,2100,2927,7,57,181.80318899817962,0.5227000219747424,2122.529400046915,2762.0751622822004
1769375041,5,,Aggregated,2.200000,0.000000,57,88,97,100,120,2100,2100,2100,2100,2100,2100,2927,7,57,181.80318899817962,0.5227000219747424,2122.529400046915,2762.0751622822004
1769375042,5,,Aggregated,2.100000,0.000000,57,88,97,100,120,2100,2100,2100,2100,2100,2100,2932,7,57,181.6381815816803,0.5227000219747424,2122.529400046915,2760.5862892223736
1769375043,5,,Aggregated,2.100000,0.000000,57,88,97,100,120,2100,2100,2100,2100,2100,2100,2934,7,57,181.58208902431022,0.5227000219747424,2122.529400046915,2760.6567825494208
1769375044,5,,Aggregated,2.200000,0.000000,57,88,97,100,120,2100,2100,2100,2100,2100,2100,2935,7,57,181.5356697095082,0.5227000219747424,2122.529400046915,2759.9260647359456
1769375045,5,,Aggregated,1.800000,0.000000,57,88,98,100,120,2100,2100,2100,2100,2100,2100,2939,7,57,181.39463688241995,0.5227000219747424,2122.529400046915,2759.787682885335
1769375046,5,,Aggregated,1.800000,0.000000,57,88,98,100,120,2100,2100,2100,2100,2100,2100,2942,7,57,181.98543834039577,0.5227000219747424,2122.529400046915,2759.3779741672333
1769375047,5,,Aggregated,1.800000,0.000000,57,88,98,100,120,2100,2100,2100,2100,2100,2100,2943,7,57,181.94344260868615,0.5227000219747424,2122.529400046915,2759.2742099898064
1769375048,5,,Aggregated,2.000000,0.000000,57,88,98,100,120,2100,2100,2100,2100,2100,2100,2945,7,57,181.85374760523547,0.5227000219747424,2122.529400046915,2759.2268251273345
1769375049,5,,Aggregated,1.900000,0.000000,57,88,98,100,120,2100,2100,2100,2100,2100,2100,2946,7,57,181.81416391630867,0.5227000219747424,2122.529400046915,2759.987780040733
1769375050,5,,Aggregated,2.000000,0.000000,57,88,98,100,120,2100,2100,2100,2100,2100,2100,2947,7,57,181.77932144466928,0.5227000219747424,2122.529400046915,2759.980658296573
1769375051,5,,Aggregated,1.900000,0.000000,57,88,98,100,120,2100,2100,2100,2100,2100,2100,2949,7,57,181.69191976854114,0.5227000219747424,2122.529400046915,2759.792132926416
1769375052,5,,Aggregated,1.900000,0.000000,57,88,98,100,120,2100,2100,2100,2100,2100,2100,2949,7,57,181.69191976854114,0.5227000219747424,2122.529400046915,2759.792132926416
1769375053,5,,Aggregated,2.100000,0.000000,57,88,98,100,120,2100,2100,2100,2100,2100,2100,2950,7,57,181.64992762626923,0.5227000219747424,2122.529400046915,2759.7003389830506
1769375054,5,,Aggregated,1.800000,0.000000,57,88,98,100,120,2100,2100,2100,2100,2100,2100,2955,7,57,181.49533597212726,0.5227000219747424,2122.529400046915,2757.8876480541453
1769375055,5,,Aggregated,1.800000,0.000000,57,88,98,100,120,2100,2100,2100,2100,2100,2100,2956,7,57,181.4714564944344,0.5227000219747424,2122.529400046915,2758.391069012179
1769375056,5,,Aggregated,1.900000,0.000000,57,88,98,100,120,2100,2100,2100,2100,2100,2100,2958,7,57,181.4041119329005,0.5227000219747424,2122.529400046915,2757.235294117647
1769375057,5,,Aggregated,1.800000,0.000000,57,88,98,100,120,2100,2100,2100,2100,2100,2100,2964,7,57,181.90806676704668,0.5227000219747424,2122.529400046915,2755.7381916329286
1769375058,5,,Aggregated,1.800000,0.000000,57,88,98,100,120,2100,2100,2100,2100,2100,2100,2967,7,57,182.51319632540296,0.5227000219747424,2122.529400046915,2755.336029659589
1769375059,5,,Aggregated,2.100000,0.000000,57,88,98,100,120,2100,2100,2100,2100,2100,2100,2968,7,57,182.4692781325687,0.5227000219747424,2122.529400046915,2755.234838274933
1769375060,5,,Aggregated,2.300000,0.000000,57,88,98,100,120,2100,2100,2100,2100,2100,2100,2970,7,57,182.3872234671524,0.5227000219747424,2122.529400046915,2755.188888888889
1769375061,5,,Aggregated,2.200000,0.000000,57,88,98,100,120,2100,2100,2100,2100,2100,2100,2971,7,57,182.3384303592778,0.5227000219747424,2122.529400046915,2755.94479973073
1769375062,5,,Aggregated,2.300000,0.000000,57,88,98,100,120,2100,2100,2100,2100,2100,2100,2972,7,57,182.2932436734013,0.5227000219747424,2122.529400046915,2755.9401076716017
1769375063,5,,Aggregated,2.200000,0.000000,57,88,98,100,120,2100,2100,2100,2100,2100,2100,2974,7,57,182.2154604227886,0.5227000219747424,2122.529400046915,2755.7555480833894
1769375064,5,,Aggregated,2.200000,0.000000,57,88,98,100,120,2100,2100,2100,2100,2100,2100,2974,7,57,182.2154604227886,0.5227000219747424,2122.529400046915,2755.7555480833894
1769375065,5,,Aggregated,2.400000,0.000000,57,88,98,100,120,2100,2100,2100,2100,2100,2100,2975,7,57,182.17880009998325,0.5227000219747424,2122.529400046915,2755.66487394958
1769375066,5,,Aggregated,2.100000,0.000000,58,88,98,100,120,2100,2100,2100,2100,2100,2100,2981,7,58,182.00637691965747,0.5227000219747424,2122.529400046915,2754.3747064743375
1769375067,5,,Aggregated,2.100000,0.000000,58,88,98,100,120,2100,2100,2100,2100,2100,2100,2981,7,58,182.00637691965747,0.5227000219747424,2122.529400046915,2754.3747064743375
1769375068,5,,Aggregated,2.200000,0.000000,58,88,98,100,120,2100,2100,2100,2100,2100,2100,2985,7,58,181.86773092047602,0.5227000219747424,2122.529400046915,2753.6314907872697
1769375069,5,,Aggregated,1.800000,0.000000,58,88,98,100,120,2100,2100,2100,2100,2100,2100,2989,7,58,182.4134435924066,0.5227000219747424,2122.529400046915,2753.1314821010374
1769375070,5,,Aggregated,1.800000,0.000000,58,88,98,100,120,2100,2100,2100,2100,2100,2100,2989,7,58,182.4134435924066,0.5227000219747424,2122.529400046915,2753.1314821010374
1769375071,5,,Aggregated,1.800000,0.000000,58,88,98,100,120,2100,2100,2100,2100,2100,2100,2991,7,58,182.33528555590698,0.5227000219747424,2122.529400046915,2753.0264125710464
1769375072,5,,Aggregated,2.000000,0.000000,58,88,98,100,120,2100,2100,2100,2100,2100,2100,2992,7,58,182.29126905004418,0.5227000219747424,2122.529400046915,2752.986965240642
1769375073,5,,Aggregated,1.900000,0.000000,58,88,98,100,120,2100,2100,2100,2100,2100,2100,2993,7,58,182.24877794782734,0.5227000219747424,2122.529400046915,2753.7380554627466
1769375074,5,,Aggregated,2.000000,0.000000,58,88,98,100,120,2100,2100,2100,2100,2100,2100,2995,7,58,182.17163158523132,0.5227000219747424,2122.529400046915,2753.643405676127
1769375075,5,,Aggregated,1.900000,0.000000,58,88,98,100,120,2100,2100,2100,2100,2100,2100,2996,7,57,182.12591488575978,0.5227000219747424,2122.529400046915,2753.5507343124164
1769375076,5,,Aggregated,1.900000,0.000000,58,88,98,100,120,2100,2100,2100,2100,2100,2100,2996,7,57,182.12591488575978,0.5227000219747424,2122.529400046915,2753.5507343124164
1769375077,5,,Aggregated,2.100000,0.000000,57,88,98,100,120,2100,2100,2100,2100,2100,2100,2998,7,57,182.0391753160819,0.5227000219747424,2122.529400046915,2752.7484989993327
1769375078,5,,Aggregated,1.800000,0.000000,58,88,98,100,120,2100,2100,2100,2100,2100,2100,3003,7,58,181.9028588403556,0.5227000219747424,2122.529400046915,2752.185148185148
1769375079,5,,Aggregated,1.800000,0.000000,58,88,98,100,120,2100,2100,2100,2100,2100,2100,3003,7,58,181.9028588403556,0.5227000219747424,2122.529400046915,2752.185148185148
1769375080,5,,Aggregated,1.900000,0.000000,58,88,98,100,120,2100,2100,2100,2100,2100,2100,3007,7,58,181.7653397397681,0.5227000219747424,2122.529400046915,2751.450282673761
1769375081,5,,Aggregated,1.800000,0.000000,58,88,98,100,120,2100,2100,2100,2100,2100,2100,3014,7,58,182.89046778279345,0.5227000219747424,2122.529400046915,2749.202388852024
1769375082,5,,Aggregated,1.800000,0.000000,58,88,98,100,120,2100,2100,2100,2100,2100,2100,3014,7,58,182.89046778279345,0.5227000219747424,2122.529400046915,2749.202388852024
1769375083,5,,Aggregated,2.100000,0.000000,58,88,98,100,120,2100,2100,2100,2100,2100,2100,3015,7,58,182.84670351487068,0.5227000219747424,2122.529400046915,2749.10447761194
1769375084,5,,Aggregated,2.300000,0.000000,58,88,98,100,120,2100,2100,2100,2100,2100,2100,3016,7,58,182.80230411052005,0.5227000219747424,2122.529400046915,2749.066644562334
1769375085,5,,Aggregated,2.200000,0.000000,58,88,98,100,120,2100,2100,2100,2100,2100,2100,3018,7,58,183.40111255714103,0.5227000219747424,2122.529400046915,2749.809145129225
1769375086,5,,Aggregated,2.200000,0.000000,58,88,98,100,120,2100,2100,2100,2100,2100,2100,3020,7,58,183.31909337661548,0.5227000219747424,2122.529400046915,2749.717880794702
1769375087,5,,Aggregated,2.100000,0.000000,58,88,98,100,120,2100,2100,2100,2100,2100,2100,3021,7,58,183.2774763314768,0.5227000219747424,2122.529400046915,2749.6269447202912
1769375088,5,,Aggregated,2.100000,0.000000,58,88,98,100,120,2100,2100,2100,2100,2100,2100,3021,7,58,183.2774763314768,0.5227000219747424,2122.529400046915,2749.6269447202912
1769375089,5,,Aggregated,2.400000,0.000000,58,88,98,100,120,2100,2100,2100,2100,2100,2100,3024,7,58,183.16128475444634,0.5227000219747424,2122.529400046915,2748.4156746031745
1769375090,5,,Aggregated,2.100000,0.000000,58,88,98,100,120,2100,2100,2100,2100,2100,2100,3028,7,58,183.0446878129409,0.5227000219747424,2122.529400046915,2748.282364597094
1769375091,5,,Aggregated,2.100000,0.000000,58,88,98,100,120,2100,2100,2100,2100,2100,2100,3028,7,58,183.0446878129409,0.5227000219747424,2122.529400046915,2748.282364597094
1769375092,5,,Aggregated,2.200000,0.000000,58,88,98,100,120,2100,2100,2100,2100,2100,2100,3032,7,58,182.91913769707804,0.5227000219747424,2122.529400046915,2747.5587071240107
1769375093,5,,Aggregated,1.800000,0.000000,58,88,98,100,120,2100,2100,2100,2100,2100,2100,3036,7,58,183.45988155385584,0.5227000219747424,2122.529400046915,2747.074440052701
1769375094,5,,Aggregated,1.800000,0.000000,58,88,98,100,120,2100,2100,2100,2100,2100,2100,3036,7,58,183.45988155385584,0.5227000219747424,2122.529400046915,2747.074440052701
1769375095,5,,Aggregated,1.800000,0.000000,58,88,98,100,120,2100,2100,2100,2100,2100,2100,3038,7,58,183.38736609529417,0.5227000219747424,2122.529400046915,2746.973996050033
1769375096,5,,Aggregated,1.800000,0.000000,58,88,98,100,120,2100,2100,2100,2100,2100,2100,3038,7,58,183.38736609529417,0.5227000219747424,2122.529400046915,2746.973996050033
1769375097,5,,Aggregated,2.000000,0.000000,58,88,98,100,120,2100,2100,2100,2100,2100,2100,3039,7,58,183.3456019406195,0.5227000219747424,2122.529400046915,2747.715695952616
1769375098,5,,Aggregated,2.000000,0.000000,58,88,98,100,120,2100,2100,2100,2100,2100,2100,3041,7,58,183.94061956516063,0.5227000219747424,2122.529400046915,2747.592239394936
1769375099,5,,Aggregated,1.800000,0.000000,58,88,98,100,120,2100,2100,2100,2100,2100,2100,3042,7,58,183.89861285261702,0.5227000219747424,2122.529400046915,2747.5026298487837
1769375100,5,,Aggregated,1.800000,0.000000,58,88,98,100,120,2100,2100,2100,2100,2100,2100,3043,7,58,184.52629536565368,0.5227000219747424,2122.529400046915,2747.499507065396
1769375101,5,,Aggregated,2.000000,0.000000,58,88,98,100,120,2100,2100,2100,2100,2100,2100,3047,7,58,184.3769705604027,0.5227000219747424,2122.529400046915,2746.7902855267475
1769375102,5,,Aggregated,1.700000,0.000000,58,88,98,100,120,2100,2100,2100,2100,2100,2100,3050,7,58,184.28271796645933,0.5227000219747424,2122.529400046915,2746.168524590164
1769375103,5,,Aggregated,1.700000,0.000000,58,88,98,100,120,2100,2100,2100,2100,2100,2100,3050,7,58,184.28271796645933,0.5227000219747424,2122.529400046915,2746.168524590164
1769375104,5,,Aggregated,1.900000,0.000000,58,88,98,100,120,2100,2100,2100,2100,2100,2100,3057,7,58,184.7231442256583,0.5227000219747424,2122.529400046915,2743.7242394504415
1769375105,5,,Aggregated,1.800000,0.000000,58,88,98,100,120,2100,2100,2100,2100,2100,2100,3061,7,58,185.25320793786054,0.5227000219747424,2122.529400046915,2743.2489382554722
1769375106,5,,Aggregated,1.800000,0.000000,58,88,98,100,120,2100,2100,2100,2100,2100,2100,3061,7,58,185.25320793786054,0.5227000219747424,2122.529400046915,2743.2489382554722
1769375107,5,,Aggregated,2.100000,0.000000,58,88,98,100,120,2100,2100,2100,2100,2100,2100,3063,7,58,185.16550845503954,0.5227000219747424,2122.529400046915,2743.1518119490697
1769375108,5,,Aggregated,2.300000,0.000000,58,88,98,100,120,2100,2100,2100,2100,2100,2100,3064,7,58,185.1262766637629,0.5227000219747424,2122.529400046915,2743.1165143603134
1769375109,5,,Aggregated,2.300000,0.000000,58,88,98,100,120,2100,2100,2100,2100,2100,2100,3065,7,58,185.0814555294593,0.5227000219747424,2122.529400046915,2743.853181076672
1769375110,5,,Aggregated,2.400000,0.000000,58,88,98,100,120,2100,2100,2100,2100,2100,2100,3067,7,58,184.99995317827225,0.5227000219747424,2122.529400046915,2743.766547114444
1769375111,5,,Aggregated,2.300000,0.000000,58,88,98,100,120,2100,2100,2100,2100,2100,2100,3068,7,58,184.95934846729946,0.5227000219747424,2122.529400046915,2743.6789439374184
1769375112,5,,Aggregated,2.300000,0.000000,58,88,98,100,120,2100,2100,2100,2100,2100,2100,3068,7,58,184.95934846729946,0.5227000219747424,2122.529400046915,2743.6789439374184
1769375113,5,,Aggregated,2.400000,0.000000,58,88,98,100,120,2100,2100,2100,2100,2100,2100,3072,7,58,184.83128704349383,0.5227000219747424,2122.529400046915,2742.9807942708335
1769375114,5,,Aggregated,2.100000,0.000000,58,88,98,100,120,2100,2100,2100,2100,2100,2100,3075,7,58,184.74370933255196,0.5227000219747424,2122.529400046915,2742.367804878049
1769375115,5,,Aggregated,2.100000,0.000000,58,88,98,100,120,2100,2100,2100,2100,2100,2100,3075,7,58,184.74370933255196,0.5227000219747424,2122.529400046915,2742.367804878049
1769375116,5,,Aggregated,2.200000,0.000000,58,88,98,100,120,2100,2100,2100,2100,2100,2100,3079,7,58,184.61123283452784,0.5227000219747424,2122.529400046915,2741.6628775576487
1769375117,5,,Aggregated,1.800000,0.000000,58,88,98,100,120,2100,2100,2100,2100,2100,2100,3083,7,58,185.13561839041003,0.5227000219747424,2122.529400046915,2741.195264352903
1769375118,5,,Aggregated,1.800000,0.000000,58,88,98,100,120,2100,2100,2100,2100,2100,2100,3083,7,58,185.13561839041003,0.5227000219747424,2122.529400046915,2741.195264352903
1769375119,5,,Aggregated,1.800000,0.000000,58,88,98,100,120,2100,2100,2100,2100,2100,2100,3085,7,58,185.05533688740934,0.5227000219747424,2122.529400046915,2741.1024311183146
1769375120,5,,Aggregated,2.000000,0.000000,58,88,98,100,120,2100,2100,2100,2100,2100,2100,3086,7,58,185.01394805496912,0.5227000219747424,2122.529400046915,2741.067725210629
1769375121,5,,Aggregated,1.900000,0.000000,58,88,98,100,120,2100,2100,2100,2100,2100,2100,3087,7,58,184.97239180359657,0.5227000219747424,2122.529400046915,2741.7998056365404
1769375122,5,,Aggregated,2.000000,0.000000,58,88,98,100,120,2100,2100,2100,2100,2100,2100,3089,7,58,184.88530585879695,0.5227000219747424,2122.529400046915,2741.7157656199415
1769375123,5,,Aggregated,1.900000,0.000000,58,88,98,100,120,2100,2100,2100,2100,2100,2100,3090,7,58,184.84804566273718,0.5227000219747424,2122.529400046915,2741.6294498381876
1769375124,5,,Aggregated,1.900000,0.000000,58,88,98,100,120,2100,2100,2100,2100,2100,2100,3090,7,58,184.84804566273718,0.5227000219747424,2122.529400046915,2741.6294498381876
1769375125,5,,Aggregated,2.100000,0.000000,58,88,98,100,120,2100,2100,2100,2100,2100,2100,3094,7,58,184.7267050412935,0.5227000219747424,2122.529400046915,2740.9395604395604
1769375126,5,,Aggregated,1.800000,0.000000,58,88,98,100,120,2100,2100,2100,2100,2100,2100,3097,7,58,184.63717710620264,0.5227000219747424,2122.529400046915,2740.3329028091703
1769375127,5,,Aggregated,1.800000,0.000000,58,88,98,100,120,2100,2100,2100,2100,2100,2100,3097,7,58,184.63717710620264,0.5227000219747424,2122.529400046915,2740.3329028091703
1769375128,5,,Aggregated,1.900000,0.000000,58,88,98,100,120,2100,2100,2100,2100,2100,2100,3104,7,58,185.07578179699138,0.5227000219747424,2122.529400046915,2737.9387886597938
1769375129,5,,Aggregated,1.800000,0.000000,58,88,98,100,120,2100,2100,2100,2100,2100,2100,3108,7,58,185.60516679461864,0.5227000219747424,2122.529400046915,2737.478120978121
1769375130,5,,Aggregated,1.800000,0.000000,58,88,98,100,120,2100,2100,2100,2100,2100,2100,3108,7,58,185.60516679461864,0.5227000219747424,2122.529400046915,2737.478120978121
1769375131,5,,Aggregated,2.100000,0.000000,58,88,98,100,120,2100,2100,2100,2100,2100,2100,3110,7,58,185.52867794136884,0.5227000219747424,2122.529400046915,2737.3845659163985
1769375132,5,,Aggregated,2.300000,0.000000,58,88,98,100,120,2100,2100,2100,2100,2100,2100,3111,7,58,185.48407222680765,0.5227000219747424,2122.529400046915,2737.3513339762135
1769375133,5,,Aggregated,2.200000,0.000000,58,88,98,100,120,2100,2100,2100,2100,2100,2100,3112,7,58,185.44134999923008,0.5227000219747424,2122.529400046915,2738.0787275064267
1769375135,5,,Aggregated,2.300000,0.000000,58,88,98,100,120,2100,2100,2100,2100,2100,2100,3114,7,58,185.3621285156016,0.5227000219747424,2122.529400046915,2737.999036608863
1769375136,5,,Aggregated,2.200000,0.000000,58,88,98,100,120,2100,2100,2100,2100,2100,2100,3115,7,58,185.32492619502636,0.5227000219747424,2122.529400046915,2737.914606741573
1769375137,5,,Aggregated,2.200000,0.000000,58,88,98,100,120,2100,2100,2100,2100,2100,2100,3115,7,58,185.32492619502636,0.5227000219747424,2122.529400046915,2737.914606741573
1769375138,5,,Aggregated,2.400000,0.000000,59,88,98,100,120,2100,2100,2100,2100,2100,2100,3119,7,59,185.19116251924413,0.5227000219747424,2122.529400046915,2737.2340493747997
1769375139,5,,Aggregated,2.100000,0.000000,59,88,98,100,120,2100,2100,2100,2100,2100,2100,3122,7,59,185.1020542272542,0.5227000219747424,2122.529400046915,2736.635810377963
1769375140,5,,Aggregated,2.100000,0.000000,59,88,98,100,120,2100,2100,2100,2100,2100,2100,3122,7,59,185.1020542272542,0.5227000219747424,2122.529400046915,2736.635810377963
1769375141,5,,Aggregated,2.200000,0.000000,59,88,98,100,120,2100,2100,2100,2100,2100,2100,3126,7,59,184.96238342845325,0.5227000219747424,2122.529400046915,2735.948496481126
1769375142,5,,Aggregated,1.800000,0.000000,59,88,98,100,120,2100,2100,2100,2100,2100,2100,3130,7,59,185.47371951989626,0.5227000219747424,2122.529400046915,2735.495207667732
1769375143,5,,Aggregated,1.800000,0.000000,59,88,98,100,120,2100,2100,2100,2100,2100,2100,3130,7,59,185.47371951989626,0.5227000219747424,2122.529400046915,2735.495207667732
1769375144,5,,Aggregated,2.000000,0.000000,59,88,98,100,120,2100,2100,2100,2100,2100,2100,3133,7,59,185.35809789255424,0.5227000219747424,2122.529400046915,2735.375997446537
1769375145,5,,Aggregated,2.000000,0.000000,59,88,98,100,120,2100,2100,2100,2100,2100,2100,3133,7,59,185.35809789255424,0.5227000219747424,2122.529400046915,2735.375997446537
1769375146,5,,Aggregated,2.000000,0.000000,59,88,98,100,120,2100,2100,2100,2100,2100,2100,3135,7,59,185.28108452870086,0.5227000219747424,2122.529400046915,2736.100797448166
1769375147,5,,Aggregated,1.900000,0.000000,59,88,98,100,120,2100,2100,2100,2100,2100,2100,3137,7,59,185.1973244174454,0.5227000219747424,2122.529400046915,2735.9384762511954
1769375148,5,,Aggregated,1.900000,0.000000,59,88,98,100,120,2100,2100,2100,2100,2100,2100,3137,7,59,185.1973244174454,0.5227000219747424,2122.529400046915,2735.9384762511954
1769375149,5,,Aggregated,2.100000,0.000000,59,88,98,100,120,2100,2100,2100,2100,2100,2100,3138,7,59,185.15646319231374,0.5227000219747424,2122.529400046915,2735.8588272785214
1769375150,5,,Aggregated,1.800000,0.000000,59,88,98,100,120,2100,2100,2100,2100,2100,2100,3142,7,59,185.02949627544191,0.5227000219747424,2122.529400046915,2734.5910248249525
1769375151,5,,Aggregated,1.800000,0.000000,59,88,98,100,120,2100,2100,2100,2100,2100,2100,3144,7,59,184.98185855514518,0.5227000219747424,2122.529400046915,2734.6733460559794
1769375152,5,,Aggregated,1.900000,0.000000,59,88,98,100,120,2100,2100,2100,2100,2100,2100,3145,7,59,184.9364618115595,0.5227000219747424,2122.529400046915,2733.999682034976
1769375153,5,,Aggregated,1.800000,0.000000,59,89,99,100,120,2100,2100,2100,2100,2100,2100,3152,7,59,185.3584151007832,0.5227000219747424,2122.529400046915,2732.2392131979695
1769375154,5,,Aggregated,1.800000,0.000000,59,89,99,100,120,2100,2100,2100,2100,2100,2100,3155,7,59,185.92742938122515,0.5227000219747424,2122.529400046915,2731.883359746434
1769375155,5,,Aggregated,2.100000,0.000000,59,89,99,100,120,2100,2100,2100,2100,2100,2100,3156,7,59,185.88605912477374,0.5227000219747424,2122.529400046915,2731.7956273764257
1769375156,5,,Aggregated,2.300000,0.000000,59,89,99,100,120,2100,2100,2100,2100,2100,2100,3158,7,59,185.7933078523819,0.5227000219747424,2122.529400046915,2731.768841038632
1769375157,5,,Aggregated,2.200000,0.000000,59,89,99,100,120,2100,2100,2100,2100,2100,2100,3159,7,59,185.7464073433922,0.5227000219747424,2122.529400046915,2732.4871794871797
1769375158,5,,Aggregated,2.300000,0.000000,59,89,99,100,120,2100,2100,2100,2100,2100,2100,3160,7,59,185.70101718286412,0.5227000219747424,2122.529400046915,2732.4886075949366
1769375159,5,,Aggregated,2.200000,0.000000,59,89,99,100,120,2100,2100,2100,2100,2100,2100,3162,7,59,185.60727770328504,0.5227000219747424,2122.529400046915,2732.3301707779888
1769375160,5,,Aggregated,2.200000,0.000000,59,89,99,100,120,2100,2100,2100,2100,2100,2100,3162,7,59,185.60727770328504,0.5227000219747424,2122.529400046915,2732.3301707779888
1769375161,5,,Aggregated,2.400000,0.000000,59,89,99,100,120,2100,2100,2100,2100,2100,2100,3163,7,59,185.56151160220384,0.5227000219747424,2122.529400046915,2732.251975972178
1769375162,5,,Aggregated,2.100000,0.000000,59,89,98,100,120,2100,2100,2100,2100,2100,2100,3169,7,59,185.34272432875514,0.5227000219747424,2122.529400046915,2731.082675923004
1769375163,5,,Aggregated,2.100000,0.000000,59,89,98,100,120,2100,2100,2100,2100,2100,2100,3169,7,59,185.34272432875514,0.5227000219747424,2122.529400046915,2731.082675923004
1769375164,5,,Aggregated,2.200000,0.000000,59,89,98,100,120,2100,2100,2100,2100,2100,2100,3172,7,59,185.23293010647376,0.5227000219747424,2122.529400046915,2730.499684741488
1769375165,5,,Aggregated,1.800000,0.000000,59,88,98,100,120,2100,2100,2100,2100,2100,2100,3177,7,59,185.66323468614948,0.5227000219747424,2122.529400046915,2729.9719861504564
1769375166,5,,Aggregated,1.800000,0.000000,59,88,98,100,120,2100,2100,2100,2100,2100,2100,3177,7,59,185.66323468614948,0.5227000219747424,2122.529400046915,2729.9719861504564
1769375167,5,,Aggregated,1.800000,0.000000,59,88,98,100,120,2100,2100,2100,2100,2100,2100,3178,7,59,185.6156646626353,0.5227000219747424,2122.529400046915,2729.882945248584
1769375168,5,,Aggregated,2.000000,0.000000,59,88,98,100,120,2100,2100,2100,2100,2100,2100,3180,7,59,185.52052229492773,0.5227000219747424,2122.529400046915,2729.858176100629
1769375169,5,,Aggregated,1.900000,0.000000,59,88,98,100,120,2100,2100,2100,2100,2100,2100,3181,7,59,185.47351068779898,0.5227000219747424,2122.529400046915,2730.572147123546
1769375170,5,,Aggregated,2.000000,0.000000,59,88,98,100,120,2100,2100,2100,2100,2100,2100,3183,7,59,185.37844030721686,0.5227000219747424,2122.529400046915,2730.497643732328
1769375171,5,,Aggregated,1.900000,0.000000,59,88,98,100,120,2100,2100,2100,2100,2100,2100,3184,7,58,185.3305716073768,0.5227000219747424,2122.529400046915,2730.4173994974876
1769375172,5,,Aggregated,1.900000,0.000000,59,88,98,100,120,2100,2100,2100,2100,2100,2100,3184,7,58,185.3305716073768,0.5227000219747424,2122.529400046915,2730.4173994974876
1769375173,5,,Aggregated,2.100000,0.000000,58,88,98,100,120,2100,2100,2100,2100,2100,2100,3186,7,58,185.2334869422392,0.5227000219747424,2122.529400046915,2729.676710608914
1769375174,5,,Aggregated,1.800000,0.000000,59,88,98,100,120,2100,2100,2100,2100,2100,2100,3191,7,59,185.059752396748,0.5227000219747424,2122.529400046915,2729.18270134754
1769375175,5,,Aggregated,1.800000,0.000000,59,88,98,100,120,2100,2100,2100,2100,2100,2100,3191,7,59,185.059752396748,0.5227000219747424,2122.529400046915,2729.18270134754
1769375176,5,,Aggregated,1.900000,0.000000,59,88,98,100,120,2100,2100,2100,2100,2100,2100,3195,7,59,184.90173107924753,0.5227000219747424,2122.529400046915,2728.5195618153366
1769375177,5,,Aggregated,1.800000,0.000000,59,88,98,100,120,2100,2100,2100,2100,2100,2100,3202,7,59,185.90360633920713,0.5227000219747424,2122.529400046915,2726.453778888195
1769375178,5,,Aggregated,1.800000,0.000000,59,88,98,100,120,2100,2100,2100,2100,2100,2100,3202,7,59,185.90360633920713,0.5227000219747424,2122.529400046915,2726.453778888195
1769375179,5,,Aggregated,2.100000,0.000000,59,88,98,100,120,2100,2100,2100,2100,2100,2100,3204,7,59,185.8090025586958,0.5227000219747424,2122.529400046915,2726.3729712858926
1769375180,5,,Aggregated,2.300000,0.000000,59,88,98,100,120,2100,2100,2100,2100,2100,2100,3205,7,59,185.76323391518056,0.5227000219747424,2122.529400046915,2726.344461778471
1769375181,5,,Aggregated,2.200000,0.000000,59,88,98,100,120,2100,2100,2100,2100,2100,2100,3206,7,59,185.71609535190774,0.5227000219747424,2122.529400046915,2727.05396132252
1769375182,5,,Aggregated,2.300000,0.000000,59,88,98,100,120,2100,2100,2100,2100,2100,2100,3208,7,58,185.626193765055,0.5227000219747424,2122.529400046915,2726.9844139650872
1769375183,5,,Aggregated,2.200000,0.000000,58,88,98,100,120,2100,2100,2100,2100,2100,2100,3209,7,58,185.58121642202892,0.5227000219747424,2122.529400046915,2726.906201308819
1769375184,5,,Aggregated,2.200000,0.000000,58,88,98,100,120,2100,2100,2100,2100,2100,2100,3209,7,58,185.58121642202892,0.5227000219747424,2122.529400046915,2726.906201308819
1769375185,5,,Aggregated,2.400000,0.000000,58,88,98,100,120,2100,2100,2100,2100,2100,2100,3212,7,58,185.4575286108834,0.5227000219747424,2122.529400046915,2725.7864259028643
1769375186,5,,Aggregated,2.100000,0.000000,59,88,98,100,120,2100,2100,2100,2100,2100,2100,3216,7,58,185.31938958271644,0.5227000219747424,2122.529400046915,2725.6890547263683
1769375187,5,,Aggregated,2.100000,0.000000,59,88,98,100,120,2100,2100,2100,2100,2100,2100,3216,7,58,185.31938958271644,0.5227000219747424,2122.529400046915,2725.6890547263683
1769375188,5,,Aggregated,2.200000,0.000000,59,88,98,100,120,2100,2100,2100,2100,2100,2100,3220,7,58,185.1753023596226,0.5227000219747424,2122.529400046915,2725.035714285714
1769375189,5,,Aggregated,1.800000,0.000000,59,88,98,100,120,2100,2100,2100,2100,2100,2100,3224,7,59,185.6611272016186,0.5227000219747424,2122.529400046915,2724.607630272953
1769375190,5,,Aggregated,1.800000,0.000000,59,88,98,100,120,2100,2100,2100,2100,2100,2100,3224,7,59,185.6611272016186,0.5227000219747424,2122.529400046915,2724.607630272953
1769375191,5,,Aggregated,1.800000,0.000000,59,88,98,100,120,2100,2100,2100,2100,2100,2100,3226,7,58,185.57156038377317,0.5227000219747424,2122.529400046915,2724.5257284562927
1769375192,5,,Aggregated,2.000000,0.000000,58,88,98,100,120,2100,2100,2100,2100,2100,2100,3227,7,58,185.52676191449433,0.5227000219747424,2122.529400046915,2724.499225286644
1769375193,5,,Aggregated,1.900000,0.000000,58,88,98,100,120,2100,2100,2100,2100,2100,2100,3228,7,58,185.48098965242875,0.5227000219747424,2122.529400046915,2725.2044609665427
1769375194,5,,Aggregated,2.000000,0.000000,58,88,98,100,120,2100,2100,2100,2100,2100,2100,3230,7,58,185.39224321919352,0.5227000219747424,2122.529400046915,2725.133746130031
1769375195,5,,Aggregated,1.900000,0.000000,58,88,98,100,120,2100,2100,2100,2100,2100,2100,3231,7,58,185.34729272611116,0.5227000219747424,2122.529400046915,2725.056329309811
1769375196,5,,Aggregated,1.900000,0.000000,58,88,98,100,120,2100,2100,2100,2100,2100,2100,3231,7,58,185.34729272611116,0.5227000219747424,2122.529400046915,2725.056329309811
1769375197,5,,Aggregated,2.100000,0.000000,58,88,98,100,120,2100,2100,2100,2100,2100,2100,3235,7,58,185.19453421890753,0.5227000219747424,2122.529400046915,2724.4160741885626
1769375198,5,,Aggregated,1.800000,0.000000,58,88,98,100,120,2100,2100,2100,2100,2100,2100,3238,7,58,185.09580642318582,0.5227000219747424,2122.529400046915,2723.851142680667
1769375199,5,,Aggregated,1.800000,0.000000,58,88,98,100,120,2100,2100,2100,2100,2100,2100,3238,7,58,185.09580642318582,0.5227000219747424,2122.529400046915,2723.851142680667
1769375200,5,,Aggregated,1.900000,0.000000,58,88,98,100,120,2100,2100,2100,2100,2100,2100,3245,7,58,185.47064776525895,0.5227000219747424,2122.529400046915,2721.5966101694917
1769375201,5,,Aggregated,1.800000,0.000000,59,88,98,100,120,2100,2100,2100,2100,2100,2100,3249,7,59,185.96176974399134,0.5227000219747424,2122.529400046915,2721.177593105571
1769375202,5,,Aggregated,1.800000,0.000000,59,88,98,100,120,2100,2100,2100,2100,2100,2100,3249,7,59,185.96176974399134,0.5227000219747424,2122.529400046915,2721.177593105571
1769375203,5,,Aggregated,2.100000,0.000000,58,88,98,100,120,2100,2100,2100,2100,2100,2100,3251,7,58,185.87235638213474,0.5227000219747424,2122.529400046915,2721.100276837896
1769375204,5,,Aggregated,2.300000,0.000000,58,88,98,100,120,2100,2100,2100,2100,2100,2100,3252,7,58,185.82708158005926,0.5227000219747424,2122.529400046915,2721.0734932349324
1769375205,5,,Aggregated,2.200000,0.000000,58,88,98,100,120,2100,2100,2100,2100,2100,2100,3253,7,58,185.78212717442798,0.5227000219747424,2122.529400046915,2721.774362127267
1769375206,5,,Aggregated,2.300000,0.000000,58,88,98,100,120,2100,2100,2100,2100,2100,2100,3255,7,58,185.6940330870624,0.5227000219747424,2122.529400046915,2721.7084485407067
1769375207,5,,Aggregated,2.200000,0.000000,58,88,98,100,120,2100,2100,2100,2100,2100,2100,3256,7,58,185.64876283733352,0.5227000219747424,2122.529400046915,2721.632678132678
1769375208,5,,Aggregated,2.200000,0.000000,58,88,98,100,120,2100,2100,2100,2100,2100,2100,3256,7,58,185.64876283733352,0.5227000219747424,2122.529400046915,2721.632678132678
1769375209,5,,Aggregated,2.400000,0.000000,58,88,98,100,120,2100,2100,2100,2100,2100,2100,3260,7,58,185.50547806694647,0.5227000219747424,2122.529400046915,2721.00245398773
1769375210,5,,Aggregated,2.100000,0.000000,58,88,98,100,120,2100,2100,2100,2100,2100,2100,3263,7,58,185.39529163292642,0.5227000219747424,2122.529400046915,2720.4449892736743
1769375211,5,,Aggregated,2.100000,0.000000,58,88,98,100,120,2100,2100,2100,2100,2100,2100,3263,7,58,185.39529163292642,0.5227000219747424,2122.529400046915,2720.4449892736743
1769375212,5,,Aggregated,2.200000,0.000000,58,88,98,100,120,2100,2100,2100,2100,2100,2100,3267,7,58,185.24440804963638,0.5227000219747424,2122.529400046915,2719.8074686256505
1769375213,5,,Aggregated,1.800000,0.000000,58,88,98,100,120,2100,2100,2100,2100,2100,2100,3271,7,58,185.71994402265767,0.5227000219747424,2122.529400046915,2719.3919290736776
1769375214,5,,Aggregated,1.800000,0.000000,58,88,98,100,120,2100,2100,2100,2100,2100,2100,3271,7,58,185.71994402265767,0.5227000219747424,2122.529400046915,2719.3919290736776
1769375215,5,,Aggregated,1.800000,0.000000,58,88,98,100,120,2100,2100,2100,2100,2100,2100,3273,7,58,185.62902923865602,0.5227000219747424,2122.529400046915,2719.3165291781243
1769375216,5,,Aggregated,2.000000,0.000000,58,88,98,100,120,2100,2100,2100,2100,2100,2100,3274,7,58,185.584939064786,0.5227000219747424,2122.529400046915,2719.291997556506
1769375217,5,,Aggregated,1.900000,0.000000,58,88,98,100,120,2100,2100,2100,2100,2100,2100,3275,7,58,185.5412100147072,0.5227000219747424,2122.529400046915,2719.988702290076
1769375218,5,,Aggregated,2.000000,0.000000,58,88,98,100,120,2100,2100,2100,2100,2100,2100,3277,7,58,185.45068428385719,0.5227000219747424,2122.529400046915,2719.9240158681723
1769375219,5,,Aggregated,1.900000,0.000000,58,88,98,100,120,2100,2100,2100,2100,2100,2100,3278,7,58,185.40500420932827,0.5227000219747424,2122.529400046915,2719.8496034167174
1769375220,5,,Aggregated,1.900000,0.000000,58,88,98,100,120,2100,2100,2100,2100,2100,2100,3278,7,58,185.40500420932827,0.5227000219747424,2122.529400046915,2719.8496034167174
1769375221,5,,Aggregated,2.100000,0.000000,58,88,98,100,120,2100,2100,2100,2100,2100,2100,3282,7,58,185.26447952414551,0.5227000219747424,2122.529400046915,2719.2251675807433
1769375222,5,,Aggregated,1.800000,0.000000,58,88,98,100,120,2100,2100,2100,2100,2100,2100,3285,7,58,185.16749473312754,0.5227000219747424,2122.529400046915,2718.673059360731
1769375223,5,,Aggregated,1.800000,0.000000,58,88,98,100,120,2100,2100,2100,2100,2100,2100,3285,7,58,185.16749473312754,0.5227000219747424,2122.529400046915,2718.673059360731
1769375224,5,,Aggregated,1.900000,0.000000,58,88,98,100,120,2100,2100,2100,2100,2100,2100,3292,7,58,185.54199799463998,0.5227000219747424,2122.529400046915,2716.464155528554
1769375225,5,,Aggregated,1.800000,0.000000,58,88,98,100,120,2100,2100,2100,2100,2100,2100,3296,7,58,186.02209326409755,0.5227000219747424,2122.529400046915,2716.0561286407765
1769375226,5,,Aggregated,1.800000,0.000000,58,88,98,100,120,2100,2100,2100,2100,2100,2100,3296,7,58,186.02209326409755,0.5227000219747424,2122.529400046915,2716.0561286407765
1769375227,5,,Aggregated,2.100000,0.000000,58,88,98,100,120,2100,2100,2100,2100,2100,2100,3298,7,58,185.93306670663878,0.5227000219747424,2122.529400046915,2715.984839296543
1769375228,5,,Aggregated,2.300000,0.000000,58,88,98,100,120,2100,2100,2100,2100,2100,2100,3299,7,58,185.88827026323492,0.5227000219747424,2122.529400046915,2715.9599878751137
1769375229,5,,Aggregated,2.200000,0.000000,58,88,98,100,120,2100,2100,2100,2100,2100,2100,3300,7,58,185.84387515103586,0.5227000219747424,2122.529400046915,2716.6524242424243
1769375230,5,,Aggregated,2.300000,0.000000,58,88,98,100,120,2100,2100,2100,2100,2100,2100,3302,7,58,185.75633216184903,0.5227000219747424,2122.529400046915,2716.5905511811025
1769375231,5,,Aggregated,2.200000,0.000000,58,88,98,100,120,2100,2100,2100,2100,2100,2100,3303,7,58,185.7126379650142,0.5227000219747424,2122.529400046915,2716.517711171662
1769375233,5,,Aggregated,2.200000,0.000000,58,88,98,100,120,2100,2100,2100,2100,2100,2100,3303,7,58,185.7126379650142,0.5227000219747424,2122.529400046915,2716.517711171662
1769375234,5,,Aggregated,2.400000,0.000000,58,88,98,100,120,2100,2100,2100,2100,2100,2100,3307,7,58,185.5649367397756,0.5227000219747424,2122.529400046915,2715.9026307831873
1769375235,5,,Aggregated,2.100000,0.000000,58,88,98,100,120,2100,2100,2100,2100,2100,2100,3310,7,58,185.46301688776657,0.5227000219747424,2122.529400046915,2715.3577039274924
1769375236,5,,Aggregated,2.100000,0.000000,58,88,98,100,120,2100,2100,2100,2100,2100,2100,3310,7,58,185.46301688776657,0.5227000219747424,2122.529400046915,2715.3577039274924
1769375237,5,,Aggregated,2.200000,0.000000,58,88,98,100,120,2100,2100,2100,2100,2100,2100,3314,7,58,185.2986816229795,0.5227000219747424,2122.529400046915,2714.735063367532
1769375238,5,,Aggregated,1.800000,0.000000,58,88,98,100,120,2100,2100,2100,2100,2100,2100,3318,7,58,185.7670660935482,0.5227000219747424,2122.529400046915,2714.3315250150695
1769375239,5,,Aggregated,1.800000,0.000000,58,88,98,100,120,2100,2100,2100,2100,2100,2100,3318,7,58,185.7670660935482,0.5227000219747424,2122.529400046915,2714.3315250150695
1769375240,5,,Aggregated,1.800000,0.000000,58,88,98,100,120,2100,2100,2100,2100,2100,2100,3320,7,58,185.679491083853,0.5227000219747424,2122.529400046915,2714.261144578313
1769375241,5,,Aggregated,2.000000,0.000000,58,88,98,100,120,2100,2100,2100,2100,2100,2100,3321,7,58,185.63595016512744,0.5227000219747424,2122.529400046915,2714.2369768142125
1769375242,5,,Aggregated,1.900000,0.000000,58,88,98,100,120,2100,2100,2100,2100,2100,2100,3322,7,58,185.59134716987649,0.5227000219747424,2122.529400046915,2714.9253461770018
1769375243,5,,Aggregated,1.900000,0.000000,58,88,98,100,120,2100,2100,2100,2100,2100,2100,3325,7,58,185.45792087166802,0.5227000219747424,2122.529400046915,2714.7924812030074
1769375244,5,,Aggregated,1.900000,0.000000,58,88,98,100,120,2100,2100,2100,2100,2100,2100,3325,7,58,185.45792087166802,0.5227000219747424,2122.529400046915,2714.7924812030074
1769375245,5,,Aggregated,2.100000,0.000000,58,88,98,100,120,2100,2100,2100,2100,2100,2100,3326,7,58,185.41452122618534,0.5227000219747424,2122.529400046915,2714.7242934455803
1769375246,5,,Aggregated,1.800000,0.000000,58,88,98,100,120,2100,2100,2100,2100,2100,2100,3330,7,58,185.27467411361752,0.5227000219747424,2122.529400046915,2713.5534534534536
1769375247,5,,Aggregated,1.800000,0.000000,58,88,98,100,120,2100,2100,2100,2100,2100,2100,3332,7,58,185.22066038366327,0.5227000219747424,2122.529400046915,2713.6437575030013
1769375248,5,,Aggregated,1.900000,0.000000,58,88,98,100,120,2100,2100,2100,2100,2100,2100,3333,7,58,185.17541770127252,0.5227000219747424,2122.529400046915,2713.014401440144
1769375249,5,,Aggregated,1.800000,0.000000,58,88,98,100,120,2100,2100,2100,2100,2100,2100,3340,7,58,185.5473566761667,0.5227000219747424,2122.529400046915,2711.397005988024
1769375250,5,,Aggregated,1.800000,0.000000,58,89,98,100,120,2100,2100,2100,2100,2100,2100,3343,7,58,186.0583836968148,0.5227000219747424,2122.529400046915,2711.079868381693
1769375251,5,,Aggregated,2.100000,0.000000,58,89,98,100,120,2100,2100,2100,2100,2100,2100,3344,7,58,186.01474987991733,0.5227000219747424,2122.529400046915,2711.002990430622
1769375252,5,,Aggregated,2.300000,0.000000,58,88,98,100,120,2100,2100,2100,2100,2100,2100,3346,7,58,185.92809423147682,0.5227000219747424,2122.529400046915,2710.988643156007
1769375253,5,,Aggregated,2.200000,0.000000,58,88,98,100,120,2100,2100,2100,2100,2100,2100,3347,7,58,185.8842597545598,0.5227000219747424,2122.529400046915,2711.672841350463
1769375254,5,,Aggregated,2.300000,0.000000,58,88,98,100,120,2100,2100,2100,2100,2100,2100,3348,7,58,185.8405570186724,0.5227000219747424,2122.529400046915,2711.6810035842295
1769375255,5,,Aggregated,2.200000,0.000000,58,88,98,100,120,2100,2100,2100,2100,2100,2100,3350,7,58,185.7536198204703,0.5227000219747424,2122.529400046915,2711.5435820895523
1769375256,5,,Aggregated,2.200000,0.000000,58,88,98,100,120,2100,2100,2100,2100,2100,2100,3350,7,58,185.7536198204703,0.5227000219747424,2122.529400046915,2711.5435820895523
1769375257,5,,Aggregated,2.400000,0.000000,58,88,98,100,120,2100,2100,2100,2100,2100,2100,3351,7,58,185.70967391779482,0.5227000219747424,2122.529400046915,2711.4768725753506
1769375258,5,,Aggregated,2.100000,0.000000,58,88,98,100,120,2100,2100,2100,2100,2100,2100,3356,7,58,185.53394570879257,0.5227000219747424,2122.529400046915,2709.952622169249
1769375259,5,,Aggregated,2.100000,0.000000,58,88,98,100,120,2100,2100,2100,2100,2100,2100,3357,7,58,185.50941030643847,0.5227000219747424,2122.529400046915,2710.4101876675604
1769375260,5,,Aggregated,2.200000,0.000000,58,88,98,100,120,2100,2100,2100,2100,2100,2100,3359,7,58,185.43816281590156,0.5227000219747424,2122.529400046915,2709.4209586186366
1769375261,5,,Aggregated,1.800000,0.000000,58,88,98,100,120,2100,2100,2100,2100,2100,2100,3363,7,58,185.29742691005958,0.5227000219747424,2122.529400046915,2709.360095153137
1769375262,5,,Aggregated,1.800000,0.000000,58,88,98,100,120,2100,2100,2100,2100,2100,2100,3365,7,58,185.8329817529195,0.5227000219747424,2122.529400046915,2709.411589895988
1769375263,5,,Aggregated,1.800000,0.000000,58,88,98,100,120,2100,2100,2100,2100,2100,2100,3366,7,58,185.79140204950932,0.5227000219747424,2122.529400046915,2709.3336304218656
1769375264,5,,Aggregated,2.000000,0.000000,58,88,98,100,120,2100,2100,2100,2100,2100,2100,3368,7,58,185.70538361005444,0.5227000219747424,2122.529400046915,2709.3218527315917
1769375265,5,,Aggregated,1.900000,0.000000,58,88,98,100,120,2100,2100,2100,2100,2100,2100,3369,7,58,185.66224128781226,0.5227000219747424,2122.529400046915,2710.0020777678837
1769375266,5,,Aggregated,2.000000,0.000000,58,88,98,100,120,2100,2100,2100,2100,2100,2100,3370,7,58,185.6197556672488,0.5227000219747424,2122.529400046915,2710.0115727002967
1769375267,5,,Aggregated,1.900000,0.000000,58,88,98,100,120,2100,2100,2100,2100,2100,2100,3372,7,58,185.53387310161463,0.5227000219747424,2122.529400046915,2709.876037959668
1769375268,5,,Aggregated,1.900000,0.000000,58,88,98,100,120,2100,2100,2100,2100,2100,2100,3372,7,58,185.53387310161463,0.5227000219747424,2122.529400046915,2709.876037959668
1769375269,5,,Aggregated,2.100000,0.000000,58,88,98,100,120,2100,2100,2100,2100,2100,2100,3374,7,58,185.4453451981714,0.5227000219747424,2122.529400046915,2709.188796680498
1769375270,5,,Aggregated,1.800000,0.000000,58,88,98,100,120,2100,2100,2100,2100,2100,2100,3379,7,58,185.29623139941236,0.5227000219747424,2122.529400046915,2708.7525895235276
1769375271,5,,Aggregated,1.800000,0.000000,58,88,98,100,120,2100,2100,2100,2100,2100,2100,3379,7,58,185.29623139941236,0.5227000219747424,2122.529400046915,2708.7525895235276
1769375272,5,,Aggregated,1.900000,0.000000,58,88,98,100,120,2100,2100,2100,2100,2100,2100,3383,7,58,185.15715864576464,0.5227000219747424,2122.529400046915,2708.1504581732192
1769375273,5,,Aggregated,1.800000,0.000000,58,89,98,100,120,2100,2100,2100,2100,2100,2100,3390,7,58,186.12655507329202,0.5227000219747424,2122.529400046915,2706.2412979351034
1769375274,5,,Aggregated,1.800000,0.000000,58,89,98,100,120,2100,2100,2100,2100,2100,2100,3390,7,58,186.12655507329202,0.5227000219747424,2122.529400046915,2706.2412979351034
1769375275,5,,Aggregated,2.100000,0.000000,58,88,98,100,120,2100,2100,2100,2100,2100,2100,3392,7,58,186.0425074287978,0.5227000219747424,2122.529400046915,2706.178066037736
1769375276,5,,Aggregated,2.300000,0.000000,58,88,98,100,120,2100,2100,2100,2100,2100,2100,3393,7,58,185.99916952503656,0.5227000219747424,2122.529400046915,2706.156793398173
1769375277,5,,Aggregated,2.200000,0.000000,58,88,98,100,120,2100,2100,2100,2100,2100,2100,3394,7,58,185.95595621638623,0.5227000219747424,2122.529400046915,2706.8329404832057
1769375278,5,,Aggregated,2.300000,0.000000,58,88,98,100,120,2100,2100,2100,2100,2100,2100,3396,7,58,185.8707149288531,0.5227000219747424,2122.529400046915,2706.7779740871615
1769375279,5,,Aggregated,2.200000,0.000000,58,88,98,100,120,2100,2100,2100,2100,2100,2100,3397,7,58,185.82833076192958,0.5227000219747424,2122.529400046915,2706.709743891669
1769375280,5,,Aggregated,2.200000,0.000000,58,88,98,100,120,2100,2100,2100,2100,2100,2100,3397,7,58,185.82833076192958,0.5227000219747424,2122.529400046915,2706.709743891669
1769375281,5,,Aggregated,2.400000,0.000000,58,88,98,100,120,2100,2100,2100,2100,2100,2100,3400,7,58,185.7092855288647,0.5227000219747424,2122.529400046915,2705.6702941176472
1769375282,5,,Aggregated,2.100000,0.000000,58,88,98,100,120,2100,2100,2100,2100,2100,2100,3404,7,58,185.59144195005737,0.5227000219747424,2122.529400046915,2705.6019388954173
1769375283,5,,Aggregated,2.100000,0.000000,58,88,98,100,120,2100,2100,2100,2100,2100,2100,3404,7,58,185.59144195005737,0.5227000219747424,2122.529400046915,2705.6019388954173
1769375284,5,,Aggregated,2.200000,0.000000,58,88,98,100,120,2100,2100,2100,2100,2100,2100,3407,7,58,185.49753337186064,0.5227000219747424,2122.529400046915,2705.0815967126505
1769375285,5,,Aggregated,1.800000,0.000000,58,89,98,100,120,2100,2100,2100,2100,2100,2100,3411,7,58,185.95488610319336,0.5227000219747424,2122.529400046915,2704.700381119906
1769375286,5,,Aggregated,1.400000,0.000000,58,89,98,100,120,2100,2100,2100,2100,2100,2100,3412,7,58,186.5139679067767,0.5227000219747424,2122.529400046915,2704.627198124267
1769375287,5,,Aggregated,1.700000,0.000000,58,89,98,100,120,2100,2100,2100,2100,2100,2100,3414,7,58,186.42830286991625,0.5227000219747424,2122.529400046915,2704.5653192735795
1769375288,5,,Aggregated,1.900000,0.000000,58,88,98,100,120,2100,2100,2100,2100,2100,2100,3415,7,58,186.38524248842205,0.5227000219747424,2122.529400046915,2704.544655929722
1769375289,5,,Aggregated,1.900000,0.000000,58,88,98,100,120,2100,2100,2100,2100,2100,2100,3416,7,58,186.34174212468358,0.5227000219747424,2122.529400046915,2705.216920374707
1769375290,5,,Aggregated,2.000000,0.000000,58,88,98,100,120,2100,2100,2100,2100,2100,2100,3418,7,58,186.2582173487286,0.5227000219747424,2122.529400046915,2705.1635459332942
1769375291,5,,Aggregated,1.900000,0.000000,58,88,98,100,120,2100,2100,2100,2100,2100,2100,3419,7,58,186.2149700783855,0.5227000219747424,2122.529400046915,2705.0962269669494
1769375292,5,,Aggregated,1.900000,0.000000,58,88,98,100,120,2100,2100,2100,2100,2100,2100,3419,7,58,186.2149700783855,0.5227000219747424,2122.529400046915,2705.0962269669494
1769375293,4,,Aggregated,2.100000,0.000000,58,88,98,100,120,2100,2100,2100,2100,2100,2100,3423,7,58,186.07809731171946,0.5227000219747424,2122.529400046915,2704.5156295647093
1769375294,4,,Aggregated,1.800000,0.000000,58,89,98,100,120,2100,2100,2100,2100,2100,2100,3426,7,58,185.98451593639197,0.5227000219747424,2122.529400046915,2703.9991243432573
1769375295,4,,Aggregated,1.800000,0.000000,58,89,98,100,120,2100,2100,2100,2100,2100,2100,3426,7,58,185.98451593639197,0.5227000219747424,2122.529400046915,2703.9991243432573
1769375296,4,,Aggregated,1.900000,0.000000,58,89,98,100,120,2100,2100,2100,2100,2100,2100,3430,7,58,185.84704527637513,0.5227000219747424,2122.529400046915,2703.4110787172012
1769375297,4,,Aggregated,1.900000,0.000000,58,89,98,100,120,2100,2100,2100,2100,2100,2100,3433,7,58,186.34741130149865,0.5227000219747424,2122.529400046915,2703.1092339062043
1769375298,4,,Aggregated,1.900000,0.000000,58,89,98,100,120,2100,2100,2100,2100,2100,2100,3433,7,58,186.34741130149865,0.5227000219747424,2122.529400046915,2703.1092339062043
1769375299,4,,Aggregated,1.800000,0.000000,58,89,98,100,120,2100,2100,2100,2100,2100,2100,3435,7,58,186.86046605472882,0.5227000219747424,2122.529400046915,2703.046288209607
1769375300,4,,Aggregated,1.900000,0.000000,58,89,98,100,120,2100,2100,2100,2100,2100,2100,3436,7,58,186.81832322409286,0.5227000219747424,2122.529400046915,2703.026193247963
1769375301,4,,Aggregated,1.800000,0.000000,58,89,98,100,120,2100,2100,2100,2100,2100,2100,3438,7,58,187.32787073822016,0.5227000219747424,2122.529400046915,2703.6221640488657
1769375302,4,,Aggregated,1.900000,0.000000,58,89,98,100,120,2100,2100,2100,2100,2100,2100,3440,7,58,187.2405952029133,0.5227000219747424,2122.529400046915,2703.5697674418607
1769375303,4,,Aggregated,1.800000,0.000000,58,89,98,100,120,2100,2100,2100,2100,2100,2100,3441,7,58,187.19656980472388,0.5227000219747424,2122.529400046915,2703.5033420517293
1769375304,4,,Aggregated,1.800000,0.000000,58,89,98,100,120,2100,2100,2100,2100,2100,2100,3441,7,58,187.19656980472388,0.5227000219747424,2122.529400046915,2703.5033420517293
1769375305,4,,Aggregated,2.100000,0.000000,58,89,98,100,120,2100,2100,2100,2100,2100,2100,3445,7,58,187.05974629842265,0.5227000219747424,2122.529400046915,2702.9280116110303
1769375306,4,,Aggregated,1.800000,0.000000,58,89,98,100,120,2100,2100,2100,2100,2100,2100,3448,7,58,186.96774132778,0.5227000219747424,2122.529400046915,2702.4161832946634
1769375307,4,,Aggregated,1.800000,0.000000,58,89,98,100,120,2100,2100,2100,2100,2100,2100,3448,7,58,186.96774132778,0.5227000219747424,2122.529400046915,2702.4161832946634
1769375308,4,,Aggregated,1.900000,0.000000,58,89,98,100,120,2100,2100,2100,2100,2100,2100,3452,7,58,186.8290873401896,0.5227000219747424,2122.529400046915,2701.8334298957125
1769375309,4,,Aggregated,1.800000,0.000000,58,89,98,100,120,2100,2100,2100,2100,2100,2100,3456,7,58,187.2920598953661,0.5227000219747424,2122.529400046915,2701.462384259259
1769375310,4,,Aggregated,1.800000,0.000000,58,89,98,100,120,2100,2100,2100,2100,2100,2100,3456,7,58,187.2920598953661,0.5227000219747424,2122.529400046915,2701.462384259259
1769375311,4,,Aggregated,1.900000,0.000000,58,89,98,100,120,2100,2100,2100,2100,2100,2100,3458,7,58,187.207283573854,0.5227000219747424,2122.529400046915,2701.403123192597
1769375312,4,,Aggregated,2.100000,0.000000,58,89,98,100,120,2100,2100,2100,2100,2100,2100,3459,7,58,187.16409496916444,0.5227000219747424,2122.529400046915,2701.3839259901706
1769375313,4,,Aggregated,2.000000,0.000000,58,89,98,100,120,2100,2100,2100,2100,2100,2100,3460,7,58,187.12075589547024,0.5227000219747424,2122.529400046915,2702.048554913295
1769375314,4,,Aggregated,2.000000,0.000000,58,89,98,100,120,2100,2100,2100,2100,2100,2100,3462,7,58,187.03437573609364,0.5227000219747424,2122.529400046915,2701.998844598498
1769375315,4,,Aggregated,1.900000,0.000000,58,89,98,100,120,2100,2100,2100,2100,2100,2100,3463,7,58,186.9928603518204,0.5227000219747424,2122.529400046915,2701.933294831071
1769375316,4,,Aggregated,1.900000,0.000000,58,89,98,100,120,2100,2100,2100,2100,2100,2100,3463,7,58,186.9928603518204,0.5227000219747424,2122.529400046915,2701.933294831071
1769375317,4,,Aggregated,2.100000,0.000000,58,89,98,100,120,2100,2100,2100,2100,2100,2100,3467,7,58,186.8517103254148,0.5227000219747424,2122.529400046915,2701.3634265935966
1769375318,4,,Aggregated,1.800000,0.000000,58,89,98,100,120,2100,2100,2100,2100,2100,2100,3470,7,58,186.75927020121574,0.5227000219747424,2122.529400046915,2700.856195965418
1769375319,4,,Aggregated,1.800000,0.000000,58,89,98,100,120,2100,2100,2100,2100,2100,2100,3470,7,58,186.75927020121574,0.5227000219747424,2122.529400046915,2700.856195965418
1769375320,4,,Aggregated,1.900000,0.000000,58,89,98,100,120,2100,2100,2100,2100,2100,2100,3474,7,58,186.62179858903906,0.5227000219747424,2122.529400046915,2700.279217040875
1769375321,4,,Aggregated,1.800000,0.000000,58,89,98,100,120,2100,2100,2100,2100,2100,2100,3478,7,58,187.06477530143434,0.5227000219747424,2122.529400046915,2699.9108683151235
1769375322,4,,Aggregated,1.800000,0.000000,58,89,98,100,120,2100,2100,2100,2100,2100,2100,3478,7,58,187.06477530143434,0.5227000219747424,2122.529400046915,2699.9108683151235
1769375323,4,,Aggregated,1.800000,0.000000,58,89,98,100,120,2100,2100,2100,2100,2100,2100,3480,7,58,186.9806311489685,0.5227000219747424,2122.529400046915,2699.8525862068964
1769375324,4,,Aggregated,2.000000,0.000000,58,89,98,100,120,2100,2100,2100,2100,2100,2100,3481,7,58,186.9388250497961,0.5227000219747424,2122.529400046915,2699.8339557598392
1769375325,4,,Aggregated,1.900000,0.000000,58,89,98,100,120,2100,2100,2100,2100,2100,2100,3482,7,58,186.8951697008364,0.5227000219747424,2122.529400046915,2700.494830557151
1769375326,4,,Aggregated,2.000000,0.000000,58,89,98,100,120,2100,2100,2100,2100,2100,2100,3484,7,58,186.8112343852983,0.5227000219747424,2122.529400046915,2700.4434557979334
1769375327,4,,Aggregated,1.900000,0.000000,58,89,98,100,120,2100,2100,2100,2100,2100,2100,3485,7,58,186.76928562363355,0.5227000219747424,2122.529400046915,2700.3787661406027
1769375328,4,,Aggregated,1.900000,0.000000,58,89,98,100,120,2100,2100,2100,2100,2100,2100,3485,7,58,186.76928562363355,0.5227000219747424,2122.529400046915,2700.3787661406027
1769375329,4,,Aggregated,2.100000,0.000000,58,89,98,100,120,2100,2100,2100,2100,2100,2100,3489,7,58,186.62979165903582,0.5227000219747424,2122.529400046915,2699.8137002006306
1769375330,4,,Aggregated,1.800000,0.000000,58,89,98,100,120,2100,2100,2100,2100,2100,2100,3492,7,58,186.53713525154222,0.5227000219747424,2122.529400046915,2699.310996563574
1769375331,4,,Aggregated,1.800000,0.000000,58,89,98,100,120,2100,2100,2100,2100,2100,2100,3492,7,58,186.53713525154222,0.5227000219747424,2122.529400046915,2699.310996563574
1769375332,4,,Aggregated,1.900000,0.000000,58,89,98,100,120,2100,2100,2100,2100,2100,2100,3496,7,58,186.39731942169854,0.5227000219747424,2122.529400046915,2698.7391304347825
1769375333,4,,Aggregated,1.800000,0.000000,58,89,98,100,120,2100,2100,2100,2100,2100,2100,3500,7,58,186.8419011995263,0.5227000219747424,2122.529400046915,2698.3751428571427
1769375334,4,,Aggregated,1.800000,0.000000,58,89,98,100,120,2100,2100,2100,2100,2100,2100,3500,7,58,186.8419011995263,0.5227000219747424,2122.529400046915,2698.3751428571427
1769375335,4,,Aggregated,1.800000,0.000000,58,89,98,100,120,2100,2100,2100,2100,2100,2100,3502,7,58,186.75841524794663,0.5227000219747424,2122.529400046915,2698.316961736151
1769375336,4,,Aggregated,2.000000,0.000000,58,89,98,100,120,2100,2100,2100,2100,2100,2100,3503,7,58,186.71658623989782,0.5227000219747424,2122.529400046915,2698.2986011989724
1769375337,4,,Aggregated,1.900000,0.000000,58,89,98,100,120,2100,2100,2100,2100,2100,2100,3504,7,58,186.67312893788193,0.5227000219747424,2122.529400046915,2698.955764840183
1769375338,4,,Aggregated,2.000000,0.000000,58,89,98,100,120,2100,2100,2100,2100,2100,2100,3506,7,58,186.58736617182458,0.5227000219747424,2122.529400046915,2698.908442669709
1769375340,4,,Aggregated,1.900000,0.000000,58,89,98,100,120,2100,2100,2100,2100,2100,2100,3507,7,58,186.54568163629054,0.5227000219747424,2122.529400046915,2698.844596521243
1769375341,4,,Aggregated,1.900000,0.000000,58,89,98,100,120,2100,2100,2100,2100,2100,2100,3507,7,58,186.54568163629054,0.5227000219747424,2122.529400046915,2698.844596521243
1769375342,4,,Aggregated,2.100000,0.000000,58,89,98,100,120,2100,2100,2100,2100,2100,2100,3511,7,58,186.40615964074024,0.5227000219747424,2122.529400046915,2698.285673597266
1769375343,4,,Aggregated,1.800000,0.000000,58,89,98,100,120,2100,2100,2100,2100,2100,2100,3514,7,58,186.31292302182658,0.5227000219747424,2122.529400046915,2697.787421741605
1769375344,4,,Aggregated,1.800000,0.000000,58,89,98,100,120,2100,2100,2100,2100,2100,2100,3514,7,58,186.31292302182658,0.5227000219747424,2122.529400046915,2697.787421741605
1769375345,4,,Aggregated,1.900000,0.000000,58,89,98,100,120,2100,2100,2100,2100,2100,2100,3518,7,58,186.17762529808496,0.5227000219747424,2122.529400046915,2697.2211483797614
1769375346,4,,Aggregated,1.800000,0.000000,58,89,98,100,120,2100,2100,2100,2100,2100,2100,3522,7,58,186.62157081163946,0.5227000219747424,2122.529400046915,2696.8608745031233
1769375347,4,,Aggregated,1.800000,0.000000,58,89,98,100,120,2100,2100,2100,2100,2100,2100,3522,7,58,186.62157081163946,0.5227000219747424,2122.529400046915,2696.8608745031233
1769375348,4,,Aggregated,2.000000,0.000000,58,89,98,100,120,2100,2100,2100,2100,2100,2100,3525,7,58,186.49490712015685,0.5227000219747424,2122.529400046915,2696.7841134751775
1769375349,4,,Aggregated,2.000000,0.000000,58,89,98,100,120,2100,2100,2100,2100,2100,2100,3525,7,58,186.49490712015685,0.5227000219747424,2122.529400046915,2696.7841134751775
1769375350,4,,Aggregated,1.900000,0.000000,58,89,98,100,120,2100,2100,2100,2100,2100,2100,3526,7,58,186.45308366381727,0.5227000219747424,2122.529400046915,2697.4376063528075
1769375351,4,,Aggregated,1.900000,0.000000,57,89,98,100,120,2100,2100,2100,2100,2100,2100,3529,7,57,186.3303891183269,0.5227000219747424,2122.529400046915,2697.326721450836
1769375352,4,,Aggregated,1.900000,0.000000,57,89,98,100,120,2100,2100,2100,2100,2100,2100,3529,7,57,186.3303891183269,0.5227000219747424,2122.529400046915,2697.326721450836
1769375353,4,,Aggregated,2.100000,0.000000,57,89,98,100,120,2100,2100,2100,2100,2100,2100,3530,7,57,186.28907594862775,0.5227000219747424,2122.529400046915,2697.2668555240793
1769375354,4,,Aggregated,1.800000,0.000000,57,89,98,100,120,2100,2100,2100,2100,2100,2100,3534,7,57,186.14869530245647,0.5227000219747424,2122.529400046915,2696.1833616298813
1769375355,4,,Aggregated,1.800000,0.000000,58,89,98,100,120,2100,2100,2100,2100,2100,2100,3536,7,57,186.0964337666532,0.5227000219747424,2122.529400046915,2696.2782805429865
1769375356,4,,Aggregated,1.900000,0.000000,57,89,98,100,120,2100,2100,2100,2100,2100,2100,3537,7,57,186.05318264034517,0.5227000219747424,2122.529400046915,2695.6901328809727
1769375357,4,,Aggregated,1.800000,0.000000,57,89,98,100,120,2100,2100,2100,2100,2100,2100,3541,7,57,185.9196071163258,0.5227000219747424,2122.529400046915,2695.6447331262357
1769375358,4,,Aggregated,1.800000,0.000000,58,89,98,100,120,2100,2100,2100,2100,2100,2100,3544,7,58,186.3999314612825,0.5227000219747424,2122.529400046915,2695.3589164785553
1769375359,4,,Aggregated,1.800000,0.000000,58,89,98,100,120,2100,2100,2100,2100,2100,2100,3545,7,58,186.3585653029151,0.5227000219747424,2122.529400046915,2695.290832157969
1769375360,4,,Aggregated,2.000000,0.000000,57,89,98,100,120,2100,2100,2100,2100,2100,2100,3547,7,57,186.27455807691385,0.5227000219747424,2122.529400046915,2695.2855934592612
1769375361,4,,Aggregated,1.900000,0.000000,57,89,98,100,120,2100,2100,2100,2100,2100,2100,3548,7,57,186.23257195570463,0.5227000219747424,2122.529400046915,2695.935456595265
1769375362,4,,Aggregated,2.000000,0.000000,57,89,98,100,120,2100,2100,2100,2100,2100,2100,3549,7,57,186.19080247924575,0.5227000219747424,2122.529400046915,2695.9489997182304
1769375363,4,,Aggregated,1.900000,0.000000,57,89,98,100,120,2100,2100,2100,2100,2100,2100,3551,7,57,186.1079043364643,0.5227000219747424,2122.529400046915,2695.8276541819205
1769375364,4,,Aggregated,1.900000,0.000000,57,89,98,100,120,2100,2100,2100,2100,2100,2100,3551,7,57,186.1079043364643,0.5227000219747424,2122.529400046915,2695.8276541819205
1769375365,4,,Aggregated,2.100000,0.000000,57,89,98,100,120,2100,2100,2100,2100,2100,2100,3552,7,57,186.0668536314365,0.5227000219747424,2122.529400046915,2695.7691441441443
1769375366,4,,Aggregated,1.800000,0.000000,57,89,98,100,120,2100,2100,2100,2100,2100,2100,3557,7,57,185.8999111607413,0.5227000219747424,2122.529400046915,2694.353106550464
1769375367,4,,Aggregated,1.800000,0.000000,57,89,98,100,120,2100,2100,2100,2100,2100,2100,3558,7,57,185.87727537906105,0.5227000219747424,2122.529400046915,2694.789207419899
1769375368,4,,Aggregated,1.900000,0.000000,57,89,98,100,120,2100,2100,2100,2100,2100,2100,3560,7,57,185.8055378929084,0.5227000219747424,2122.529400046915,2693.864606741573
1769375369,4,,Aggregated,1.800000,0.000000,57,89,98,100,120,2100,2100,2100,2100,2100,2100,3564,7,57,185.67443201427483,0.5227000219747424,2122.529400046915,2693.824915824916
1769375370,4,,Aggregated,1.800000,0.000000,57,89,98,100,120,2100,2100,2100,2100,2100,2100,3566,7,57,186.1808219851377,0.5227000219747424,2122.529400046915,2693.8822209758832
1769375371,4,,Aggregated,1.800000,0.000000,57,89,98,100,120,2100,2100,2100,2100,2100,2100,3567,7,57,186.13929641128232,0.5227000219747424,2122.529400046915,2693.8152509111296
1769375372,4,,Aggregated,2.000000,0.000000,57,89,98,100,120,2100,2100,2100,2100,2100,2100,3569,7,57,186.05859055727643,0.5227000219747424,2122.529400046915,2693.8105912020173
1769375373,4,,Aggregated,1.900000,0.000000,57,89,98,100,120,2100,2100,2100,2100,2100,2100,3570,7,57,186.01717694645555,0.5227000219747424,2122.529400046915,2694.456862745098
1769375374,4,,Aggregated,2.000000,0.000000,57,89,98,100,120,2100,2100,2100,2100,2100,2100,3571,7,57,185.9767336316993,0.5227000219747424,2122.529400046915,2694.4693363203583
1769375375,4,,Aggregated,1.900000,0.000000,57,89,98,100,120,2100,2100,2100,2100,2100,2100,3573,7,57,185.8959614606225,0.5227000219747424,2122.529400046915,2694.349286314022
1769375376,4,,Aggregated,1.900000,0.000000,57,89,98,100,120,2100,2100,2100,2100,2100,2100,3573,7,57,185.8959614606225,0.5227000219747424,2122.529400046915,2694.349286314022
1769375377,4,,Aggregated,2.100000,0.000000,57,89,98,100,120,2100,2100,2100,2100,2100,2100,3574,7,57,185.85489054247486,0.5227000219747424,2122.529400046915,2694.2915500839395
1769375378,4,,Aggregated,1.800000,0.000000,57,89,98,100,120,2100,2100,2100,2100,2100,2100,3580,7,57,185.67218924547396,0.5227000219747424,2122.529400046915,2693.3201117318436
1769375379,4,,Aggregated,1.800000,0.000000,57,89,98,100,120,2100,2100,2100,2100,2100,2100,3580,7,57,185.67218924547396,0.5227000219747424,2122.529400046915,2693.3201117318436
1769375380,4,,Aggregated,1.900000,0.000000,57,89,98,100,120,2100,2100,2100,2100,2100,2100,3583,7,57,185.58344845069345,0.5227000219747424,2122.529400046915,2692.835612615127
1769375381,4,,Aggregated,1.800000,0.000000,57,89,98,100,120,2100,2100,2100,2100,2100,2100,3588,7,57,185.97768352809803,0.5227000219747424,2122.529400046915,2692.420568561873
1769375382,4,,Aggregated,1.800000,0.000000,57,89,98,100,120,2100,2100,2100,2100,2100,2100,3588,7,57,185.97768352809803,0.5227000219747424,2122.529400046915,2692.420568561873
1769375383,4,,Aggregated,1.800000,0.000000,57,89,98,100,120,2100,2100,2100,2100,2100,2100,3590,7,57,185.89809036182635,0.5227000219747424,2122.529400046915,2692.367409470752
1769375384,4,,Aggregated,2.000000,0.000000,57,89,98,100,120,2100,2100,2100,2100,2100,2100,3591,7,57,185.85785691979345,0.5227000219747424,2122.529400046915,2692.3525480367584
1769375385,4,,Aggregated,1.900000,0.000000,57,89,98,100,120,2100,2100,2100,2100,2100,2100,3592,7,57,185.8167050943753,0.5227000219747424,2122.529400046915,2692.995267260579
1769375386,4,,Aggregated,2.000000,0.000000,57,89,98,100,120,2100,2100,2100,2100,2100,2100,3594,7,57,185.73594824682417,0.5227000219747424,2122.529400046915,2692.950473010573
1769375387,4,,Aggregated,1.900000,0.000000,57,89,98,100,120,2100,2100,2100,2100,2100,2100,3595,7,57,185.6956704865211,0.5227000219747424,2122.529400046915,2692.8901251738525
1769375388,4,,Aggregated,1.900000,0.000000,57,89,98,100,120,2100,2100,2100,2100,2100,2100,3595,7,57,185.6956704865211,0.5227000219747424,2122.529400046915,2692.8901251738525
1769375389,4,,Aggregated,2.100000,0.000000,57,89,98,100,120,2100,2100,2100,2100,2100,2100,3597,7,57,185.6144938279023,0.5227000219747424,2122.529400046915,2692.254934667779
1769375390,4,,Aggregated,1.800000,0.000000,57,89,98,100,120,2100,2100,2100,2100,2100,2100,3602,7,57,185.475911882049,0.5227000219747424,2122.529400046915,2691.8692393114934
1769375391,4,,Aggregated,1.800000,0.000000,57,89,98,100,120,2100,2100,2100,2100,2100,2100,3602,7,57,185.475911882049,0.5227000219747424,2122.529400046915,2691.8692393114934
1769375392,4,,Aggregated,1.900000,0.000000,57,89,98,100,120,2100,2100,2100,2100,2100,2100,3606,7,57,185.34654428708097,0.5227000219747424,2122.529400046915,2691.3230726566835
1769375393,4,,Aggregated,1.800000,0.000000,57,89,98,100,120,2100,2100,2100,2100,2100,2100,3610,7,57,185.7776172573606,0.5227000219747424,2122.529400046915,2690.9781163434905
1769375394,4,,Aggregated,1.800000,0.000000,57,89,98,100,120,2100,2100,2100,2100,2100,2100,3610,7,57,185.7776172573606,0.5227000219747424,2122.529400046915,2690.9781163434905
1769375395,4,,Aggregated,1.800000,0.000000,57,89,98,100,120,2100,2100,2100,2100,2100,2100,3612,7,57,185.6973042910089,0.5227000219747424,2122.529400046915,2690.9260797342195
1769375396,4,,Aggregated,2.000000,0.000000,57,89,98,100,120,2100,2100,2100,2100,2100,2100,3613,7,57,185.65718098506207,0.5227000219747424,2122.529400046915,2690.9103238306116
1769375397,4,,Aggregated,1.900000,0.000000,57,89,98,100,120,2100,2100,2100,2100,2100,2100,3614,7,57,185.61619568315805,0.5227000219747424,2122.529400046915,2691.5495296070835
1769375398,4,,Aggregated,2.000000,0.000000,57,89,98,100,120,2100,2100,2100,2100,2100,2100,3616,7,57,185.5347776822259,0.5227000219747424,2122.529400046915,2691.505807522124
1769375399,4,,Aggregated,1.900000,0.000000,57,89,98,100,120,2100,2100,2100,2100,2100,2100,3617,7,57,185.49473212575754,0.5227000219747424,2122.529400046915,2691.4462261542717
1769375400,4,,Aggregated,1.900000,0.000000,57,89,98,100,120,2100,2100,2100,2100,2100,2100,3617,7,57,185.49473212575754,0.5227000219747424,2122.529400046915,2691.4462261542717
1769375401,4,,Aggregated,2.100000,0.000000,57,89,98,100,120,2100,2100,2100,2100,2100,2100,3620,7,57,185.38833439191907,0.5227000219747424,2122.529400046915,2690.481767955801
1769375402,4,,Aggregated,1.800000,0.000000,57,89,98,100,120,2100,2100,2100,2100,2100,2100,3624,7,57,185.27275780868607,0.5227000219747424,2122.529400046915,2690.434326710817
1769375403,4,,Aggregated,1.800000,0.000000,57,89,98,100,120,2100,2100,2100,2100,2100,2100,3624,7,57,185.27275780868607,0.5227000219747424,2122.529400046915,2690.434326710817
1769375404,4,,Aggregated,1.900000,0.000000,57,89,98,100,120,2100,2100,2100,2100,2100,2100,3628,7,57,185.1438804296135,0.5227000219747424,2122.529400046915,2689.893054024256
1769375405,4,,Aggregated,1.800000,0.000000,57,89,98,100,120,2100,2100,2100,2100,2100,2100,3632,7,57,185.5746997518853,0.5227000219747424,2122.529400046915,2689.552037444934
1769375406,4,,Aggregated,1.800000,0.000000,57,89,98,100,120,2100,2100,2100,2100,2100,2100,3632,7,57,185.5746997518853,0.5227000219747424,2122.529400046915,2689.552037444934
1769375407,4,,Aggregated,1.800000,0.000000,57,89,98,100,120,2100,2100,2100,2100,2100,2100,3634,7,57,185.4950259215402,0.5227000219747424,2122.529400046915,2689.50220143093
1769375408,4,,Aggregated,2.000000,0.000000,57,89,98,100,120,2100,2100,2100,2100,2100,2100,3635,7,57,185.4541231908847,0.5227000219747424,2122.529400046915,2689.4872077028886
1769375409,4,,Aggregated,1.900000,0.000000,57,89,98,100,120,2100,2100,2100,2100,2100,2100,3636,7,57,185.41346850902445,0.5227000219747424,2122.529400046915,2690.1229372937296
1769375410,4,,Aggregated,2.000000,0.000000,57,89,98,100,120,2100,2100,2100,2100,2100,2100,3638,7,57,185.33180464507623,0.5227000219747424,2122.529400046915,2690.0810885101705
1769375411,4,,Aggregated,1.900000,0.000000,57,89,98,100,120,2100,2100,2100,2100,2100,2100,3639,7,57,185.29188238493418,0.5227000219747424,2122.529400046915,2690.0222588623246
1769375412,4,,Aggregated,1.900000,0.000000,57,89,98,100,120,2100,2100,2100,2100,2100,2100,3639,7,57,185.29188238493418,0.5227000219747424,2122.529400046915,2690.0222588623246
1769375413,4,,Aggregated,2.100000,0.000000,57,89,98,100,120,2100,2100,2100,2100,2100,2100,3643,7,57,185.15618229449134,0.5227000219747424,2122.529400046915,2689.493000274499
1769375414,4,,Aggregated,1.800000,0.000000,57,89,98,100,120,2100,2100,2100,2100,2100,2100,3646,7,57,185.06093085540414,0.5227000219747424,2122.529400046915,2689.020021941854
1769375415,4,,Aggregated,1.800000,0.000000,57,89,98,100,120,2100,2100,2100,2100,2100,2100,3646,7,57,185.06093085540414,0.5227000219747424,2122.529400046915,2689.020021941854
1769375416,4,,Aggregated,1.900000,0.000000,57,89,98,100,120,2100,2100,2100,2100,2100,2100,3650,7,57,184.93430646544655,0.5227000219747424,2122.529400046915,2688.4816438356165
1769375417,4,,Aggregated,1.800000,0.000000,57,89,98,100,120,2100,2100,2100,2100,2100,2100,3654,7,57,185.3611660368978,0.5227000219747424,2122.529400046915,2688.143951833607
1769375418,4,,Aggregated,1.800000,0.000000,57,89,98,100,120,2100,2100,2100,2100,2100,2100,3654,7,57,185.3611660368978,0.5227000219747424,2122.529400046915,2688.143951833607
1769375419,4,,Aggregated,1.800000,0.000000,57,89,98,100,120,2100,2100,2100,2100,2100,2100,3656,7,57,185.28157171739278,0.5227000219747424,2122.529400046915,2688.0946389496717
1769375420,4,,Aggregated,2.000000,0.000000,57,89,98,100,120,2100,2100,2100,2100,2100,2100,3657,7,57,185.24256292009858,0.5227000219747424,2122.529400046915,2688.0801203172
1769375421,4,,Aggregated,1.900000,0.000000,57,89,98,100,120,2100,2100,2100,2100,2100,2100,3658,7,57,185.2029074627757,0.5227000219747424,2122.529400046915,2688.712411153636
1769375422,4,,Aggregated,2.000000,0.000000,57,89,98,100,120,2100,2100,2100,2100,2100,2100,3660,7,57,185.12312983575563,0.5227000219747424,2122.529400046915,2688.6704918032788
1769375423,4,,Aggregated,1.900000,0.000000,57,89,98,100,120,2100,2100,2100,2100,2100,2100,3661,7,57,185.08329464595056,0.5227000219747424,2122.529400046915,2688.612400983338
1769375424,4,,Aggregated,1.900000,0.000000,57,89,98,100,120,2100,2100,2100,2100,2100,2100,3661,7,57,185.08329464595056,0.5227000219747424,2122.529400046915,2688.612400983338
1769375425,4,,Aggregated,2.100000,0.000000,57,89,98,100,120,2100,2100,2100,2100,2100,2100,3665,7,57,184.95626387419497,0.5227000219747424,2122.529400046915,2688.087858117326
1769375426,4,,Aggregated,1.800000,0.000000,57,89,98,100,120,2100,2100,2100,2100,2100,2100,3668,7,57,184.86949945450252,0.5227000219747424,2122.529400046915,2687.6188658669575
1769375427,4,,Aggregated,1.800000,0.000000,57,89,98,100,120,2100,2100,2100,2100,2100,2100,3668,7,57,184.86949945450252,0.5227000219747424,2122.529400046915,2687.6188658669575
1769375428,4,,Aggregated,1.900000,0.000000,57,89,98,100,120,2100,2100,2100,2100,2100,2100,3672,7,57,184.74087475465885,0.5227000219747424,2122.529400046915,2687.0874183006536
1769375429,4,,Aggregated,1.800000,0.000000,57,89,98,100,120,2100,2100,2100,2100,2100,2100,3676,7,57,185.1682625405675,0.5227000219747424,2122.529400046915,2686.7532644178455
1769375430,4,,Aggregated,1.800000,0.000000,57,89,98,100,120,2100,2100,2100,2100,2100,2100,3676,7,57,185.1682625405675,0.5227000219747424,2122.529400046915,2686.7532644178455
1769375431,4,,Aggregated,1.800000,0.000000,57,89,98,100,120,2100,2100,2100,2100,2100,2100,3678,7,57,185.08966465445428,0.5227000219747424,2122.529400046915,2686.7025557368133
1769375432,4,,Aggregated,2.000000,0.000000,57,89,98,100,120,2100,2100,2100,2100,2100,2100,3679,7,57,185.05042954582188,0.5227000219747424,2122.529400046915,2686.688230497418
1769375433,4,,Aggregated,1.900000,0.000000,57,89,98,100,120,2100,2100,2100,2100,2100,2100,3680,7,57,185.01102418455918,0.5227000219747424,2122.529400046915,2687.3171195652176
1769375434,4,,Aggregated,2.000000,0.000000,57,89,98,100,120,2100,2100,2100,2100,2100,2100,3682,7,57,184.93148603997386,0.5227000219747424,2122.529400046915,2687.27783813145
1769375435,4,,Aggregated,1.900000,0.000000,57,89,98,100,120,2100,2100,2100,2100,2100,2100,3683,7,57,184.8926245721493,0.5227000219747424,2122.529400046915,2687.2202009231605
1769375436,4,,Aggregated,1.900000,0.000000,57,89,98,100,120,2100,2100,2100,2100,2100,2100,3683,7,57,184.8926245721493,0.5227000219747424,2122.529400046915,2687.2202009231605
1769375437,4,,Aggregated,2.100000,0.000000,57,89,98,100,120,2100,2100,2100,2100,2100,2100,3687,7,57,184.76760810936247,0.5227000219747424,2122.529400046915,2686.6994846758885
1769375438,4,,Aggregated,1.800000,0.000000,57,89,98,100,120,2100,2100,2100,2100,2100,2100,3690,7,57,184.6817557179422,0.5227000219747424,2122.529400046915,2686.2344173441734
1769375439,4,,Aggregated,1.800000,0.000000,57,89,98,100,120,2100,2100,2100,2100,2100,2100,3690,7,57,184.6817557179422,0.5227000219747424,2122.529400046915,2686.2344173441734
1769375440,4,,Aggregated,1.900000,0.000000,57,89,98,100,120,2100,2100,2100,2100,2100,2100,3694,7,57,184.55430739011507,0.5227000219747424,2122.529400046915,2685.7054683270167
1769375441,4,,Aggregated,1.800000,0.000000,57,89,98,100,120,2100,2100,2100,2100,2100,2100,3698,7,57,184.9756581122494,0.5227000219747424,2122.529400046915,2685.3750676041104
1769375442,4,,Aggregated,1.800000,0.000000,57,89,98,100,120,2100,2100,2100,2100,2100,2100,3698,7,57,184.9756581122494,0.5227000219747424,2122.529400046915,2685.3750676041104
1769375443,4,,Aggregated,1.800000,0.000000,57,89,98,100,120,2100,2100,2100,2100,2100,2100,3700,7,57,184.89743735109505,0.5227000219747424,2122.529400046915,2685.3278378378377
1769375444,4,,Aggregated,2.000000,0.000000,57,89,98,100,120,2100,2100,2100,2100,2100,2100,3701,7,57,184.85788392300384,0.5227000219747424,2122.529400046915,2685.3139691975143
1769375445,4,,Aggregated,1.900000,0.000000,57,89,98,100,120,2100,2100,2100,2100,2100,2100,3702,7,57,184.82028214453516,0.5227000219747424,2122.529400046915,2685.9394921663966
1769375446,4,,Aggregated,2.000000,0.000000,57,89,98,100,120,2100,2100,2100,2100,2100,2100,3704,7,57,184.74069711095734,0.5227000219747424,2122.529400046915,2685.900917926566
1769375447,4,,Aggregated,1.900000,0.000000,57,89,98,100,120,2100,2100,2100,2100,2100,2100,3705,7,57,184.70170294169046,0.5227000219747424,2122.529400046915,2685.8439946018893
1769375448,4,,Aggregated,1.900000,0.000000,57,89,98,100,120,2100,2100,2100,2100,2100,2100,3705,7,57,184.70170294169046,0.5227000219747424,2122.529400046915,2685.8439946018893
1769375449,4,,Aggregated,2.100000,0.000000,57,89,98,100,120,2100,2100,2100,2100,2100,2100,3709,7,57,184.57638740874265,0.5227000219747424,2122.529400046915,2685.3289296306284
1769375450,4,,Aggregated,1.800000,0.000000,57,89,98,100,120,2100,2100,2100,2100,2100,2100,3712,7,57,184.49145950944512,0.5227000219747424,2122.529400046915,2684.8677262931033
1769375452,4,,Aggregated,1.800000,0.000000,57,89,98,100,120,2100,2100,2100,2100,2100,2100,3712,7,57,184.49145950944512,0.5227000219747424,2122.529400046915,2684.8677262931033
1769375453,4,,Aggregated,1.900000,0.000000,57,89,98,100,120,2100,2100,2100,2100,2100,2100,3716,7,57,184.3630463668169,0.5227000219747424,2122.529400046915,2684.345263724435
1769375454,4,,Aggregated,1.800000,0.000000,57,89,98,100,120,2100,2100,2100,2100,2100,2100,3720,7,57,184.78291779543744,0.5227000219747424,2122.529400046915,2684.0182795698925
1769375455,4,,Aggregated,1.800000,0.000000,57,89,98,100,120,2100,2100,2100,2100,2100,2100,3720,7,57,184.78291779543744,0.5227000219747424,2122.529400046915,2684.0182795698925
1769375456,4,,Aggregated,1.800000,0.000000,57,89,98,100,120,2100,2100,2100,2100,2100,2100,3722,7,57,184.70528909162363,0.5227000219747424,2122.529400046915,2683.9715206878022
1769375457,4,,Aggregated,2.000000,0.000000,57,89,98,100,120,2100,2100,2100,2100,2100,2100,3723,7,57,184.6660016650352,0.5227000219747424,2122.529400046915,2683.9580983078163
1769375458,4,,Aggregated,1.900000,0.000000,57,89,98,100,120,2100,2100,2100,2100,2100,2100,3724,7,57,184.62591331875277,0.5227000219747424,2122.529400046915,2684.580290010741
1769375459,4,,Aggregated,2.000000,0.000000,57,89,98,100,120,2100,2100,2100,2100,2100,2100,3726,7,57,184.55078980112594,0.5227000219747424,2122.529400046915,2684.5426731078906
1769375460,4,,Aggregated,1.900000,0.000000,57,89,98,100,120,2100,2100,2100,2100,2100,2100,3727,7,57,184.5128136836412,0.5227000219747424,2122.529400046915,2684.4864502280657
1769375461,4,,Aggregated,2.100000,0.000000,57,89,98,100,120,2100,2100,2100,2100,2100,2100,3728,7,57,184.4745427572112,0.5227000219747424,2122.529400046915,2684.4337446351933
1769375462,4,,Aggregated,1.800000,0.000000,57,89,98,100,120,2100,2100,2100,2100,2100,2100,3732,7,57,184.34819807045187,0.5227000219747424,2122.529400046915,2683.421489817792
1769375463,4,,Aggregated,1.800000,0.000000,57,89,98,100,120,2100,2100,2100,2100,2100,2100,3734,7,57,184.30123130661693,0.5227000219747424,2122.529400046915,2683.518211033744
1769375464,4,,Aggregated,1.900000,0.000000,57,89,98,100,120,2100,2100,2100,2100,2100,2100,3735,7,57,184.26048471187173,0.5227000219747424,2122.529400046915,2682.964658634538
1769375465,4,,Aggregated,1.800000,0.000000,57,89,98,100,120,2100,2100,2100,2100,2100,2100,3739,7,57,184.13478074324206,0.5227000219747424,2122.529400046915,2682.9374164215033
1769375466,4,,Aggregated,1.800000,0.000000,57,89,98,100,120,2100,2100,2100,2100,2100,2100,3742,7,57,184.59589604464674,0.5227000219747424,2122.529400046915,2682.676910742918
1769375467,4,,Aggregated,1.800000,0.000000,57,89,98,100,120,2100,2100,2100,2100,2100,2100,3743,7,57,184.5644187547514,0.5227000219747424,2122.529400046915,2682.6160833555973
1769375468,4,,Aggregated,2.000000,0.000000,57,89,98,100,120,2100,2100,2100,2100,2100,2100,3745,7,57,184.49438542027514,0.5227000219747424,2122.529400046915,2682.6192256341787
1769375469,4,,Aggregated,1.900000,0.000000,57,89,98,100,120,2100,2100,2100,2100,2100,2100,3746,7,57,184.45927576052281,0.5227000219747424,2122.529400046915,2683.2381206620394
1769375470,4,,Aggregated,2.000000,0.000000,57,89,98,100,120,2100,2100,2100,2100,2100,2100,3747,7,57,184.42388566823297,0.5227000219747424,2122.529400046915,2683.253803042434
1769375471,4,,Aggregated,1.900000,0.000000,57,89,98,100,120,2100,2100,2100,2100,2100,2100,3749,7,57,184.356658468639,0.5227000219747424,2122.529400046915,2683.1456388370234
1769375472,4,,Aggregated,1.900000,0.000000,57,89,98,100,120,2100,2100,2100,2100,2100,2100,3749,7,57,184.356658468639,0.5227000219747424,2122.529400046915,2683.1456388370234
1769375473,4,,Aggregated,2.100000,0.000000,57,89,98,100,120,2100,2100,2100,2100,2100,2100,3750,7,57,184.32214858637502,0.5227000219747424,2122.529400046915,2683.093066666667
1769375474,4,,Aggregated,1.800000,0.000000,57,89,98,100,120,2100,2100,2100,2100,2100,2100,3755,7,57,184.17090260952006,0.5227000219747424,2122.529400046915,2681.7685752330226
1769375475,4,,Aggregated,1.800000,0.000000,57,89,98,100,120,2100,2100,2100,2100,2100,2100,3756,7,57,184.15564158646225,0.5227000219747424,2122.529400046915,2682.1850372736953
1769375476,4,,Aggregated,1.900000,0.000000,57,89,98,100,120,2100,2100,2100,2100,2100,2100,3758,7,57,184.0967653801753,0.5227000219747424,2122.529400046915,2681.315859499734
1769375477,4,,Aggregated,1.800000,0.000000,57,89,98,100,120,2100,2100,2100,2100,2100,2100,3762,7,57,183.98352270033152,0.5227000219747424,2122.529400046915,2681.2905369484315
1769375478,4,,Aggregated,1.800000,0.000000,57,89,98,100,120,2100,2100,2100,2100,2100,2100,3764,7,57,184.46570690717562,0.5227000219747424,2122.529400046915,2681.3514877789585
1769375479,4,,Aggregated,1.800000,0.000000,57,89,98,100,120,2100,2100,2100,2100,2100,2100,3765,7,57,184.42948408994408,0.5227000219747424,2122.529400046915,2681.2913678618856
1769375480,4,,Aggregated,2.000000,0.000000,57,89,98,100,120,2100,2100,2100,2100,2100,2100,3767,7,57,184.36035301264613,0.5227000219747424,2122.529400046915,2681.2951951154764
1769375481,4,,Aggregated,1.900000,0.000000,57,89,98,100,120,2100,2100,2100,2100,2100,2100,3768,7,57,184.33042258456632,0.5227000219747424,2122.529400046915,2681.9108280254777
1769375482,4,,Aggregated,2.000000,0.000000,57,89,98,100,120,2100,2100,2100,2100,2100,2100,3769,7,57,184.29436375658577,0.5227000219747424,2122.529400046915,2681.927301671531
1769375483,4,,Aggregated,1.900000,0.000000,57,89,98,100,120,2100,2100,2100,2100,2100,2100,3771,7,57,184.22840196196358,0.5227000219747424,2122.529400046915,2681.820472023336
1769375484,4,,Aggregated,1.900000,0.000000,57,89,98,100,120,2100,2100,2100,2100,2100,2100,3771,7,57,184.22840196196358,0.5227000219747424,2122.529400046915,2681.820472023336
1769375485,4,,Aggregated,2.100000,0.000000,57,89,98,100,120,2100,2100,2100,2100,2100,2100,3772,7,57,184.19978189251134,0.5227000219747424,2122.529400046915,2681.769088016967
1769375486,4,,Aggregated,1.800000,0.000000,57,89,98,100,120,2100,2100,2100,2100,2100,2100,3777,7,57,184.072953322366,0.5227000219747424,2122.529400046915,2680.4540640720147
1769375487,4,,Aggregated,1.800000,0.000000,57,89,98,100,120,2100,2100,2100,2100,2100,2100,3777,7,57,184.072953322366,0.5227000219747424,2122.529400046915,2680.4540640720147
1769375488,4,,Aggregated,1.800000,0.000000,57,89,98,100,120,2100,2100,2100,2100,2100,2100,3782,7,57,184.46684738196086,0.5227000219747424,2122.529400046915,2680.3574828133264
1769375489,4,,Aggregated,1.700000,0.000000,57,89,98,100,120,2100,2100,2100,2100,2100,2100,3786,7,57,184.89870401438793,0.5227000219747424,2122.529400046915,2680.040147913365
1769375490,4,,Aggregated,1.700000,0.000000,57,89,98,100,120,2100,2100,2100,2100,2100,2100,3786,7,57,184.89870401438793,0.5227000219747424,2122.529400046915,2680.040147913365
1769375491,4,,Aggregated,1.800000,0.000000,57,89,98,100,120,2100,2100,2100,2100,2100,2100,3788,7,57,184.8293209340954,0.5227000219747424,2122.529400046915,2679.997096092925
1769375492,4,,Aggregated,2.000000,0.000000,57,89,98,100,120,2100,2100,2100,2100,2100,2100,3789,7,57,184.79540672958342,0.5227000219747424,2122.529400046915,2679.98495645289
1769375493,4,,Aggregated,1.900000,0.000000,57,89,98,100,120,2100,2100,2100,2100,2100,2100,3790,7,57,184.76453554044946,0.5227000219747424,2122.529400046915,2680.5973614775726
1769375494,4,,Aggregated,2.000000,0.000000,57,89,98,100,120,2100,2100,2100,2100,2100,2100,3792,7,57,184.6975256852034,0.5227000219747424,2122.529400046915,2680.5611814345993
1769375495,4,,Aggregated,1.900000,0.000000,57,89,98,100,120,2100,2100,2100,2100,2100,2100,3793,7,57,184.66495728928516,0.5227000219747424,2122.529400046915,2680.5069865541786
1769375496,4,,Aggregated,1.900000,0.000000,57,89,98,100,120,2100,2100,2100,2100,2100,2100,3793,7,57,184.66495728928516,0.5227000219747424,2122.529400046915,2680.5069865541786
1769375497,4,,Aggregated,2.100000,0.000000,57,89,98,100,120,2100,2100,2100,2100,2100,2100,3795,7,57,184.59800851070574,0.5227000219747424,2122.529400046915,2679.912252964427
1769375498,4,,Aggregated,1.900000,0.000000,57,89,98,100,120,2100,2100,2100,2100,2100,2100,3799,7,57,184.51665909402539,0.5227000219747424,2122.529400046915,2679.1505659384047
1769375499,4,,Aggregated,1.900000,0.000000,57,89,98,100,120,2100,2100,2100,2100,2100,2100,3799,7,57,184.51665909402539,0.5227000219747424,2122.529400046915,2679.1505659384047
1769375500,4,,Aggregated,1.900000,0.000000,57,89,98,100,120,2100,2100,2100,2100,2100,2100,3803,7,57,184.93628627350031,0.5227000219747424,2126.1867999564856,2678.6463318432816
1769375501,4,,Aggregated,1.700000,0.000000,57,89,98,100,120,2100,2100,2100,2100,2100,2100,3807,7,57,185.3643465190693,0.5227000219747424,2126.1867999564856,2678.3338586813766
1769375502,4,,Aggregated,1.300000,0.000000,57,89,98,100,120,2100,2100,2100,2100,2100,2100,3808,7,57,185.87596599212426,0.5227000219747424,2133.6112999124452,2678.745535714286
1769375503,4,,Aggregated,1.700000,0.000000,57,89,98,100,120,2100,2100,2100,2100,2100,2100,3810,7,57,185.8074246188919,0.5227000219747424,2133.6112999124452,2678.7028871391076
1769375504,4,,Aggregated,1.900000,0.000000,57,89,98,100,120,2100,2100,2100,2100,2100,2100,3811,7,57,185.7701792175266,0.5227000219747424,2133.6112999124452,2678.691157176594
1769375505,4,,Aggregated,1.900000,0.000000,57,89,98,100,120,2100,2100,2100,2100,2100,2100,3812,7,57,185.73654580222816,0.5227000219747424,2133.6112999124452,2679.3003672612804
1769375506,4,,Aggregated,2.000000,0.000000,57,89,98,100,120,2100,2100,2100,2100,2100,2100,3814,7,57,185.66932325591063,0.5227000219747424,2133.6112999124452,2679.2658626114317
1769375507,4,,Aggregated,1.900000,0.000000,57,89,98,100,120,2100,2100,2100,2100,2100,2100,3815,7,57,185.63450812529967,0.5227000219747424,2133.6112999124452,2679.2123197903015
1769375508,4,,Aggregated,1.900000,0.000000,57,89,98,100,120,2100,2100,2100,2100,2100,2100,3815,7,57,185.63450812529967,0.5227000219747424,2133.6112999124452,2679.2123197903015
1769375509,4,,Aggregated,2.100000,0.000000,57,89,98,100,120,2100,2100,2100,2100,2100,2100,3818,7,57,185.53946526925898,0.5227000219747424,2133.6112999124452,2678.3082765845993
1769375510,4,,Aggregated,1.800000,0.000000,57,89,98,100,120,2100,2100,2100,2100,2100,2100,3822,7,57,185.44171227057294,0.5227000219747424,2133.6112999124452,2678.276033490319
1769375511,4,,Aggregated,1.800000,0.000000,57,89,98,100,120,2100,2100,2100,2100,2100,2100,3822,7,57,185.44171227057294,0.5227000219747424,2133.6112999124452,2678.276033490319
1769375512,4,,Aggregated,2.000000,0.000000,57,89,98,100,120,2100,2100,2100,2100,2100,2100,3826,7,57,185.33975253482527,0.5227000219747424,2133.6112999124452,2677.7757449032933
1769375513,4,,Aggregated,1.900000,0.000000,57,89,98,100,120,2100,2100,2100,2100,2100,2100,3830,7,57,185.77267892905522,0.5227000219747424,2133.6112999124452,2677.4647519582245
1769375514,4,,Aggregated,1.900000,0.000000,57,89,98,100,120,2100,2100,2100,2100,2100,2100,3830,7,57,185.77267892905522,0.5227000219747424,2133.6112999124452,2677.4647519582245
1769375515,4,,Aggregated,1.800000,0.000000,57,89,98,100,120,2100,2100,2100,2100,2100,2100,3832,7,57,185.70832001520608,0.5227000219747424,2133.6112999124452,2677.420407098121
1769375516,4,,Aggregated,2.000000,0.000000,57,89,98,100,120,2100,2100,2100,2100,2100,2100,3833,7,57,185.67507873682786,0.5227000219747424,2133.6112999124452,2677.4090790503524
1769375517,4,,Aggregated,1.900000,0.000000,57,89,98,100,120,2100,2100,2100,2100,2100,2100,3834,7,57,185.63764715658567,0.5227000219747424,2133.6112999124452,2678.01512780386
1769375518,4,,Aggregated,2.000000,0.000000,57,89,98,100,120,2100,2100,2100,2100,2100,2100,3836,7,57,185.57649470759628,0.5227000219747424,2133.6112999124452,2677.9814911366007
1769375519,4,,Aggregated,1.900000,0.000000,57,89,98,100,120,2100,2100,2100,2100,2100,2100,3837,7,57,185.53917276476292,0.5227000219747424,2133.6112999124452,2677.9285900443056
1769375520,4,,Aggregated,1.900000,0.000000,57,89,98,100,120,2100,2100,2100,2100,2100,2100,3837,7,57,185.53917276476292,0.5227000219747424,2133.6112999124452,2677.9285900443056
1769375521,4,,Aggregated,2.100000,0.000000,57,89,98,100,120,2100,2100,2100,2100,2100,2100,3841,7,57,185.42450603964625,0.5227000219747424,2133.6112999124452,2677.43842749284
1769375522,4,,Aggregated,1.800000,0.000000,57,89,98,100,120,2100,2100,2100,2100,2100,2100,3844,7,57,185.34876888616782,0.5227000219747424,2133.6112999124452,2676.999219562955
1769375523,4,,Aggregated,1.800000,0.000000,57,89,98,100,120,2100,2100,2100,2100,2100,2100,3844,7,57,185.34876888616782,0.5227000219747424,2133.6112999124452,2676.999219562955
1769375524,4,,Aggregated,1.900000,0.000000,57,89,98,100,120,2100,2100,2100,2100,2100,2100,3848,7,57,185.2426541576006,0.5227000219747424,2133.6112999124452,2676.5010395010395
1769375525,4,,Aggregated,1.800000,0.000000,57,89,98,100,120,2100,2100,2100,2100,2100,2100,3852,7,57,185.66747175449572,0.5227000219747424,2133.6112999124452,2676.1931464174454
1769375526,4,,Aggregated,1.800000,0.000000,57,89,98,100,120,2100,2100,2100,2100,2100,2100,3852,7,57,185.66747175449572,0.5227000219747424,2133.6112999124452,2676.1931464174454
1769375527,4,,Aggregated,1.800000,0.000000,57,89,98,100,120,2100,2100,2100,2100,2100,2100,3854,7,57,185.6059022569489,0.5227000219747424,2133.6112999124452,2676.1497145822523
1769375528,4,,Aggregated,2.000000,0.000000,57,89,98,100,120,2100,2100,2100,2100,2100,2100,3855,7,57,185.57340334587514,0.5227000219747424,2133.6112999124452,2676.140077821012
1769375529,4,,Aggregated,1.900000,0.000000,57,89,98,100,120,2100,2100,2100,2100,2100,2100,3856,7,57,185.53909242696722,0.5227000219747424,2133.6112999124452,2676.742997925311
1769375530,4,,Aggregated,2.000000,0.000000,57,89,98,100,120,2100,2100,2100,2100,2100,2100,3858,7,57,185.47108338477946,0.5227000219747424,2133.6112999124452,2676.7102125453603
1769375531,4,,Aggregated,1.900000,0.000000,57,89,98,100,120,2100,2100,2100,2100,2100,2100,3859,7,57,185.43887994259143,0.5227000219747424,2133.6112999124452,2676.658201606634
1769375532,4,,Aggregated,1.900000,0.000000,57,89,98,100,120,2100,2100,2100,2100,2100,2100,3859,7,57,185.43887994259143,0.5227000219747424,2133.6112999124452,2676.658201606634
1769375533,4,,Aggregated,2.100000,0.000000,57,89,98,100,120,2100,2100,2100,2100,2100,2100,3863,7,57,185.3374613508888,0.5227000219747424,2133.6112999124452,2676.172146000518
1769375534,4,,Aggregated,1.800000,0.000000,57,89,98,100,120,2100,2100,2100,2100,2100,2100,3866,7,57,185.2625005169537,0.5227000219747424,2133.6112999124452,2675.7364200724264
1769375535,4,,Aggregated,1.800000,0.000000,57,89,98,100,120,2100,2100,2100,2100,2100,2100,3866,7,57,185.2625005169537,0.5227000219747424,2133.6112999124452,2675.7364200724264
1769375536,4,,Aggregated,1.900000,0.000000,57,89,98,100,120,2100,2100,2100,2100,2100,2100,3870,7,57,185.15371240272958,0.5227000219747424,2133.6112999124452,2675.2441860465115
1769375537,4,,Aggregated,1.800000,0.000000,57,89,98,100,120,2100,2100,2100,2100,2100,2100,3874,7,57,185.57694762479153,0.5227000219747424,2133.6112999124452,2674.9395973154365
1769375538,4,,Aggregated,1.800000,0.000000,57,89,98,100,120,2100,2100,2100,2100,2100,2100,3874,7,57,185.57694762479153,0.5227000219747424,2133.6112999124452,2674.9395973154365
1769375539,4,,Aggregated,1.800000,0.000000,57,89,98,100,120,2100,2100,2100,2100,2100,2100,3876,7,57,185.51324919979012,0.5227000219747424,2133.6112999124452,2674.8993808049536
1769375540,4,,Aggregated,2.000000,0.000000,57,89,98,100,120,2100,2100,2100,2100,2100,2100,3877,7,57,185.4812550421351,0.5227000219747424,2133.6112999124452,2674.8888315708023
1769375541,4,,Aggregated,1.900000,0.000000,57,89,98,100,120,2100,2100,2100,2100,2100,2100,3878,7,57,185.4508978077184,0.5227000219747424,2133.6112999124452,2675.4886539453328
1769375542,4,,Aggregated,2.000000,0.000000,57,89,98,100,120,2100,2100,2100,2100,2100,2100,3880,7,57,185.38666520574967,0.5227000219747424,2133.6112999124452,2675.457474226804
1769375543,4,,Aggregated,1.900000,0.000000,57,89,98,100,120,2100,2100,2100,2100,2100,2100,3881,7,57,185.35302293179012,0.5227000219747424,2133.6112999124452,2675.406080906983
1769375544,4,,Aggregated,1.900000,0.000000,57,89,98,100,120,2100,2100,2100,2100,2100,2100,3881,7,57,185.35302293179012,0.5227000219747424,2133.6112999124452,2675.406080906983
1769375545,4,,Aggregated,2.100000,0.000000,57,89,98,100,120,2100,2100,2100,2100,2100,2100,3885,7,57,185.24592800471606,0.5227000219747424,2133.6112999124452,2674.9243243243245
1769375546,4,,Aggregated,1.800000,0.000000,57,89,98,100,120,2100,2100,2100,2100,2100,2100,3888,7,57,185.1824896343097,0.5227000219747424,2133.6112999124452,2674.492026748971
1769375547,4,,Aggregated,1.800000,0.000000,57,89,98,100,120,2100,2100,2100,2100,2100,2100,3888,7,57,185.1824896343097,0.5227000219747424,2133.6112999124452,2674.492026748971
1769375548,4,,Aggregated,1.900000,0.000000,57,89,98,100,120,2100,2100,2100,2100,2100,2100,3892,7,57,185.08015819581752,0.5227000219747424,2133.6112999124452,2674.0038540596092
1769375549,4,,Aggregated,1.800000,0.000000,57,89,98,100,120,2100,2100,2100,2100,2100,2100,3896,7,57,185.49803462477942,0.5227000219747424,2133.6112999124452,2673.7020020533882
1769375550,4,,Aggregated,1.800000,0.000000,57,89,98,100,120,2100,2100,2100,2100,2100,2100,3896,7,57,185.49803462477942,0.5227000219747424,2133.6112999124452,2673.7020020533882
1769375551,4,,Aggregated,1.800000,0.000000,57,89,98,100,120,2100,2100,2100,2100,2100,2100,3898,7,57,185.42865415549565,0.5227000219747424,2133.6112999124452,2673.6636736788096
1769375552,4,,Aggregated,2.000000,0.000000,57,89,98,100,120,2100,2100,2100,2100,2100,2100,3899,7,57,185.39535768097684,0.5227000219747424,2133.6112999124452,2673.6547832777637
1769375553,4,,Aggregated,1.900000,0.000000,57,89,98,100,120,2100,2100,2100,2100,2100,2100,3900,7,57,185.36109146106844,0.5227000219747424,2133.6112999124452,2674.2515384615385
1769375554,4,,Aggregated,2.000000,0.000000,57,89,98,100,120,2100,2100,2100,2100,2100,2100,3902,7,57,185.29421486366715,0.5227000219747424,2133.6112999124452,2674.2209123526395
1769375555,4,,Aggregated,1.900000,0.000000,57,89,98,100,120,2100,2100,2100,2100,2100,2100,3903,7,57,185.26415301000907,0.5227000219747424,2133.6112999124452,2674.1698693312837
1769375556,4,,Aggregated,1.900000,0.000000,57,89,98,100,120,2100,2100,2100,2100,2100,2100,3903,7,57,185.26415301000907,0.5227000219747424,2133.6112999124452,2674.1698693312837
1769375557,4,,Aggregated,2.100000,0.000000,57,89,98,100,120,2100,2100,2100,2100,2100,2100,3907,7,57,185.16228827694349,0.5227000219747424,2133.6112999124452,2673.6928589710774
1769375558,4,,Aggregated,1.800000,0.000000,57,89,98,100,120,2100,2100,2100,2100,2100,2100,3910,7,57,185.09495547261622,0.5227000219747424,2133.6112999124452,2673.2639386189257
1769375560,4,,Aggregated,1.800000,0.000000,57,89,98,100,120,2100,2100,2100,2100,2100,2100,3910,7,57,185.09495547261622,0.5227000219747424,2133.6112999124452,2673.2639386189257
1769375561,4,,Aggregated,1.900000,0.000000,57,89,98,100,120,2100,2100,2100,2100,2100,2100,3914,7,57,184.98713954983708,0.5227000219747424,2133.6112999124452,2672.780020439448
1769375562,4,,Aggregated,1.800000,0.000000,58,89,98,100,120,2100,2100,2100,2100,2100,2100,3918,7,58,185.406378687652,0.5227000219747424,2133.6112999124452,2672.4823889739664
1769375563,4,,Aggregated,1.800000,0.000000,58,89,98,100,120,2100,2100,2100,2100,2100,2100,3918,7,58,185.406378687652,0.5227000219747424,2133.6112999124452,2672.4823889739664
1769375564,4,,Aggregated,1.800000,0.000000,58,89,98,100,120,2100,2100,2100,2100,2100,2100,3920,7,58,185.3472034434422,0.5227000219747424,2133.6112999124452,2672.443367346939
1769375565,4,,Aggregated,2.000000,0.000000,58,89,98,100,120,2100,2100,2100,2100,2100,2100,3921,7,58,185.31421364402743,0.5227000219747424,2133.6112999124452,2672.433817903596
1769375566,4,,Aggregated,1.900000,0.000000,58,89,98,100,120,2100,2100,2100,2100,2100,2100,3922,7,58,185.28638620555026,0.5227000219747424,2133.6112999124452,2673.0275369709334
1769375567,4,,Aggregated,2.000000,0.000000,58,89,98,100,120,2100,2100,2100,2100,2100,2100,3924,7,58,185.22151850104484,0.5227000219747424,2133.6112999124452,2672.9966870540266
1769375568,4,,Aggregated,1.900000,0.000000,58,89,98,100,120,2100,2100,2100,2100,2100,2100,3925,7,58,185.1883145218276,0.5227000219747424,2133.6112999124452,2672.9464968152865
1769375569,4,,Aggregated,1.900000,0.000000,58,89,98,100,120,2100,2100,2100,2100,2100,2100,3925,7,58,185.1883145218276,0.5227000219747424,2133.6112999124452,2672.9464968152865
1769375570,4,,Aggregated,1.800000,0.000000,58,89,98,100,120,2100,2100,2100,2100,2100,2100,3930,7,57,185.05907921074908,0.5227000219747424,2133.6112999124452,2671.9498727735368
1769375571,4,,Aggregated,1.800000,0.000000,58,89,98,100,120,2100,2100,2100,2100,2100,2100,3932,7,58,185.01702248176136,0.5227000219747424,2133.6112999124452,2672.0475584944047
1769375572,4,,Aggregated,1.900000,0.000000,58,89,98,100,120,2100,2100,2100,2100,2100,2100,3933,7,58,184.98182145901404,0.5227000219747424,2133.6112999124452,2671.524790236461
1769375573,4,,Aggregated,1.800000,0.000000,58,89,98,100,120,2100,2100,2100,2100,2100,2100,3937,7,58,184.8768537460701,0.5227000219747424,2133.6112999124452,2671.511557023114
1769375574,4,,Aggregated,1.800000,0.000000,58,89,98,100,120,2100,2100,2100,2100,2100,2100,3940,7,58,185.32307477113034,0.5227000219747424,2133.6112999124452,2671.272842639594
1769375575,4,,Aggregated,1.800000,0.000000,58,89,98,100,120,2100,2100,2100,2100,2100,2100,3941,7,58,185.28907957328593,0.5227000219747424,2133.6112999124452,2671.2179649835066
1769375576,4,,Aggregated,2.000000,0.000000,58,89,98,100,120,2100,2100,2100,2100,2100,2100,3943,7,58,185.22823636782397,0.5227000219747424,2133.6112999124452,2671.2272381435455
1769375577,4,,Aggregated,1.900000,0.000000,58,89,98,100,120,2100,2100,2100,2100,2100,2100,3944,7,58,185.19367403606978,0.5227000219747424,2133.6112999124452,2671.817951318458
1769375578,4,,Aggregated,2.000000,0.000000,58,89,98,100,120,2100,2100,2100,2100,2100,2100,3945,7,58,185.15965145710427,0.5227000219747424,2133.6112999124452,2671.834980988593
1769375579,4,,Aggregated,1.900000,0.000000,58,89,98,100,120,2100,2100,2100,2100,2100,2100,3947,7,58,185.09594294355702,0.5227000219747424,2133.6112999124452,2671.738788953636
1769375580,4,,Aggregated,1.900000,0.000000,58,89,98,100,120,2100,2100,2100,2100,2100,2100,3947,7,58,185.09594294355702,0.5227000219747424,2133.6112999124452,2671.738788953636
1769375581,4,,Aggregated,2.100000,0.000000,58,89,98,100,120,2100,2100,2100,2100,2100,2100,3948,7,58,185.0645415395677,0.5227000219747424,2133.6112999124452,2671.692249240122
1769375582,4,,Aggregated,1.800000,0.000000,58,89,98,100,120,2100,2100,2100,2100,2100,2100,3953,7,58,184.9496187700822,0.5227000219747424,2133.6112999124452,2670.448520111308
1769375583,4,,Aggregated,1.800000,0.000000,58,89,98,100,120,2100,2100,2100,2100,2100,2100,3954,7,58,184.93477645377004,0.5227000219747424,2133.6112999124452,2670.846990389479
1769375584,4,,Aggregated,1.900000,0.000000,58,89,98,100,120,2100,2100,2100,2100,2100,2100,3956,7,58,184.877212739676,0.5227000219747424,2133.6112999124452,2670.0270475227503
1769375585,4,,Aggregated,1.800000,0.000000,58,89,98,100,120,2100,2100,2100,2100,2100,2100,3959,7,58,184.79231184596762,0.5227000219747424,2133.6112999124452,2670.315231118969
1769375586,4,,Aggregated,1.800000,0.000000,58,89,98,100,120,2100,2100,2100,2100,2100,2100,3962,7,58,185.23565302831545,0.5227000219747424,2133.6112999124452,2670.0787481070165
1769375587,4,,Aggregated,1.800000,0.000000,58,89,98,100,120,2100,2100,2100,2100,2100,2100,3963,7,58,185.2002737567723,0.5227000219747424,2133.6112999124452,2670.024224072672
1769375588,4,,Aggregated,2.000000,0.000000,58,89,98,100,120,2100,2100,2100,2100,2100,2100,3965,7,58,185.13742317733312,0.5227000219747424,2133.6112999124452,2670.035056746532
1769375589,4,,Aggregated,1.900000,0.000000,58,89,98,100,120,2100,2100,2100,2100,2100,2100,3966,7,58,185.10740953056114,0.5227000219747424,2133.6112999124452,2670.6227937468484
1769375590,4,,Aggregated,2.000000,0.000000,58,89,98,100,120,2100,2100,2100,2100,2100,2100,3967,7,58,185.07868401769724,0.5227000219747424,2133.6112999124452,2670.641290647845
1769375591,4,,Aggregated,1.900000,0.000000,58,89,98,100,120,2100,2100,2100,2100,2100,2100,3969,7,58,185.0106009317897,0.5227000219747424,2133.6112999124452,2670.5459813555053
1769375592,4,,Aggregated,1.900000,0.000000,58,89,98,100,120,2100,2100,2100,2100,2100,2100,3969,7,58,185.0106009317897,0.5227000219747424,2133.6112999124452,2670.5459813555053
1769375593,4,,Aggregated,2.100000,0.000000,58,89,98,100,120,2100,2100,2100,2100,2100,2100,3970,7,58,184.9799239038553,0.5227000219747424,2133.6112999124452,2670.5
1769375594,4,,Aggregated,1.800000,0.000000,58,89,98,100,120,2100,2100,2100,2100,2100,2100,3976,7,58,184.84378682052548,0.5227000219747424,2133.6112999124452,2669.661217303823
1769375595,4,,Aggregated,1.800000,0.000000,58,89,98,100,120,2100,2100,2100,2100,2100,2100,3976,7,58,184.84378682052548,0.5227000219747424,2133.6112999124452,2669.661217303823
1769375596,4,,Aggregated,1.900000,0.000000,58,89,98,100,120,2100,2100,2100,2100,2100,2100,3979,7,58,184.7664509420034,0.5227000219747424,2133.6112999124452,2669.242774566474
1769375597,4,,Aggregated,1.800000,0.000000,58,89,98,100,120,2100,2100,2100,2100,2100,2100,3982,7,58,184.68609038128324,0.5227000219747424,2133.6112999124452,2668.835760924159
1769375598,4,,Aggregated,1.800000,0.000000,58,89,98,100,120,2100,2100,2100,2100,2100,2100,3984,7,58,185.1528173188766,0.5227000219747424,2133.6112999124452,2668.8995983935743
1769375599,4,,Aggregated,1.800000,0.000000,58,89,98,100,120,2100,2100,2100,2100,2100,2100,3986,7,58,185.0915814847912,0.5227000219747424,2133.6112999124452,2668.8635223281485
1769375600,4,,Aggregated,2.000000,0.000000,58,89,98,100,120,2100,2100,2100,2100,2100,2100,3987,7,58,185.06406842198237,0.5227000219747424,2133.6112999124452,2668.854778028593
1769375601,4,,Aggregated,1.900000,0.000000,58,89,98,100,120,2100,2100,2100,2100,2100,2100,3988,7,58,185.03041501967806,0.5227000219747424,2133.6112999124452,2669.4395687061183
1769375602,4,,Aggregated,2.000000,0.000000,58,89,98,100,120,2100,2100,2100,2100,2100,2100,3990,7,58,184.9685659144251,0.5227000219747424,2133.6112999124452,2669.4112781954886
1769375603,4,,Aggregated,1.900000,0.000000,58,89,98,100,120,2100,2100,2100,2100,2100,2100,3991,7,58,184.94418997709474,0.5227000219747424,2133.6112999124452,2669.3628163367575
1769375604,4,,Aggregated,1.900000,0.000000,58,89,98,100,120,2100,2100,2100,2100,2100,2100,3991,7,58,184.94418997709474,0.5227000219747424,2133.6112999124452,2669.3628163367575
1769375605,4,,Aggregated,2.100000,0.000000,58,89,98,100,120,2100,2100,2100,2100,2100,2100,3993,7,58,184.87515479552258,0.5227000219747424,2133.6112999124452,2668.80265464563
1769375606,4,,Aggregated,1.800000,0.000000,58,89,98,100,120,2100,2100,2100,2100,2100,2100,3998,7,58,184.7779895694078,0.5227000219747424,2133.6112999124452,2668.484492246123
1769375607,4,,Aggregated,1.800000,0.000000,58,89,98,100,120,2100,2100,2100,2100,2100,2100,3998,7,58,184.7779895694078,0.5227000219747424,2133.6112999124452,2668.484492246123
1769375608,4,,Aggregated,1.900000,0.000000,58,89,98,100,120,2100,2100,2100,2100,2100,2100,4002,7,58,184.67418788066567,0.5227000219747424,2133.6112999124452,2668.015992003998
1769375609,4,,Aggregated,1.800000,0.000000,58,89,98,100,120,2100,2100,2100,2100,2100,2100,4006,7,58,185.08789570605396,0.5227000219747424,2133.6112999124452,2667.729655516725
1769375610,4,,Aggregated,1.800000,0.000000,58,89,98,100,120,2100,2100,2100,2100,2100,2100,4006,7,58,185.08789570605396,0.5227000219747424,2133.6112999124452,2667.729655516725
1769375611,4,,Aggregated,1.800000,0.000000,58,89,98,100,120,2100,2100,2100,2100,2100,2100,4008,7,58,185.0259834077923,0.5227000219747424,2133.6112999124452,2667.694860279441
1769375612,4,,Aggregated,2.000000,0.000000,58,89,98,100,120,2100,2100,2100,2100,2100,2100,4009,7,58,184.9966759287726,0.5227000219747424,2133.6112999124452,2667.687702668995
1769375613,4,,Aggregated,1.900000,0.000000,58,89,98,100,120,2100,2100,2100,2100,2100,2100,4010,7,58,184.9633559098344,0.5227000219747424,2133.6112999124452,2668.2695760598504
1769375614,4,,Aggregated,2.000000,0.000000,58,89,98,100,120,2100,2100,2100,2100,2100,2100,4012,7,58,184.90079252202767,0.5227000219747424,2133.6112999124452,2668.241774675972
1769375615,4,,Aggregated,1.900000,0.000000,58,89,98,100,120,2100,2100,2100,2100,2100,2100,4013,7,58,184.86864629912674,0.5227000219747424,2133.6112999124452,2668.193620732619
1769375616,4,,Aggregated,1.900000,0.000000,58,89,98,100,120,2100,2100,2100,2100,2100,2100,4013,7,58,184.86864629912674,0.5227000219747424,2133.6112999124452,2668.193620732619
1769375617,4,,Aggregated,2.100000,0.000000,58,89,98,100,120,2100,2100,2100,2100,2100,2100,4016,7,58,184.78977626949768,0.5227000219747424,2133.6112999124452,2667.3426294820715
1769375618,4,,Aggregated,1.800000,0.000000,58,89,98,100,120,2100,2100,2100,2100,2100,2100,4020,7,58,184.70357126821023,0.5227000219747424,2133.6112999124452,2667.3228855721395
1769375619,4,,Aggregated,1.800000,0.000000,58,89,98,100,120,2100,2100,2100,2100,2100,2100,4020,7,58,184.70357126821023,0.5227000219747424,2133.6112999124452,2667.3228855721395
1769375620,4,,Aggregated,1.900000,0.000000,58,89,98,100,120,2100,2100,2100,2100,2100,2100,4024,7,58,184.59860434848608,0.5227000219747424,2133.6112999124452,2666.8561133200797
1769375621,4,,Aggregated,1.800000,0.000000,58,89,99,100,120,2100,2100,2100,2100,2100,2100,4028,7,58,185.00655024780525,0.5227000219747424,2133.6112999124452,2666.5712512413106
1769375622,4,,Aggregated,1.800000,0.000000,58,89,99,100,120,2100,2100,2100,2100,2100,2100,4028,7,58,185.00655024780525,0.5227000219747424,2133.6112999124452,2666.5712512413106
1769375623,4,,Aggregated,1.800000,0.000000,58,89,99,100,120,2100,2100,2100,2100,2100,2100,4030,7,58,184.94407769186287,0.5227000219747424,2133.6112999124452,2666.5372208436725
1769375624,4,,Aggregated,2.000000,0.000000,58,89,99,100,120,2100,2100,2100,2100,2100,2100,4031,7,58,184.9153305627015,0.5227000219747424,2133.6112999124452,2666.5303894815183
1769375625,4,,Aggregated,1.900000,0.000000,58,89,99,100,120,2100,2100,2100,2100,2100,2100,4032,7,58,184.88320369498172,0.5227000219747424,2133.6112999124452,2667.109375
1769375626,4,,Aggregated,2.000000,0.000000,58,89,98,100,120,2100,2100,2100,2100,2100,2100,4034,7,58,184.81844400052128,0.5227000219747424,2133.6112999124452,2667.0820525532968
1769375627,4,,Aggregated,1.900000,0.000000,58,89,98,100,120,2100,2100,2100,2100,2100,2100,4035,7,58,184.78665563769528,0.5227000219747424,2133.6112999124452,2667.0344485749692
1769375628,4,,Aggregated,1.900000,0.000000,58,89,98,100,120,2100,2100,2100,2100,2100,2100,4035,7,58,184.78665563769528,0.5227000219747424,2133.6112999124452,2667.0344485749692
1769375629,4,,Aggregated,2.100000,0.000000,58,89,99,100,120,2100,2100,2100,2100,2100,2100,4039,7,58,184.69016093042003,0.5227000219747424,2133.6112999124452,2666.5798464966574
1769375630,4,,Aggregated,1.800000,0.000000,58,89,99,100,120,2100,2100,2100,2100,2100,2100,4042,7,58,184.61736585798695,0.5227000219747424,2133.6112999124452,2666.1702127659573
1769375631,4,,Aggregated,1.800000,0.000000,58,89,99,100,120,2100,2100,2100,2100,2100,2100,4042,7,58,184.61736585798695,0.5227000219747424,2133.6112999124452,2666.1702127659573
1769375632,4,,Aggregated,1.900000,0.000000,58,89,99,100,120,2100,2100,2100,2100,2100,2100,4046,7,58,184.5186743444765,0.5227000219747424,2133.6112999124452,2665.7071181413744
1769375633,4,,Aggregated,1.800000,0.000000,58,89,99,100,120,2100,2100,2100,2100,2100,2100,4050,7,58,184.92681469084167,0.5227000219747424,2133.6112999124452,2665.424938271605
1769375634,4,,Aggregated,1.800000,0.000000,58,89,99,100,120,2100,2100,2100,2100,2100,2100,4050,7,58,184.92681469084167,0.5227000219747424,2133.6112999124452,2665.424938271605
1769375635,4,,Aggregated,1.800000,0.000000,58,89,99,100,120,2100,2100,2100,2100,2100,2100,4052,7,58,184.85754666782626,0.5227000219747424,2133.6112999124452,2665.3916584402764
1769375636,4,,Aggregated,2.000000,0.000000,58,89,99,100,120,2100,2100,2100,2100,2100,2100,4053,7,58,184.8244229701568,0.5227000219747424,2133.6112999124452,2665.3841598815693
1769375637,4,,Aggregated,1.900000,0.000000,58,89,99,100,120,2100,2100,2100,2100,2100,2100,4054,7,58,184.79575402023877,0.5227000219747424,2133.6112999124452,2665.9602861371486
1769375638,4,,Aggregated,2.000000,0.000000,58,89,99,100,120,2100,2100,2100,2100,2100,2100,4056,7,58,184.73308818989193,0.5227000219747424,2133.6112999124452,2665.9336785009864
1769375639,4,,Aggregated,1.900000,0.000000,58,89,99,100,120,2100,2100,2100,2100,2100,2100,4057,7,58,184.7041600439142,0.5227000219747424,2133.6112999124452,2665.886615725906
1769375640,4,,Aggregated,1.900000,0.000000,58,89,99,100,120,2100,2100,2100,2100,2100,2100,4057,7,58,184.7041600439142,0.5227000219747424,2133.6112999124452,2665.886615725906
1769375641,4,,Aggregated,2.100000,0.000000,58,89,99,100,120,2100,2100,2100,2100,2100,2100,4061,7,58,184.60045922139366,0.5227000219747424,2133.6112999124452,2665.4356069933515
1769375642,4,,Aggregated,1.800000,0.000000,58,89,99,100,120,2100,2100,2100,2100,2100,2100,4064,7,58,184.53995642175153,0.5227000219747424,2133.6112999124452,2665.029035433071
1769375643,4,,Aggregated,1.800000,0.000000,58,89,99,100,120,2100,2100,2100,2100,2100,2100,4064,7,58,184.53995642175153,0.5227000219747424,2133.6112999124452,2665.029035433071
1769375644,4,,Aggregated,1.900000,0.000000,58,89,99,100,120,2100,2100,2100,2100,2100,2100,4068,7,58,184.4363063662551,0.5227000219747424,2133.6112999124452,2664.5712881022614
1769375645,4,,Aggregated,1.800000,0.000000,58,89,99,100,120,2100,2100,2100,2100,2100,2100,4072,7,58,184.8315006624992,0.5227000219747424,2133.6112999124452,2664.2917485265225
1769375646,4,,Aggregated,1.800000,0.000000,58,89,99,100,120,2100,2100,2100,2100,2100,2100,4072,7,58,184.8315006624992,0.5227000219747424,2133.6112999124452,2664.2917485265225
1769375647,4,,Aggregated,1.800000,0.000000,58,89,99,100,120,2100,2100,2100,2100,2100,2100,4074,7,58,184.77231681337864,0.5227000219747424,2133.6112999124452,2664.2584683357877
1769375648,4,,Aggregated,2.000000,0.000000,58,89,99,100,120,2100,2100,2100,2100,2100,2100,4075,7,58,184.74339813439667,0.5227000219747424,2133.6112999124452,2664.2510429447852
1769375649,4,,Aggregated,1.900000,0.000000,58,89,99,100,120,2100,2100,2100,2100,2100,2100,4076,7,58,184.71251035271277,0.5227000219747424,2133.6112999124452,2664.8243375858683
1769375650,4,,Aggregated,2.000000,0.000000,58,89,99,100,120,2100,2100,2100,2100,2100,2100,4078,7,58,184.64562373653524,0.5227000219747424,2133.6112999124452,2664.7994114762137
1769375651,4,,Aggregated,1.900000,0.000000,58,89,99,100,120,2100,2100,2100,2100,2100,2100,4079,7,58,184.6121208378431,0.5227000219747424,2133.6112999124452,2664.752880607992
1769375652,4,,Aggregated,1.900000,0.000000,58,89,99,100,120,2100,2100,2100,2100,2100,2100,4079,7,58,184.6121208378431,0.5227000219747424,2133.6112999124452,2664.752880607992
1769375653,4,,Aggregated,2.100000,0.000000,58,89,99,100,120,2100,2100,2100,2100,2100,2100,4083,7,58,184.51476945818254,0.5227000219747424,2133.6112999124452,2664.30541268675
1769375654,4,,Aggregated,1.800000,0.000000,58,89,99,100,120,2100,2100,2100,2100,2100,2100,4086,7,58,184.45054187417273,0.5227000219747424,2133.6112999124452,2663.9018600097897
1769375655,4,,Aggregated,1.800000,0.000000,58,89,99,100,120,2100,2100,2100,2100,2100,2100,4086,7,58,184.45054187417273,0.5227000219747424,2133.6112999124452,2663.9018600097897
1769375656,4,,Aggregated,1.900000,0.000000,58,89,99,100,120,2100,2100,2100,2100,2100,2100,4090,7,58,184.35193300679836,0.5227000219747424,2133.6112999124452,2663.4459657701714
1769375657,4,,Aggregated,1.800000,0.000000,58,89,99,100,120,2100,2100,2100,2100,2100,2100,4094,7,58,184.74351790371708,0.5227000219747424,2133.6112999124452,2663.1702491450906
1769375658,4,,Aggregated,1.800000,0.000000,58,89,99,100,120,2100,2100,2100,2100,2100,2100,4094,7,58,184.74351790371708,0.5227000219747424,2133.6112999124452,2663.1702491450906
1769375659,4,,Aggregated,1.800000,0.000000,58,89,99,100,120,2100,2100,2100,2100,2100,2100,4096,7,58,184.6819659418486,0.5227000219747424,2133.6112999124452,2663.13671875
1769375660,4,,Aggregated,2.000000,0.000000,58,89,99,100,120,2100,2100,2100,2100,2100,2100,4097,7,58,184.6532194283244,0.5227000219747424,2133.6112999124452,2663.1308274347084
1769375661,4,,Aggregated,1.900000,0.000000,58,89,99,100,120,2100,2100,2100,2100,2100,2100,4098,7,58,184.62212623179727,0.5227000219747424,2133.6112999124452,2663.701317715959
1769375662,4,,Aggregated,2.000000,0.000000,58,89,99,100,120,2100,2100,2100,2100,2100,2100,4100,7,58,184.5603990482689,0.5227000219747424,2133.6112999124452,2663.6756097560974
1769375663,4,,Aggregated,1.900000,0.000000,58,89,99,100,120,2100,2100,2100,2100,2100,2100,4101,7,58,184.53202045789922,0.5227000219747424,2133.6112999124452,2663.629602535967
1769375665,4,,Aggregated,1.900000,0.000000,58,89,99,100,120,2100,2100,2100,2100,2100,2100,4101,7,58,184.53202045789922,0.5227000219747424,2133.6112999124452,2663.629602535967
1769375666,4,,Aggregated,2.100000,0.000000,58,89,99,100,120,2100,2100,2100,2100,2100,2100,4105,7,58,184.42976833080098,0.5227000219747424,2133.6112999124452,2663.1848964677224
1769375667,4,,Aggregated,1.800000,0.000000,58,89,99,100,120,2100,2100,2100,2100,2100,2100,4108,7,58,184.359150705434,0.5227000219747424,2133.6112999124452,2662.784323271665
1769375668,4,,Aggregated,1.800000,0.000000,58,89,99,100,120,2100,2100,2100,2100,2100,2100,4108,7,58,184.359150705434,0.5227000219747424,2133.6112999124452,2662.784323271665
1769375669,4,,Aggregated,1.900000,0.000000,59,89,99,100,120,2100,2100,2100,2100,2100,2100,4112,7,58,184.26137273782498,0.5227000219747424,2133.6112999124452,2662.3336575875487
1769375670,4,,Aggregated,1.800000,0.000000,59,89,99,100,120,2100,2100,2100,2100,2100,2100,4116,7,59,184.6452537896107,0.5227000219747424,2133.6112999124452,2662.059280855199
1769375671,4,,Aggregated,1.800000,0.000000,59,89,99,100,120,2100,2100,2100,2100,2100,2100,4116,7,59,184.6452537896107,0.5227000219747424,2133.6112999124452,2662.059280855199
1769375672,4,,Aggregated,1.800000,0.000000,59,89,99,100,120,2100,2100,2100,2100,2100,2100,4118,7,59,184.58831993639768,0.5227000219747424,2133.6112999124452,2662.0276833414277
1769375673,4,,Aggregated,2.000000,0.000000,59,89,99,100,120,2100,2100,2100,2100,2100,2100,4119,7,59,184.5582107303139,0.5227000219747424,2133.6112999124452,2662.0220927409564
1769375674,4,,Aggregated,1.900000,0.000000,59,89,99,100,120,2100,2100,2100,2100,2100,2100,4120,7,59,184.52891575198538,0.5227000219747424,2133.6112999124452,2662.589805825243
1769375675,4,,Aggregated,1.900000,0.000000,59,89,99,100,120,2100,2100,2100,2100,2100,2100,4123,7,59,184.43687251956942,0.5227000219747424,2133.6112999124452,2662.5204947853504
1769375676,4,,Aggregated,1.900000,0.000000,59,89,99,100,120,2100,2100,2100,2100,2100,2100,4123,7,59,184.43687251956942,0.5227000219747424,2133.6112999124452,2662.5204947853504
1769375677,4,,Aggregated,2.100000,0.000000,59,89,99,100,120,2100,2100,2100,2100,2100,2100,4124,7,59,184.4031108385704,0.5227000219747424,2133.6112999124452,2662.478176527643
1769375678,4,,Aggregated,1.800000,0.000000,59,89,99,100,120,2100,2100,2100,2100,2100,2100,4128,7,59,184.30575423895056,0.5227000219747424,2133.6112999124452,2661.5843023255816
1769375679,4,,Aggregated,1.800000,0.000000,59,89,99,100,120,2100,2100,2100,2100,2100,2100,4130,7,59,184.27443016908464,0.5227000219747424,2133.6112999124452,2661.6823244552056
1769375680,4,,Aggregated,1.900000,0.000000,59,89,99,100,120,2100,2100,2100,2100,2100,2100,4131,7,59,184.24151135278612,0.5227000219747424,2133.6112999124452,2661.187121762285
1769375681,4,,Aggregated,1.800000,0.000000,59,89,99,100,120,2100,2100,2100,2100,2100,2100,4135,7,59,184.14833165619055,0.5227000219747424,2133.6112999124452,2661.183071342201
1769375682,4,,Aggregated,1.800000,0.000000,59,89,99,100,120,2100,2100,2100,2100,2100,2100,4138,7,59,184.56881752012274,0.5227000219747424,2133.6112999124452,2660.963267278879
1769375683,4,,Aggregated,1.800000,0.000000,59,89,99,100,120,2100,2100,2100,2100,2100,2100,4139,7,59,184.53799826002452,0.5227000219747424,2133.6112999124452,2660.913264073448
1769375684,4,,Aggregated,2.000000,0.000000,59,89,99,100,120,2100,2100,2100,2100,2100,2100,4141,7,59,184.48078681434154,0.5227000219747424,2133.6112999124452,2660.925621830476
1769375685,4,,Aggregated,1.900000,0.000000,59,89,99,100,120,2100,2100,2100,2100,2100,2100,4142,7,59,184.45261091216818,0.5227000219747424,2133.6112999124452,2661.4905842588123
1769375686,4,,Aggregated,2.000000,0.000000,59,89,99,100,120,2100,2100,2100,2100,2100,2100,4143,7,59,184.42272449871797,0.5227000219747424,2133.6112999124452,2661.5095341539945
1769375687,4,,Aggregated,1.900000,0.000000,59,89,99,100,120,2100,2100,2100,2100,2100,2100,4145,7,59,184.3590252348014,0.5227000219747424,2133.6112999124452,2661.4229191797344
1769375688,4,,Aggregated,1.900000,0.000000,59,89,99,100,120,2100,2100,2100,2100,2100,2100,4145,7,59,184.3590252348014,0.5227000219747424,2133.6112999124452,2661.4229191797344
1769375689,4,,Aggregated,2.100000,0.000000,59,89,99,100,120,2100,2100,2100,2100,2100,2100,4146,7,59,184.32843478008934,0.5227000219747424,2133.6112999124452,2661.3810902074288
1769375690,4,,Aggregated,1.800000,0.000000,59,89,99,100,120,2100,2100,2100,2100,2100,2100,4149,7,59,184.25292865705745,0.5227000219747424,2133.6112999124452,2660.110870089178
1769375691,4,,Aggregated,1.800000,0.000000,59,89,99,100,120,2100,2100,2100,2100,2100,2100,4150,7,59,184.23547946943353,0.5227000219747424,2133.6112999124452,2660.4930120481927
1769375692,4,,Aggregated,1.700000,0.000000,59,89,99,100,120,2100,2100,2100,2100,2100,2100,4154,7,59,184.63687845402643,0.5227000219747424,2133.6112999124452,2659.8151179585943
1769375693,4,,Aggregated,1.600000,0.000000,59,89,99,100,120,2100,2100,2100,2100,2100,2100,4158,7,59,184.54476839776754,0.5227000219747424,2133.6112999124452,2659.8119288119287
1769375694,4,,Aggregated,1.600000,0.000000,59,89,99,100,120,2100,2100,2100,2100,2100,2100,4160,7,59,184.98345848504238,0.5227000219747424,2133.6112999124452,2659.877403846154
1769375695,4,,Aggregated,1.800000,0.000000,59,89,99,100,120,2100,2100,2100,2100,2100,2100,4161,7,59,184.95175003552976,0.5227000219747424,2133.6112999124452,2659.8281663061766
1769375696,4,,Aggregated,2.000000,0.000000,59,89,99,100,120,2100,2100,2100,2100,2100,2100,4163,7,59,184.8894533024058,0.5227000219747424,2133.6112999124452,2659.841940907999
1769375697,4,,Aggregated,1.900000,0.000000,59,89,99,100,120,2100,2100,2100,2100,2100,2100,4164,7,59,184.85894685350118,0.5227000219747424,2133.6112999124452,2660.4041786743514
1769375698,4,,Aggregated,2.000000,0.000000,59,89,99,100,120,2100,2100,2100,2100,2100,2100,4165,7,59,184.8314160379354,0.5227000219747424,2133.6112999124452,2660.423769507803
1769375699,4,,Aggregated,1.900000,0.000000,59,89,99,100,120,2100,2100,2100,2100,2100,2100,4167,7,59,184.7726723777306,0.5227000219747424,2133.6112999124452,2660.337173026158
1769375700,4,,Aggregated,1.900000,0.000000,59,89,99,100,120,2100,2100,2100,2100,2100,2100,4167,7,59,184.7726723777306,0.5227000219747424,2133.6112999124452,2660.337173026158
1769375701,4,,Aggregated,2.100000,0.000000,59,89,99,100,120,2100,2100,2100,2100,2100,2100,4168,7,59,184.7426762711156,0.5227000219747424,2133.6112999124452,2660.295345489443
1769375702,4,,Aggregated,2.000000,0.000000,59,89,99,100,120,2100,2100,2100,2100,2100,2100,4172,7,59,184.640844965984,0.5227000219747424,2133.6112999124452,2659.412991371045
1769375703,4,,Aggregated,2.000000,0.000000,59,89,99,100,120,2100,2100,2100,2100,2100,2100,4172,7,59,184.640844965984,0.5227000219747424,2133.6112999124452,2659.412991371045
1769375704,4,,Aggregated,1.900000,0.000000,59,89,99,100,120,2100,2100,2100,2100,2100,2100,4176,7,59,185.01932420931763,0.5227000219747424,2133.6112999124452,2658.972701149425
1769375705,4,,Aggregated,1.600000,0.000000,59,89,99,100,120,2100,2100,2100,2100,2100,2100,4180,7,59,185.42110133923381,0.5227000219747424,2133.6112999124452,2658.7057416267944
1769375706,4,,Aggregated,1.200000,0.000000,59,89,99,100,120,2100,2100,2100,2100,2100,2100,4182,7,59,185.86476494452708,0.5227000219747424,2133.6112999124452,2658.8039215686276
1769375707,4,,Aggregated,1.600000,0.000000,59,89,99,100,120,2100,2100,2100,2100,2100,2100,4184,7,59,185.80102722228298,0.5227000219747424,2133.6112999124452,2658.775573613767
1769375708,4,,Aggregated,1.800000,0.000000,59,89,99,100,120,2100,2100,2100,2100,2100,2100,4185,7,59,185.7718148621204,0.5227000219747424,2133.6112999124452,2658.7696535244922
1769375709,4,,Aggregated,1.900000,0.000000,59,89,99,100,120,2100,2100,2100,2100,2100,2100,4186,7,59,185.74850508790018,0.5227000219747424,2133.6112999124452,2659.3291925465837
1769375710,4,,Aggregated,2.000000,0.000000,59,89,99,100,120,2100,2100,2100,2100,2100,2100,4188,7,59,185.6872506203464,0.5227000219747424,2133.6112999124452,2659.3070678127983
1769375711,4,,Aggregated,1.900000,0.000000,59,89,99,100,120,2100,2100,2100,2100,2100,2100,4189,7,59,185.65645817571422,0.5227000219747424,2133.6112999124452,2659.263308665553
1769375712,4,,Aggregated,1.900000,0.000000,59,89,99,100,120,2100,2100,2100,2100,2100,2100,4189,7,59,185.65645817571422,0.5227000219747424,2133.6112999124452,2659.263308665553
1769375713,4,,Aggregated,2.100000,0.000000,59,89,99,100,120,2100,2100,2100,2100,2100,2100,4192,7,59,185.57594792416052,0.5227000219747424,2133.6112999124452,2658.4534828244273
1769375714,4,,Aggregated,1.800000,0.000000,59,89,99,100,120,2100,2100,2100,2100,2100,2100,4196,7,59,185.4899682550051,0.5227000219747424,2133.6112999124452,2658.4430409914203
1769375715,4,,Aggregated,1.800000,0.000000,59,89,99,100,120,2100,2100,2100,2100,2100,2100,4196,7,59,185.4899682550051,0.5227000219747424,2133.6112999124452,2658.4430409914203
1769375716,4,,Aggregated,2.100000,0.000000,59,89,99,100,120,2100,2100,2100,2100,2100,2100,4200,7,59,185.39528926144288,0.5227000219747424,2133.6112999124452,2658.0059523809523
1769375717,4,,Aggregated,2.000000,0.000000,59,90,99,100,120,2100,2100,2100,2100,2100,2100,4204,7,59,185.7846405085856,0.5227000219747424,2133.6112999124452,2657.7416745956234
1769375718,4,,Aggregated,2.000000,0.000000,59,90,99,100,120,2100,2100,2100,2100,2100,2100,4204,7,59,185.7846405085856,0.5227000219747424,2133.6112999124452,2657.7416745956234
1769375719,4,,Aggregated,1.800000,0.000000,59,89,99,100,120,2100,2100,2100,2100,2100,2100,4206,7,59,185.72961861583,0.5227000219747424,2133.6112999124452,2657.712077983833
1769375720,4,,Aggregated,2.000000,0.000000,59,89,99,100,120,2100,2100,2100,2100,2100,2100,4207,7,59,185.69812410224839,0.5227000219747424,2133.6112999124452,2657.706679343951
1769375721,4,,Aggregated,1.900000,0.000000,59,89,99,100,120,2100,2100,2100,2100,2100,2100,4208,7,59,185.66518514690443,0.5227000219747424,2133.6112999124452,2658.2635456273765
1769375722,4,,Aggregated,2.000000,0.000000,59,89,99,100,120,2100,2100,2100,2100,2100,2100,4210,7,59,185.6067325886684,0.5227000219747424,2133.6112999124452,2658.2420427553443
1769375723,4,,Aggregated,1.900000,0.000000,59,89,99,100,120,2100,2100,2100,2100,2100,2100,4211,7,59,185.5751436471714,0.5227000219747424,2133.6112999124452,2658.198527665638
1769375724,4,,Aggregated,1.900000,0.000000,59,89,99,100,120,2100,2100,2100,2100,2100,2100,4211,7,59,185.5751436471714,0.5227000219747424,2133.6112999124452,2658.198527665638
1769375725,4,,Aggregated,2.100000,0.000000,59,89,99,100,120,2100,2100,2100,2100,2100,2100,4215,7,59,185.47769145866633,0.5227000219747424,2133.6112999124452,2657.770581257414
1769375726,4,,Aggregated,1.800000,0.000000,59,89,99,100,120,2100,2100,2100,2100,2100,2100,4218,7,59,185.41618288248898,0.5227000219747424,2133.6112999124452,2657.3843053579894
1769375727,4,,Aggregated,1.800000,0.000000,59,89,99,100,120,2100,2100,2100,2100,2100,2100,4218,7,59,185.41618288248898,0.5227000219747424,2133.6112999124452,2657.3843053579894
1769375728,4,,Aggregated,1.900000,0.000000,59,90,99,100,120,2100,2100,2100,2100,2100,2100,4222,7,59,185.32503071961412,0.5227000219747424,2133.6112999124452,2656.9504973945996
1769375729,4,,Aggregated,1.800000,0.000000,59,90,99,100,120,2100,2100,2100,2100,2100,2100,4226,7,59,185.71145958309023,0.5227000219747424,2133.6112999124452,2656.6883577851395
1769375730,4,,Aggregated,1.800000,0.000000,59,90,99,100,120,2100,2100,2100,2100,2100,2100,4226,7,59,185.71145958309023,0.5227000219747424,2133.6112999124452,2656.6883577851395
1769375731,4,,Aggregated,1.800000,0.000000,59,90,99,100,120,2100,2100,2100,2100,2100,2100,4228,7,59,185.65472771949774,0.5227000219747424,2133.6112999124452,2656.660122989593
1769375732,4,,Aggregated,2.000000,0.000000,59,90,99,100,120,2100,2100,2100,2100,2100,2100,4229,7,59,185.6242682662627,0.5227000219747424,2133.6112999124452,2656.6547647197917
1769375733,4,,Aggregated,1.900000,0.000000,59,90,99,100,120,2100,2100,2100,2100,2100,2100,4230,7,59,185.59749855744667,0.5227000219747424,2133.6112999124452,2657.208983451537
1769375734,4,,Aggregated,2.000000,0.000000,59,90,99,100,120,2100,2100,2100,2100,2100,2100,4232,7,59,185.54028102504518,0.5227000219747424,2133.6112999124452,2657.188563327032
1769375735,4,,Aggregated,1.900000,0.000000,59,89,99,100,120,2100,2100,2100,2100,2100,2100,4233,7,59,185.5107115988604,0.5227000219747424,2133.6112999124452,2657.145523269549
1769375736,4,,Aggregated,1.900000,0.000000,59,89,99,100,120,2100,2100,2100,2100,2100,2100,4233,7,59,185.5107115988604,0.5227000219747424,2133.6112999124452,2657.145523269549
1769375737,4,,Aggregated,2.100000,0.000000,59,90,99,100,120,2100,2100,2100,2100,2100,2100,4237,7,59,185.4170253004128,0.5227000219747424,2133.6112999124452,2656.721501062072
1769375738,4,,Aggregated,1.800000,0.000000,59,90,99,100,120,2100,2100,2100,2100,2100,2100,4240,7,59,185.35335695701608,0.5227000219747424,2133.6112999124452,2656.337971698113
1769375739,4,,Aggregated,1.800000,0.000000,59,90,99,100,120,2100,2100,2100,2100,2100,2100,4240,7,59,185.35335695701608,0.5227000219747424,2133.6112999124452,2656.337971698113
1769375740,4,,Aggregated,1.900000,0.000000,59,90,99,100,120,2100,2100,2100,2100,2100,2100,4244,7,59,185.26540666765513,0.5227000219747424,2133.6112999124452,2655.90739868049
1769375741,4,,Aggregated,1.800000,0.000000,59,90,99,100,120,2100,2100,2100,2100,2100,2100,4248,7,59,185.65014253709515,0.5227000219747424,2133.6112999124452,2655.6475988700563
1769375742,4,,Aggregated,1.800000,0.000000,59,90,99,100,120,2100,2100,2100,2100,2100,2100,4248,7,59,185.65014253709515,0.5227000219747424,2133.6112999124452,2655.6475988700563
1769375743,4,,Aggregated,1.800000,0.000000,59,90,99,100,120,2100,2100,2100,2100,2100,2100,4250,7,59,185.58693103473087,0.5227000219747424,2133.6112999124452,2655.62
1769375744,4,,Aggregated,2.000000,0.000000,59,90,99,100,120,2100,2100,2100,2100,2100,2100,4251,7,59,185.55753994299857,0.5227000219747424,2133.6112999124452,2655.6151493766174
1769375745,4,,Aggregated,1.900000,0.000000,59,90,99,100,120,2100,2100,2100,2100,2100,2100,4252,7,59,185.52871947263273,0.5227000219747424,2133.6112999124452,2656.1667450611476
1769375746,4,,Aggregated,2.000000,0.000000,59,90,99,100,120,2100,2100,2100,2100,2100,2100,4254,7,59,185.4681273854511,0.5227000219747424,2133.6112999124452,2656.146215326751
1769375747,4,,Aggregated,1.900000,0.000000,59,90,99,100,120,2100,2100,2100,2100,2100,2100,4255,7,59,185.4387984953637,0.5227000219747424,2133.6112999124452,2656.103642773208
1769375748,4,,Aggregated,1.900000,0.000000,59,90,99,100,120,2100,2100,2100,2100,2100,2100,4255,7,59,185.4387984953637,0.5227000219747424,2133.6112999124452,2656.103642773208
1769375749,4,,Aggregated,2.100000,0.000000,59,90,99,100,120,2100,2100,2100,2100,2100,2100,4259,7,59,185.34190009338144,0.5227000219747424,2133.6112999124452,2655.6823197933786
1769375750,4,,Aggregated,1.800000,0.000000,59,90,99,100,120,2100,2100,2100,2100,2100,2100,4262,7,59,185.2768734860927,0.5227000219747424,2133.6112999124452,2655.3015016424215
1769375751,4,,Aggregated,1.800000,0.000000,59,90,99,100,120,2100,2100,2100,2100,2100,2100,4262,7,59,185.2768734860927,0.5227000219747424,2133.6112999124452,2655.3015016424215
1769375752,4,,Aggregated,1.900000,0.000000,59,90,99,100,120,2100,2100,2100,2100,2100,2100,4266,7,59,185.1854431077788,0.5227000219747424,2133.6112999124452,2654.8741209563996
1769375753,4,,Aggregated,1.800000,0.000000,59,90,99,100,120,2100,2100,2100,2100,2100,2100,4270,7,59,185.5647545896222,0.5227000219747424,2133.6112999124452,2654.6166276346603
1769375754,4,,Aggregated,1.800000,0.000000,59,90,99,100,120,2100,2100,2100,2100,2100,2100,4270,7,59,185.5647545896222,0.5227000219747424,2133.6112999124452,2654.6166276346603
1769375755,4,,Aggregated,1.800000,0.000000,59,90,99,100,120,2100,2100,2100,2100,2100,2100,4272,7,59,185.5062790959125,0.5227000219747424,2133.6112999124452,2654.5894194756556
1769375756,4,,Aggregated,2.000000,0.000000,59,90,99,100,120,2100,2100,2100,2100,2100,2100,4273,7,59,185.4766290422909,0.5227000219747424,2133.6112999124452,2654.5857711209924
1769375757,4,,Aggregated,1.900000,0.000000,59,90,99,100,120,2100,2100,2100,2100,2100,2100,4274,7,59,185.4480589606185,0.5227000219747424,2133.6112999124452,2655.1347683668696
1769375758,4,,Aggregated,2.000000,0.000000,59,90,99,100,120,2100,2100,2100,2100,2100,2100,4276,7,59,185.3867253034397,0.5227000219747424,2133.6112999124452,2655.1155285313375
1769375759,4,,Aggregated,1.900000,0.000000,59,90,99,100,120,2100,2100,2100,2100,2100,2100,4277,7,59,185.3554530740124,0.5227000219747424,2133.6112999124452,2655.073649754501
1769375760,4,,Aggregated,1.900000,0.000000,59,90,99,100,120,2100,2100,2100,2100,2100,2100,4277,7,59,185.3554530740124,0.5227000219747424,2133.6112999124452,2655.073649754501
1769375761,4,,Aggregated,2.100000,0.000000,59,90,99,100,120,2100,2100,2100,2100,2100,2100,4281,7,59,185.2650055355055,0.5227000219747424,2133.6112999124452,2654.655921513665
1769375762,4,,Aggregated,1.800000,0.000000,59,90,99,100,120,2100,2100,2100,2100,2100,2100,4284,7,59,185.1999272403123,0.5227000219747424,2133.6112999124452,2654.277777777778
1769375763,4,,Aggregated,1.800000,0.000000,59,90,99,100,120,2100,2100,2100,2100,2100,2100,4284,7,59,185.1999272403123,0.5227000219747424,2133.6112999124452,2654.277777777778
1769375764,4,,Aggregated,1.900000,0.000000,59,90,99,100,120,2100,2100,2100,2100,2100,2100,4288,7,59,185.10187259736125,0.5227000219747424,2133.6112999124452,2653.8537779850744
1769375765,4,,Aggregated,1.800000,0.000000,59,90,99,100,120,2100,2100,2100,2100,2100,2100,4292,7,59,185.48413998079994,0.5227000219747424,2133.6112999124452,2653.598555452004
1769375766,4,,Aggregated,1.800000,0.000000,59,90,99,100,120,2100,2100,2100,2100,2100,2100,4292,7,59,185.48413998079994,0.5227000219747424,2133.6112999124452,2653.598555452004
1769375767,4,,Aggregated,1.800000,0.000000,59,90,99,100,120,2100,2100,2100,2100,2100,2100,4294,7,59,185.42617927285337,0.5227000219747424,2133.6112999124452,2653.571727992548
1769375769,4,,Aggregated,2.000000,0.000000,59,90,99,100,120,2100,2100,2100,2100,2100,2100,4295,7,59,185.39563457455,0.5227000219747424,2133.6112999124452,2653.568335273574
1769375770,4,,Aggregated,1.900000,0.000000,59,90,99,100,120,2100,2100,2100,2100,2100,2100,4296,7,59,185.3652193197578,0.5227000219747424,2133.6112999124452,2654.114757914339
1769375771,4,,Aggregated,2.000000,0.000000,59,90,99,100,120,2100,2100,2100,2100,2100,2100,4298,7,59,185.3062256392986,0.5227000219747424,2133.6112999124452,2654.0949278734297
1769375772,4,,Aggregated,1.900000,0.000000,59,90,99,100,120,2100,2100,2100,2100,2100,2100,4299,7,59,185.27691325836884,0.5227000219747424,2133.6112999124452,2654.0532682019075
1769375773,4,,Aggregated,1.900000,0.000000,59,90,99,100,120,2100,2100,2100,2100,2100,2100,4299,7,59,185.27691325836884,0.5227000219747424,2133.6112999124452,2654.0532682019075
1769375774,4,,Aggregated,2.100000,0.000000,59,90,99,100,120,2100,2100,2100,2100,2100,2100,4303,7,59,185.1871270271535,0.5227000219747424,2133.6112999124452,2653.637927027655
1769375775,4,,Aggregated,1.800000,0.000000,59,90,99,100,120,2100,2100,2100,2100,2100,2100,4306,7,59,185.1227903850329,0.5227000219747424,2133.6112999124452,2653.26242452392
1769375776,4,,Aggregated,1.900000,0.000000,59,90,99,100,120,2100,2100,2100,2100,2100,2100,4307,7,59,185.089576456448,0.5227000219747424,2133.6112999124452,2652.7894125841653
1769375777,4,,Aggregated,1.900000,0.000000,59,90,99,100,120,2100,2100,2100,2100,2100,2100,4310,7,59,185.02797132199674,0.5227000219747424,2133.6112999124452,2652.841299303944
1769375778,4,,Aggregated,1.800000,0.000000,60,90,99,100,120,2100,2100,2100,2100,2100,2100,4314,7,59,185.40895498327706,0.5227000219747424,2133.6112999124452,2652.588317107093
1769375779,4,,Aggregated,1.800000,0.000000,59,90,99,100,120,2100,2100,2100,2100,2100,2100,4315,7,59,185.37663369591166,0.5227000219747424,2133.6112999124452,2652.5425260718425
1769375780,4,,Aggregated,2.000000,0.000000,59,90,99,100,120,2100,2100,2100,2100,2100,2100,4317,7,59,185.31705142410988,0.5227000219747424,2133.6112999124452,2652.5594162612924
1769375781,4,,Aggregated,1.900000,0.000000,59,90,99,100,120,2100,2100,2100,2100,2100,2100,4318,7,59,185.28638816532546,0.5227000219747424,2133.6112999124452,2653.103288559518
1769375782,4,,Aggregated,2.000000,0.000000,59,90,99,100,120,2100,2100,2100,2100,2100,2100,4319,7,59,185.2604019907149,0.5227000219747424,2133.6112999124452,2653.124334336652
1769375783,4,,Aggregated,1.900000,0.000000,59,90,99,100,120,2100,2100,2100,2100,2100,2100,4321,7,59,185.19853654198369,0.5227000219747424,2133.6112999124452,2653.04489701458
1769375784,4,,Aggregated,1.900000,0.000000,59,90,99,100,120,2100,2100,2100,2100,2100,2100,4321,7,59,185.19853654198369,0.5227000219747424,2133.6112999124452,2653.04489701458
1769375785,4,,Aggregated,2.100000,0.000000,59,90,99,100,120,2100,2100,2100,2100,2100,2100,4322,7,59,185.17004391436532,0.5227000219747424,2133.6112999124452,2653.006709856548
1769375786,4,,Aggregated,1.800000,0.000000,59,90,99,100,120,2100,2100,2100,2100,2100,2100,4326,7,59,185.06927061899725,0.5227000219747424,2133.6112999124452,2652.1625057790106
1769375787,4,,Aggregated,1.800000,0.000000,60,90,99,100,120,2100,2100,2100,2100,2100,2100,4328,7,59,185.04224535529806,0.5227000219747424,2133.6112999124452,2652.2603974122
1769375788,4,,Aggregated,1.900000,0.000000,60,90,99,100,120,2100,2100,2100,2100,2100,2100,4330,7,59,184.99277667384422,0.5227000219747424,2133.6112999124452,2651.5198614318706
1769375789,4,,Aggregated,1.800000,0.000000,59,90,99,100,120,2100,2100,2100,2100,2100,2100,4333,7,59,184.9097219242764,0.5227000219747424,2133.6112999124452,2651.795984306485
1769375790,4,,Aggregated,1.800000,0.000000,60,90,100,100,120,2100,2100,2100,2100,2100,2100,4336,7,60,185.3163739155898,0.5227000219747424,2133.6112999124452,2651.592712177122
1769375791,4,,Aggregated,1.800000,0.000000,60,90,100,100,120,2100,2100,2100,2100,2100,2100,4337,7,60,185.29032603133206,0.5227000219747424,2133.6112999124452,2651.547382983629
1769375792,4,,Aggregated,2.000000,0.000000,60,90,100,100,120,2100,2100,2100,2100,2100,2100,4339,7,60,185.2328581926253,0.5227000219747424,2133.6112999124452,2651.563493892602
1769375793,4,,Aggregated,1.900000,0.000000,60,90,100,100,120,2100,2100,2100,2100,2100,2100,4340,7,60,185.2017983865832,0.5227000219747424,2133.6112999124452,2652.1048387096776
1769375794,4,,Aggregated,2.000000,0.000000,60,90,99,100,120,2100,2100,2100,2100,2100,2100,4341,7,60,185.17291792161012,0.5227000219747424,2133.6112999124452,2652.1250863856253
1769375795,4,,Aggregated,1.900000,0.000000,60,90,99,100,120,2100,2100,2100,2100,2100,2100,4343,7,60,185.11136944454842,0.5227000219747424,2133.6112999124452,2652.046511627907
1769375796,4,,Aggregated,1.900000,0.000000,60,90,99,100,120,2100,2100,2100,2100,2100,2100,4343,7,60,185.11136944454842,0.5227000219747424,2133.6112999124452,2652.046511627907
1769375797,4,,Aggregated,2.100000,0.000000,60,90,99,100,120,2100,2100,2100,2100,2100,2100,4344,7,60,185.0830825500968,0.5227000219747424,2133.6112999124452,2652.0087476979743
1769375798,4,,Aggregated,1.800000,0.000000,60,90,100,100,120,2100,2100,2100,2100,2100,2100,4349,7,60,184.97061064557525,0.5227000219747424,2133.6112999124452,2650.900896757875
1769375799,4,,Aggregated,1.800000,0.000000,60,90,100,100,120,2100,2100,2100,2100,2100,2100,4350,7,60,184.9542334247327,0.5227000219747424,2133.6112999124452,2651.2675862068963
1769375800,4,,Aggregated,1.900000,0.000000,60,90,100,100,120,2100,2100,2100,2100,2100,2100,4353,7,60,184.88311520733782,0.5227000219747424,2133.6112999124452,2650.8977716517343
1769375801,4,,Aggregated,1.800000,0.000000,60,90,100,100,120,2100,2100,2100,2100,2100,2100,4356,7,60,184.80690523359456,0.5227000219747424,2133.6112999124452,2650.537419651056
1769375802,4,,Aggregated,1.800000,0.000000,60,90,100,100,120,2100,2100,2100,2100,2100,2100,4358,7,60,185.22708636934337,0.5227000219747424,2133.6112999124452,2650.6041762276272
1769375803,4,,Aggregated,1.800000,0.000000,60,90,100,100,120,2100,2100,2100,2100,2100,2100,4359,7,60,185.1962848354313,0.5227000219747424,2133.6112999124452,2650.5590731819225
1769375804,4,,Aggregated,2.000000,0.000000,60,90,100,100,120,2100,2100,2100,2100,2100,2100,4361,7,60,185.1460827557027,0.5227000219747424,2133.6112999124452,2650.5753267599175
1769375805,4,,Aggregated,1.900000,0.000000,60,90,100,100,120,2100,2100,2100,2100,2100,2100,4362,7,60,185.11519043962355,0.5227000219747424,2133.6112999124452,2651.1141678129297
1769375806,4,,Aggregated,2.000000,0.000000,60,90,100,100,120,2100,2100,2100,2100,2100,2100,4364,7,60,185.0631188353806,0.5227000219747424,2133.6112999124452,2651.0976168652614
1769375807,4,,Aggregated,1.900000,0.000000,60,90,100,100,120,2100,2100,2100,2100,2100,2100,4365,7,60,185.03429899141534,0.5227000219747424,2133.6112999124452,2651.057273768614
1769375808,4,,Aggregated,1.900000,0.000000,60,90,100,100,120,2100,2100,2100,2100,2100,2100,4365,7,60,185.03429899141534,0.5227000219747424,2133.6112999124452,2651.057273768614
1769375809,4,,Aggregated,2.100000,0.000000,60,90,100,100,120,2100,2100,2100,2100,2100,2100,4367,7,60,184.97575894150629,0.5227000219747424,2133.6112999124452,2650.5539271811313
1769375810,4,,Aggregated,1.800000,0.000000,60,90,100,100,120,2100,2100,2100,2100,2100,2100,4372,7,60,184.8748416280074,0.5227000219747424,2133.6112999124452,2650.2838517840805
1769375811,4,,Aggregated,1.800000,0.000000,60,90,100,100,120,2100,2100,2100,2100,2100,2100,4372,7,60,184.8748416280074,0.5227000219747424,2133.6112999124452,2650.2838517840805
1769375812,4,,Aggregated,1.900000,0.000000,60,90,100,100,120,2100,2100,2100,2100,2100,2100,4376,7,60,184.77748368316162,0.5227000219747424,2133.6112999124452,2649.872029250457
1769375813,4,,Aggregated,1.800000,0.000000,60,90,100,100,120,2100,2100,2100,2100,2100,2100,4380,7,60,185.14974856104374,0.5227000219747424,2133.6112999124452,2649.6255707762557
1769375814,4,,Aggregated,1.800000,0.000000,60,90,100,100,120,2100,2100,2100,2100,2100,2100,4380,7,60,185.14974856104374,0.5227000219747424,2133.6112999124452,2649.6255707762557
1769375815,4,,Aggregated,1.800000,0.000000,60,90,100,100,120,2100,2100,2100,2100,2100,2100,4382,7,60,185.09620027323854,0.5227000219747424,2133.6112999124452,2649.6008671839345
1769375816,4,,Aggregated,2.000000,0.000000,60,90,100,100,120,2100,2100,2100,2100,2100,2100,4383,7,60,185.067860209297,0.5227000219747424,2133.6112999124452,2649.598448551221
1769375817,4,,Aggregated,1.900000,0.000000,60,90,100,100,120,2100,2100,2100,2100,2100,2100,4384,7,60,185.03801792824555,0.5227000219747424,2133.6112999124452,2650.1348083941607
1769375818,4,,Aggregated,2.000000,0.000000,60,90,100,100,120,2100,2100,2100,2100,2100,2100,4386,7,60,184.98485380698955,0.5227000219747424,2133.6112999124452,2650.1187870497038
1769375819,4,,Aggregated,1.900000,0.000000,60,90,100,100,120,2100,2100,2100,2100,2100,2100,4387,7,60,184.95533827159207,0.5227000219747424,2133.6112999124452,2650.078869386825
1769375820,4,,Aggregated,1.900000,0.000000,60,90,100,100,120,2100,2100,2100,2100,2100,2100,4387,7,60,184.95533827159207,0.5227000219747424,2133.6112999124452,2650.078869386825
1769375821,4,,Aggregated,2.100000,0.000000,60,90,100,100,120,2100,2100,2100,2100,2100,2100,4390,7,60,184.8787893388412,0.5227000219747424,2133.6112999124452,2649.3118451025057
1769375822,4,,Aggregated,1.800000,0.000000,60,90,100,100,120,2100,2100,2100,2100,2100,2100,4394,7,60,184.80469435535016,0.5227000219747424,2133.6112999124452,2649.3101957214385
1769375823,4,,Aggregated,1.800000,0.000000,60,90,100,100,120,2100,2100,2100,2100,2100,2100,4394,7,60,184.80469435535016,0.5227000219747424,2133.6112999124452,2649.3101957214385
1769375824,4,,Aggregated,1.900000,0.000000,60,90,100,100,120,2100,2100,2100,2100,2100,2100,4398,7,60,184.7070274209534,0.5227000219747424,2133.6112999124452,2648.9013187812643
1769375825,4,,Aggregated,1.800000,0.000000,60,90,100,100,120,2100,2100,2100,2100,2100,2100,4402,7,60,185.08000179401884,0.5227000219747424,2133.6112999124452,2648.657201272149
1769375826,4,,Aggregated,1.800000,0.000000,60,90,100,100,120,2100,2100,2100,2100,2100,2100,4402,7,60,185.08000179401884,0.5227000219747424,2133.6112999124452,2648.657201272149
1769375827,4,,Aggregated,1.800000,0.000000,60,90,100,100,120,2100,2100,2100,2100,2100,2100,4404,7,60,185.02389643443655,0.5227000219747424,2133.6112999124452,2648.6319255222525
1769375828,4,,Aggregated,2.000000,0.000000,60,90,100,100,120,2100,2100,2100,2100,2100,2100,4405,7,60,184.99475087339923,0.5227000219747424,2133.6112999124452,2648.6297389330307
1769375829,4,,Aggregated,1.900000,0.000000,60,90,100,100,120,2100,2100,2100,2100,2100,2100,4406,7,60,184.96978962718907,0.5227000219747424,2133.6112999124452,2649.1636404902406
1769375830,4,,Aggregated,2.000000,0.000000,60,90,100,100,120,2100,2100,2100,2100,2100,2100,4408,7,60,184.91417370630325,0.5227000219747424,2133.6112999124452,2649.1481397459165
1769375831,4,,Aggregated,1.900000,0.000000,60,90,100,100,120,2100,2100,2100,2100,2100,2100,4409,7,60,184.88493740016708,0.5227000219747424,2133.6112999124452,2649.108641415287
1769375832,4,,Aggregated,1.900000,0.000000,60,90,100,100,120,2100,2100,2100,2100,2100,2100,4409,7,60,184.88493740016708,0.5227000219747424,2133.6112999124452,2649.108641415287
1769375833,4,,Aggregated,2.100000,0.000000,60,90,100,100,120,2100,2100,2100,2100,2100,2100,4413,7,60,184.79044167172952,0.5227000219747424,2133.6112999124452,2648.7081350555177
1769375834,4,,Aggregated,1.800000,0.000000,60,90,100,100,120,2100,2100,2100,2100,2100,2100,4416,7,60,184.72765826476646,0.5227000219747424,2133.6112999124452,2648.3453351449275
1769375835,4,,Aggregated,1.800000,0.000000,60,90,100,100,120,2100,2100,2100,2100,2100,2100,4416,7,60,184.72765826476646,0.5227000219747424,2133.6112999124452,2648.3453351449275
1769375836,4,,Aggregated,1.900000,0.000000,60,90,100,100,120,2100,2100,2100,2100,2100,2100,4420,7,60,184.63278680929716,0.5227000219747424,2133.6112999124452,2647.937556561086
1769375837,4,,Aggregated,1.800000,0.000000,60,90,100,100,120,2100,2100,2100,2100,2100,2100,4424,7,60,184.99855160418264,0.5227000219747424,2133.6112999124452,2647.6952983725137
1769375838,4,,Aggregated,1.800000,0.000000,60,90,100,100,120,2100,2100,2100,2100,2100,2100,4424,7,60,184.99855160418264,0.5227000219747424,2133.6112999124452,2647.6952983725137
1769375839,4,,Aggregated,1.800000,0.000000,60,90,100,100,120,2100,2100,2100,2100,2100,2100,4426,7,60,184.9379075456327,0.5227000219747424,2133.6112999124452,2647.670131043832
1769375840,4,,Aggregated,2.000000,0.000000,60,90,100,100,120,2100,2100,2100,2100,2100,2100,4427,7,60,184.90675565777613,0.5227000219747424,2133.6112999124452,2647.668172577366
1769375841,4,,Aggregated,1.900000,0.000000,60,90,100,100,120,2100,2100,2100,2100,2100,2100,4428,7,60,184.8802203244949,0.5227000219747424,2133.6112999124452,2648.1996386630535
1769375842,4,,Aggregated,2.000000,0.000000,60,90,100,100,120,2100,2100,2100,2100,2100,2100,4430,7,60,184.82154690674727,0.5227000219747424,2133.6112999124452,2648.1828442437923
1769375843,4,,Aggregated,1.900000,0.000000,60,90,100,100,120,2100,2100,2100,2100,2100,2100,4431,7,60,184.79424570002442,0.5227000219747424,2133.6112999124452,2648.143985556308
1769375844,4,,Aggregated,1.900000,0.000000,60,90,100,100,120,2100,2100,2100,2100,2100,2100,4431,7,60,184.79424570002442,0.5227000219747424,2133.6112999124452,2648.143985556308
1769375845,4,,Aggregated,2.100000,0.000000,60,90,100,100,120,2100,2100,2100,2100,2100,2100,4435,7,60,184.701652806478,0.5227000219747424,2133.6112999124452,2647.7463359639232
1769375846,4,,Aggregated,1.800000,0.000000,60,90,100,100,120,2100,2100,2100,2100,2100,2100,4438,7,60,184.63497009838576,0.5227000219747424,2133.6112999124452,2647.3859846777827
1769375847,4,,Aggregated,1.800000,0.000000,60,90,100,100,120,2100,2100,2100,2100,2100,2100,4438,7,60,184.63497009838576,0.5227000219747424,2133.6112999124452,2647.3859846777827
1769375848,4,,Aggregated,1.900000,0.000000,60,90,100,100,120,2100,2100,2100,2100,2100,2100,4442,7,60,184.53615080966824,0.5227000219747424,2133.6112999124452,2646.9810895992796
1769375849,4,,Aggregated,1.800000,0.000000,60,90,100,100,120,2100,2100,2100,2100,2100,2100,4446,7,60,184.90628990021798,0.5227000219747424,2133.6112999124452,2646.7408906882592
1769375850,4,,Aggregated,1.800000,0.000000,60,90,100,100,120,2100,2100,2100,2100,2100,2100,4446,7,60,184.90628990021798,0.5227000219747424,2133.6112999124452,2646.7408906882592
1769375851,4,,Aggregated,1.800000,0.000000,60,90,100,100,120,2100,2100,2100,2100,2100,2100,4448,7,60,184.85105876714428,0.5227000219747424,2133.6112999124452,2646.7191996402876
1769375852,4,,Aggregated,2.000000,0.000000,60,90,100,100,120,2100,2100,2100,2100,2100,2100,4449,7,60,184.82766221539606,0.5227000219747424,2133.6112999124452,2646.7165655203416
1769375853,4,,Aggregated,1.900000,0.000000,60,90,100,100,120,2100,2100,2100,2100,2100,2100,4450,7,60,184.7998108306188,0.5227000219747424,2133.6112999124452,2647.245617977528
1769375854,4,,Aggregated,2.000000,0.000000,60,90,100,100,120,2100,2100,2100,2100,2100,2100,4452,7,60,184.7452028517861,0.5227000219747424,2133.6112999124452,2647.2295597484276
1769375855,4,,Aggregated,1.900000,0.000000,60,90,100,100,120,2100,2100,2100,2100,2100,2100,4453,7,60,184.72258138247403,0.5227000219747424,2133.6112999124452,2647.190882551089
1769375856,4,,Aggregated,1.900000,0.000000,60,90,100,100,120,2100,2100,2100,2100,2100,2100,4453,7,60,184.72258138247403,0.5227000219747424,2133.6112999124452,2647.190882551089
1769375857,4,,Aggregated,2.100000,0.000000,60,90,100,100,120,2100,2100,2100,2100,2100,2100,4457,7,60,184.63937448866753,0.5227000219747424,2133.6112999124452,2646.7960511554857
1769375858,4,,Aggregated,1.800000,0.000000,60,90,100,100,120,2100,2100,2100,2100,2100,2100,4460,7,60,184.57825634440078,0.5227000219747424,2133.6112999124452,2646.438116591928
1769375859,4,,Aggregated,1.800000,0.000000,60,90,100,100,120,2100,2100,2100,2100,2100,2100,4460,7,60,184.57825634440078,0.5227000219747424,2133.6112999124452,2646.438116591928
1769375860,4,,Aggregated,1.900000,0.000000,60,90,100,100,120,2100,2100,2100,2100,2100,2100,4464,7,60,184.48997226616848,0.5227000219747424,2133.6112999124452,2646.0378584229393
1769375861,4,,Aggregated,1.800000,0.000000,60,90,100,110,120,2100,2100,2100,2100,2100,2100,4468,7,60,184.8571281325422,0.5227000219747424,2133.6112999124452,2645.799686660698
1769375862,4,,Aggregated,1.800000,0.000000,60,90,100,110,120,2100,2100,2100,2100,2100,2100,4468,7,60,184.8571281325422,0.5227000219747424,2133.6112999124452,2645.799686660698
1769375863,4,,Aggregated,1.800000,0.000000,60,90,100,110,120,2100,2100,2100,2100,2100,2100,4470,7,60,184.7984381870656,0.5227000219747424,2133.6112999124452,2645.7782997762865
1769375864,4,,Aggregated,2.000000,0.000000,60,90,100,100,120,2100,2100,2100,2100,2100,2100,4471,7,60,184.7734686862471,0.5227000219747424,2133.6112999124452,2645.7758890628493
1769375865,4,,Aggregated,1.900000,0.000000,60,90,100,100,120,2100,2100,2100,2100,2100,2100,4472,7,60,184.7456446324264,0.5227000219747424,2133.6112999124452,2646.302549194991
1769375866,4,,Aggregated,2.000000,0.000000,60,90,100,100,120,2100,2100,2100,2100,2100,2100,4474,7,60,184.6910577103896,0.5227000219747424,2133.6112999124452,2646.287662047385
1769375867,4,,Aggregated,1.900000,0.000000,60,90,100,100,120,2100,2100,2100,2100,2100,2100,4475,7,60,184.66232265837428,0.5227000219747424,2133.6112999124452,2646.2493854748604
1769375868,4,,Aggregated,1.900000,0.000000,60,90,100,100,120,2100,2100,2100,2100,2100,2100,4475,7,60,184.66232265837428,0.5227000219747424,2133.6112999124452,2646.2493854748604
1769375869,4,,Aggregated,2.100000,0.000000,60,90,100,100,120,2100,2100,2100,2100,2100,2100,4479,7,60,184.5666311668171,0.5227000219747424,2133.6112999124452,2645.8580040187544
1769375870,4,,Aggregated,1.800000,0.000000,60,90,100,100,120,2100,2100,2100,2100,2100,2100,4482,7,60,184.50875060153552,0.5227000219747424,2133.6112999124452,2645.5024542614906
1769375872,4,,Aggregated,1.800000,0.000000,60,90,100,100,120,2100,2100,2100,2100,2100,2100,4482,7,60,184.50875060153552,0.5227000219747424,2133.6112999124452,2645.5024542614906
1769375873,4,,Aggregated,1.900000,0.000000,60,90,100,110,120,2100,2100,2100,2100,2100,2100,4486,7,60,184.4226610557466,0.5227000219747424,2133.6112999124452,2645.103209986625
1769375874,4,,Aggregated,1.800000,0.000000,60,90,100,110,120,2100,2100,2100,2100,2100,2100,4490,7,60,184.79065534434196,0.5227000219747424,2133.6112999124452,2644.8670378619154
1769375875,4,,Aggregated,1.800000,0.000000,60,90,100,110,120,2100,2100,2100,2100,2100,2100,4490,7,60,184.79065534434196,0.5227000219747424,2133.6112999124452,2644.8670378619154
1769375876,4,,Aggregated,1.800000,0.000000,60,90,100,110,120,2100,2100,2100,2100,2100,2100,4492,7,60,184.73108161088638,0.5227000219747424,2133.6112999124452,2644.845503116652
1769375877,4,,Aggregated,2.000000,0.000000,60,90,100,110,120,2100,2100,2100,2100,2100,2100,4493,7,60,184.7033631640308,0.5227000219747424,2133.6112999124452,2644.8442020921434
1769375878,4,,Aggregated,1.900000,0.000000,60,90,100,110,120,2100,2100,2100,2100,2100,2100,4494,7,60,184.67719448063772,0.5227000219747424,2133.6112999124452,2645.3684913217626
1769375879,4,,Aggregated,1.900000,0.000000,60,90,100,110,120,2100,2100,2100,2100,2100,2100,4497,7,60,184.59835285653273,0.5227000219747424,2133.6112999124452,2645.315321325328
1769375880,4,,Aggregated,1.900000,0.000000,60,90,100,110,120,2100,2100,2100,2100,2100,2100,4497,7,60,184.59835285653273,0.5227000219747424,2133.6112999124452,2645.315321325328
1769375881,4,,Aggregated,1.900000,0.000000,60,90,100,110,120,2100,2100,2100,2100,2100,2100,4497,7,60,184.59835285653273,0.5227000219747424,2133.6112999124452,2645.315321325328
1769375882,4,,Aggregated,1.800000,0.000000,60,90,100,110,120,2100,2100,2100,2100,2100,2100,4502,7,60,184.47653380630564,0.5227000219747424,2133.6112999124452,2644.475344291426
1769375883,4,,Aggregated,1.800000,0.000000,60,90,100,110,120,2100,2100,2100,2100,2100,2100,4504,7,60,184.45166185524394,0.5227000219747424,2133.6112999124452,2644.5728241563056
1769375884,4,,Aggregated,1.900000,0.000000,60,90,100,110,120,2100,2100,2100,2100,2100,2100,4505,7,60,184.42131800132057,0.5227000219747424,2133.6112999124452,2644.1225305216426
1769375885,4,,Aggregated,1.800000,0.000000,60,90,100,110,120,2100,2100,2100,2100,2100,2100,4509,7,60,184.3336462177998,0.5227000219747424,2133.6112999124452,2644.13417609226
1769375886,4,,Aggregated,1.800000,0.000000,60,90,100,110,120,2100,2100,2100,2100,2100,2100,4512,7,60,184.71666500354718,0.5227000219747424,2133.6112999124452,2643.9439273049647
1769375887,4,,Aggregated,1.800000,0.000000,60,90,100,110,120,2100,2100,2100,2100,2100,2100,4513,7,60,184.6883427201325,0.5227000219747424,2133.6112999124452,2643.900288056725
1769375888,4,,Aggregated,2.000000,0.000000,60,90,100,110,120,2100,2100,2100,2100,2100,2100,4515,7,60,184.62944841551246,0.5227000219747424,2133.6112999124452,2643.920265780731
1769375889,4,,Aggregated,1.900000,0.000000,60,90,100,110,120,2100,2100,2100,2100,2100,2100,4516,7,60,184.60148363508222,0.5227000219747424,2133.6112999124452,2644.4422054915854
1769375890,4,,Aggregated,2.000000,0.000000,60,90,100,110,120,2100,2100,2100,2100,2100,2100,4517,7,60,184.5721999326954,0.5227000219747424,2133.6112999124452,2644.4638034093423
1769375891,4,,Aggregated,1.900000,0.000000,60,90,100,110,120,2100,2100,2100,2100,2100,2100,4519,7,60,184.51805286479689,0.5227000219747424,2133.6112999124452,2644.3916795751275
1769375892,4,,Aggregated,1.900000,0.000000,60,90,100,110,120,2100,2100,2100,2100,2100,2100,4519,7,60,184.51805286479689,0.5227000219747424,2133.6112999124452,2644.3916795751275
1769375893,5,,Aggregated,2.100000,0.000000,60,90,100,110,120,2100,2100,2100,2100,2100,2100,4520,7,60,184.4904312601754,0.5227000219747424,2133.6112999124452,2644.356637168142
1769375894,5,,Aggregated,1.800000,0.000000,60,90,100,110,120,2100,2100,2100,2100,2100,2100,4522,7,60,184.44381048120246,0.5227000219747424,2133.6112999124452,2643.651039363114
1769375895,5,,Aggregated,1.800000,0.000000,60,90,100,110,120,2100,2100,2100,2100,2100,2100,4523,7,60,184.4263110316171,0.5227000219747424,2133.6112999124452,2644.005306212691
1769375896,5,,Aggregated,1.600000,0.000000,60,90,100,110,120,2100,2100,2100,2100,2100,2100,4538,8,60,184.9615688620387,0.4395999712869525,2133.6112999124452,2640.1809167033935
1769375897,5,,Aggregated,1.500000,0.000000,60,90,100,110,120,2100,2100,2100,2100,2100,2100,4542,8,60,184.87280682426987,0.4395999712869525,2133.6112999124452,2640.1952884191987
1769375898,5,,Aggregated,1.500000,0.000000,60,90,100,110,120,2100,2100,2100,2100,2100,2100,4544,8,60,185.27256652635862,0.4395999712869525,2133.6112999124452,2640.2638644366198
1769375899,5,,Aggregated,2.800000,0.100000,60,90,100,110,120,2100,2100,2100,2100,2100,2100,4546,8,60,185.21710043904477,0.4395999712869525,2133.6112999124452,2640.235371755389
1769375900,5,,Aggregated,3.000000,0.100000,60,90,100,110,120,2100,2100,2100,2100,2100,2100,4548,8,60,185.1680684467811,0.4395999712869525,2133.6112999124452,2640.255496921724
1769375901,5,,Aggregated,2.900000,0.100000,60,90,100,110,120,2100,2100,2100,2100,2100,2100,4549,8,60,185.1395147715788,0.4395999712869525,2133.6112999124452,2640.774455924379
1769375902,5,,Aggregated,3.100000,0.100000,60,90,100,110,120,2100,2100,2100,2100,2100,2100,4551,8,60,185.07908310170134,0.4395999712869525,2133.6112999124452,2640.7604921995166
1769375903,5,,Aggregated,3.000000,0.100000,60,90,100,110,120,2100,2100,2100,2100,2100,2100,4553,8,60,185.0278268824623,0.4395999712869525,2133.6112999124452,2640.6903140786294
1769375904,5,,Aggregated,3.000000,0.100000,60,90,100,110,120,2100,2100,2100,2100,2100,2100,4553,8,60,185.0278268824623,0.4395999712869525,2133.6112999124452,2640.6903140786294
1769375905,5,,Aggregated,3.300000,0.100000,60,90,100,110,120,2100,2100,2100,2100,2100,2100,4555,8,60,184.9752503613104,0.4395999712869525,2133.6112999124452,2640.2125137211856
1769375906,5,,Aggregated,3.300000,0.100000,60,90,100,110,120,2100,2100,2100,2100,2100,2100,4560,8,60,184.89139999904805,0.4395999712869525,2133.6112999124452,2639.964912280702
1769375907,5,,Aggregated,3.300000,0.100000,60,90,100,110,120,2100,2100,2100,2100,2100,2100,4560,8,60,184.89139999904805,0.4395999712869525,2133.6112999124452,2639.964912280702
1769375908,5,,Aggregated,2.500000,0.000000,60,90,100,110,120,2100,2100,2100,2100,2100,2100,4563,8,60,185.2689168519852,0.4395999712869525,2133.6112999124452,2639.2215647600265
1769375909,5,,Aggregated,2.000000,0.000000,60,90,100,110,120,2100,2100,2100,2100,2100,2100,4567,8,60,185.19201366227176,0.4395999712869525,2133.6112999124452,2639.2358222027588
1769375910,5,,Aggregated,1.600000,0.000000,60,90,100,110,120,2100,2100,2100,2100,2100,2100,4571,8,60,185.99481920708538,0.4395999712869525,2133.6112999124452,2638.8582367096915
1769375911,5,,Aggregated,2.100000,0.000000,60,90,100,110,120,2100,2100,2100,2100,2100,2100,4574,8,60,185.9256019011025,0.4395999712869525,2133.6112999124452,2639.1803672933975
1769375912,5,,Aggregated,2.200000,0.000000,60,90,100,110,120,2100,2100,2100,2100,2100,2100,4576,8,60,185.87277349115857,0.4395999712869525,2133.6112999124452,2639.201923076923
1769375913,5,,Aggregated,2.400000,0.000000,60,90,100,110,120,2100,2100,2100,2100,2100,2100,4577,8,60,185.84679353190475,0.4395999712869525,2133.6112999124452,2639.953899934455
1769375914,5,,Aggregated,2.600000,0.000000,60,90,100,110,120,2100,2100,2100,2100,2100,2100,4580,8,60,185.7662724007702,0.4395999712869525,2133.6112999124452,2639.906768558952
1769375915,5,,Aggregated,2.400000,0.000000,60,90,100,110,120,2100,2100,2100,2100,2100,2100,4581,8,60,185.73876308568276,0.4395999712869525,2133.6112999124452,2639.8709888670596
1769375916,5,,Aggregated,2.400000,0.000000,60,90,100,110,120,2100,2100,2100,2100,2100,2100,4581,8,60,185.73876308568276,0.4395999712869525,2133.6112999124452,2639.8709888670596
1769375917,5,,Aggregated,2.700000,0.000000,60,90,100,110,120,2100,2100,2100,2100,2100,2100,4585,8,60,185.64563831961902,0.4395999712869525,2133.6112999124452,2638.7025081788443
1769375918,5,,Aggregated,2.100000,0.000000,60,90,100,110,120,2100,2100,2100,2100,2100,2100,4591,8,60,185.54883443598195,0.4395999712869525,2133.6112999124452,2638.8083206273145
1769375919,5,,Aggregated,2.100000,0.000000,60,90,100,110,120,2100,2100,2100,2100,2100,2100,4591,8,60,185.54883443598195,0.4395999712869525,2133.6112999124452,2638.8083206273145
1769375920,5,,Aggregated,2.800000,0.000000,60,90,100,110,120,2100,2100,2100,2100,2100,2100,4596,8,60,185.42069164395545,0.4395999712869525,2133.6112999124452,2638.3803307223675
1769375921,5,,Aggregated,2.600000,0.000000,61,90,100,110,120,2100,2100,2100,2100,2100,2100,4600,8,60,185.76905930341402,0.4395999712869525,2133.6112999124452,2638.6408695652176
1769375922,5,,Aggregated,2.600000,0.000000,61,90,100,110,120,2100,2100,2100,2100,2100,2100,4600,8,60,185.76905930341402,0.4395999712869525,2133.6112999124452,2638.6408695652176
1769375923,5,,Aggregated,2.400000,0.000000,60,90,100,110,120,2100,2100,2100,2100,2100,2100,4603,8,60,185.68116834579092,0.4395999712869525,2133.6112999124452,2638.632630892896
1769375924,5,,Aggregated,2.500000,0.000000,60,90,100,110,120,2100,2100,2100,2100,2100,2100,4604,8,60,185.65129869582427,0.4395999712869525,2133.6112999124452,2638.631841876629
1769375925,5,,Aggregated,2.400000,0.000000,60,90,100,110,120,2100,2100,2100,2100,2100,2100,4605,8,60,185.61988772976594,0.4395999712869525,2133.6112999124452,2639.6182410423453
1769375926,5,,Aggregated,2.600000,0.000000,60,90,100,110,120,2100,2100,2100,2100,2100,2100,4608,8,60,185.54050032452727,0.4395999712869525,2133.6112999124452,2639.572265625
1769375927,5,,Aggregated,2.400000,0.000000,60,90,100,110,120,2100,2100,2100,2100,2100,2100,4609,8,60,185.51527775991178,0.4395999712869525,2133.6112999124452,2639.5365589064872
1769375928,5,,Aggregated,2.400000,0.000000,60,90,100,110,120,2100,2100,2100,2100,2100,2100,4609,8,60,185.51527775991178,0.4395999712869525,2133.6112999124452,2639.5365589064872
1769375929,5,,Aggregated,2.700000,0.000000,60,90,100,110,120,2100,2100,2100,2100,2100,2100,4615,8,60,185.37867869889183,0.4395999712869525,2133.6112999124452,2638.4732394366197
1769375930,5,,Aggregated,2.100000,0.000000,61,90,100,110,120,2100,2100,2100,2100,2100,2100,4619,8,61,185.30740500010413,0.4395999712869525,2133.6112999124452,2638.4810565057373
1769375931,5,,Aggregated,2.100000,0.000000,61,90,100,110,120,2100,2100,2100,2100,2100,2100,4619,8,61,185.30740500010413,0.4395999712869525,2133.6112999124452,2638.4810565057373
1769375932,5,,Aggregated,2.500000,0.000000,61,90,100,110,120,2100,2100,2100,2100,2100,2100,4624,8,60,185.1837678623773,0.4395999712869525,2133.6112999124452,2638.0570934256057
1769375933,5,,Aggregated,2.300000,0.000000,61,90,100,110,120,2100,2100,2100,2100,2100,2100,4628,8,61,185.53764835689174,0.4395999712869525,2133.6112999124452,2638.5641745894554
1769375934,5,,Aggregated,2.300000,0.000000,61,90,100,110,120,2100,2100,2100,2100,2100,2100,4628,8,61,185.53764835689174,0.4395999712869525,2133.6112999124452,2638.5641745894554
1769375935,5,,Aggregated,2.400000,0.000000,61,90,100,110,120,2100,2100,2100,2100,2100,2100,4631,8,61,185.45429200940845,0.4395999712869525,2133.6112999124452,2638.557115093932
1769375936,5,,Aggregated,2.500000,0.000000,61,90,100,110,120,2100,2100,2100,2100,2100,2100,4632,8,60,185.42463652752798,0.4395999712869525,2133.6112999124452,2638.556347150259
1769375937,5,,Aggregated,2.400000,0.000000,60,90,100,110,120,2100,2100,2100,2100,2100,2100,4633,8,60,185.39641746071572,0.4395999712869525,2133.6112999124452,2639.5797539391324
1769375938,5,,Aggregated,2.600000,0.000000,60,90,100,110,120,2100,2100,2100,2100,2100,2100,4636,8,60,185.31262849341448,0.4395999712869525,2133.6112999124452,2639.5336496980153
1769375939,5,,Aggregated,2.400000,0.000000,60,90,100,110,120,2100,2100,2100,2100,2100,2100,4637,8,60,185.2875278402991,0.4395999712869525,2133.6112999124452,2639.498166918266
1769375940,5,,Aggregated,2.400000,0.000000,60,90,100,110,120,2100,2100,2100,2100,2100,2100,4637,8,60,185.2875278402991,0.4395999712869525,2133.6112999124452,2639.498166918266
1769375941,5,,Aggregated,2.700000,0.000000,61,90,100,110,120,2100,2100,2100,2100,2100,2100,4644,8,60,185.14888387069232,0.4395999712869525,2133.6112999124452,2638.7874677002583
1769375942,5,,Aggregated,2.100000,0.000000,61,90,100,110,120,2100,2100,2100,2100,2100,2100,4647,8,61,185.0927102852277,0.4395999712869525,2133.6112999124452,2638.4491069507208
1769375943,5,,Aggregated,2.100000,0.000000,61,90,100,110,120,2100,2100,2100,2100,2100,2100,4647,8,61,185.0927102852277,0.4395999712869525,2133.6112999124452,2638.4491069507208
1769375944,5,,Aggregated,2.500000,0.000000,61,90,100,110,120,2100,2100,2100,2100,2100,2100,4652,8,60,184.9701008373557,0.4395999712869525,2133.6112999124452,2638.0266552020635
1769375945,5,,Aggregated,2.300000,0.000000,61,90,100,110,120,2100,2100,2100,2100,2100,2100,4656,8,61,185.31884471548815,0.4395999712869525,2133.6112999124452,2638.5620704467356
1769375946,5,,Aggregated,2.300000,0.000000,61,90,100,110,120,2100,2100,2100,2100,2100,2100,4656,8,61,185.31884471548815,0.4395999712869525,2133.6112999124452,2638.5620704467356
1769375947,5,,Aggregated,2.400000,0.000000,61,90,100,110,120,2100,2100,2100,2100,2100,2100,4659,8,61,185.24272466092594,0.4395999712869525,2133.6112999124452,2638.5541961794374
1769375948,5,,Aggregated,2.500000,0.000000,61,90,100,110,120,2100,2100,2100,2100,2100,2100,4660,8,60,185.21509946250484,0.4395999712869525,2133.6112999124452,2638.5532188841203
1769375949,5,,Aggregated,2.400000,0.000000,60,90,100,110,120,2100,2100,2100,2100,2100,2100,4661,8,60,185.18665708972426,0.4395999712869525,2133.6112999124452,2639.779017378245
1769375950,5,,Aggregated,2.600000,0.000000,60,90,100,110,120,2100,2100,2100,2100,2100,2100,4664,8,60,185.10231065503854,0.4395999712869525,2133.6112999124452,2639.7341337907374
1769375951,5,,Aggregated,2.400000,0.000000,60,90,100,110,120,2100,2100,2100,2100,2100,2100,4665,8,60,185.07241669776255,0.4395999712869525,2133.6112999124452,2639.6990353697747
1769375952,5,,Aggregated,2.400000,0.000000,60,90,100,110,120,2100,2100,2100,2100,2100,2100,4665,8,60,185.07241669776255,0.4395999712869525,2133.6112999124452,2639.6990353697747
1769375953,5,,Aggregated,2.700000,0.000000,61,90,100,110,120,2100,2100,2100,2100,2100,2100,4672,8,60,184.93798056400396,0.4395999712869525,2133.6112999124452,2638.992294520548
1769375954,5,,Aggregated,2.100000,0.000000,61,90,100,110,120,2100,2100,2100,2100,2100,2100,4675,8,61,184.87731495080266,0.4395999712869525,2133.6112999124452,2638.655828877005
1769375955,5,,Aggregated,2.100000,0.000000,61,90,100,110,120,2100,2100,2100,2100,2100,2100,4675,8,61,184.87731495080266,0.4395999712869525,2133.6112999124452,2638.655828877005
1769375956,5,,Aggregated,2.500000,0.000000,61,90,100,110,120,2100,2100,2100,2100,2100,2100,4680,8,60,184.7647678621937,0.4395999712869525,2133.6112999124452,2638.236965811966
1769375957,5,,Aggregated,2.300000,0.000000,61,90,100,110,120,2100,2100,2100,2100,2100,2100,4684,8,61,185.1147981842719,0.4395999712869525,2133.6112999124452,2638.970538001708
1769375958,5,,Aggregated,2.300000,0.000000,61,90,100,110,120,2100,2100,2100,2100,2100,2100,4684,8,61,185.1147981842719,0.4395999712869525,2133.6112999124452,2638.970538001708
1769375959,5,,Aggregated,2.400000,0.000000,60,90,100,110,120,2100,2100,2100,2100,2100,2100,4687,8,60,185.03140332731166,0.4395999712869525,2133.6112999124452,2638.9626626840195
1769375960,5,,Aggregated,2.500000,0.000000,60,90,100,110,120,2100,2100,2100,2100,2100,2100,4688,8,60,185.00416595457995,0.4395999712869525,2133.6112999124452,2638.961604095563
1769375961,5,,Aggregated,2.400000,0.000000,60,90,100,110,120,2100,2100,2100,2100,2100,2100,4689,8,60,184.97906920348552,0.4395999712869525,2133.6112999124452,2640.1821283855834
1769375962,5,,Aggregated,2.600000,0.000000,60,90,100,110,120,2100,2100,2100,2100,2100,2100,4692,8,60,184.8980665803823,0.4395999712869525,2133.6112999124452,2640.1357630008524
1769375963,5,,Aggregated,2.400000,0.000000,60,90,100,110,120,2100,2100,2100,2100,2100,2100,4693,8,60,184.86950999257706,0.4395999712869525,2133.6112999124452,2640.100575324952
1769375964,5,,Aggregated,2.400000,0.000000,60,90,100,110,120,2100,2100,2100,2100,2100,2100,4693,8,60,184.86950999257706,0.4395999712869525,2133.6112999124452,2640.100575324952
1769375965,5,,Aggregated,2.700000,0.000000,61,90,100,110,120,2100,2100,2100,2100,2100,2100,4700,8,61,184.7429369776906,0.4395999712869525,2133.6112999124452,2639.397659574468
1769375966,5,,Aggregated,2.100000,0.000000,61,90,100,110,120,2100,2100,2100,2100,2100,2100,4703,8,61,184.68364764939832,0.4395999712869525,2133.6112999124452,2639.062938549862
1769375967,5,,Aggregated,2.100000,0.000000,61,90,100,110,120,2100,2100,2100,2100,2100,2100,4703,8,61,184.68364764939832,0.4395999712869525,2133.6112999124452,2639.062938549862
1769375968,5,,Aggregated,2.500000,0.000000,61,90,100,110,120,2100,2100,2100,2100,2100,2100,4708,8,61,184.57087291740004,0.4395999712869525,2133.6112999124452,2638.6461342395924
1769375969,5,,Aggregated,2.300000,0.000000,61,91,100,110,120,2100,2100,2100,2100,2100,2100,4712,8,61,184.91831555499965,0.4395999712869525,2133.6112999124452,2639.391129032258
1769375970,5,,Aggregated,2.300000,0.000000,61,91,100,110,120,2100,2100,2100,2100,2100,2100,4712,8,61,184.91831555499965,0.4395999712869525,2133.6112999124452,2639.391129032258
1769375971,5,,Aggregated,2.400000,0.000000,61,90,100,110,120,2100,2100,2100,2100,2100,2100,4715,8,61,184.8403421622698,0.4395999712869525,2133.6112999124452,2639.3823966065747
1769375972,5,,Aggregated,2.500000,0.000000,61,90,100,110,120,2100,2100,2100,2100,2100,2100,4716,8,61,184.8129575265237,0.4395999712869525,2133.6112999124452,2639.381467345208
1769375973,5,,Aggregated,2.400000,0.000000,61,90,100,110,120,2100,2100,2100,2100,2100,2100,4717,8,61,184.78606705428356,0.4395999712869525,2133.6112999124452,2640.61903752385
1769375974,5,,Aggregated,2.600000,0.000000,61,90,100,110,120,2100,2100,2100,2100,2100,2100,4720,8,61,184.7182106557677,0.4395999712869525,2133.6112999124452,2640.5737288135592
1769375975,5,,Aggregated,2.400000,0.000000,61,90,100,110,120,2100,2100,2100,2100,2100,2100,4721,8,61,184.6903291029786,0.4395999712869525,2133.6112999124452,2640.5386570641813
1769375976,5,,Aggregated,2.400000,0.000000,61,90,100,110,120,2100,2100,2100,2100,2100,2100,4721,8,61,184.6903291029786,0.4395999712869525,2133.6112999124452,2640.5386570641813
1769375977,5,,Aggregated,2.700000,0.000000,61,91,100,110,120,2100,2100,2100,2100,2100,2100,4728,8,61,184.55654547277754,0.4395999712869525,2133.6112999124452,2639.839043993232
1769375978,5,,Aggregated,2.100000,0.000000,61,91,100,110,120,2100,2100,2100,2100,2100,2100,4731,8,61,184.50058672481273,0.4395999712869525,2133.6112999124452,2639.5060240963853
1769375980,5,,Aggregated,2.100000,0.000000,61,91,100,110,120,2100,2100,2100,2100,2100,2100,4731,8,61,184.50058672481273,0.4395999712869525,2133.6112999124452,2639.5060240963853
1769375981,5,,Aggregated,2.500000,0.000000,61,91,100,110,120,2100,2100,2100,2100,2100,2100,4736,8,61,184.3834802143524,0.4395999712869525,2133.6112999124452,2639.089949324324
1769375982,5,,Aggregated,2.300000,0.000000,61,91,100,110,120,2100,2100,2100,2100,2100,2100,4740,8,61,184.72092037874114,0.4395999712869525,2133.6112999124452,2639.8544303797466
1769375983,5,,Aggregated,2.300000,0.000000,61,91,100,110,120,2100,2100,2100,2100,2100,2100,4740,8,61,184.72092037874114,0.4395999712869525,2133.6112999124452,2639.8544303797466
1769375984,5,,Aggregated,2.400000,0.000000,61,91,100,110,120,2100,2100,2100,2100,2100,2100,4743,8,61,184.64467073478522,0.4395999712869525,2133.6112999124452,2639.8458781362006
1769375985,5,,Aggregated,2.500000,0.000000,61,91,100,110,120,2100,2100,2100,2100,2100,2100,4744,8,61,184.61938231347543,0.4395999712869525,2133.6112999124452,2639.845699831366
1769375986,5,,Aggregated,2.400000,0.000000,61,91,100,110,120,2100,2100,2100,2100,2100,2100,4745,8,61,184.594788070615,0.4395999712869525,2133.6112999124452,2641.285985247629
1769375987,5,,Aggregated,2.600000,0.000000,61,91,100,110,120,2100,2100,2100,2100,2100,2100,4748,8,61,184.5172676274462,0.4395999712869525,2133.6112999124452,2641.2413647851727
1769375988,5,,Aggregated,2.400000,0.000000,61,91,100,110,120,2100,2100,2100,2100,2100,2100,4749,8,61,184.49070261005244,0.4395999712869525,2133.6112999124452,2641.206359233523
1769375989,5,,Aggregated,2.400000,0.000000,61,91,100,110,120,2100,2100,2100,2100,2100,2100,4749,8,61,184.49070261005244,0.4395999712869525,2133.6112999124452,2641.206359233523
1769375990,5,,Aggregated,2.100000,0.000000,61,91,100,110,120,2100,2100,2100,2100,2100,2100,4757,8,61,184.31696407295766,0.4395999712869525,2133.6112999124452,2640.0842968257307
1769375991,5,,Aggregated,2.100000,0.000000,61,91,100,110,120,2100,2100,2100,2100,2100,2100,4759,8,61,184.29358678189465,0.4395999712869525,2133.6112999124452,2640.1783988232824
1769375992,5,,Aggregated,2.500000,0.000000,61,91,100,110,120,2100,2100,2100,2100,2100,2100,4760,8,61,184.26632249897577,0.4395999712869525,2133.6112999124452,2639.753151260504
1769375993,5,,Aggregated,2.300000,0.000000,61,91,100,110,120,2100,2100,2100,2100,2100,2100,4765,8,61,184.1575983620531,0.4395999712869525,2133.6112999124452,2639.7238195173136
1769375994,5,,Aggregated,2.300000,0.000000,61,91,100,110,120,2100,2100,2100,2100,2100,2100,4768,8,61,184.53000461307747,0.4395999712869525,2133.6112999124452,2640.719798657718
1769375995,5,,Aggregated,2.400000,0.000000,61,91,100,110,120,2100,2100,2100,2100,2100,2100,4769,8,61,184.50419559554757,0.4395999712869525,2133.6112999124452,2640.680645837702
1769375996,5,,Aggregated,2.500000,0.000000,61,91,100,110,120,2100,2100,2100,2100,2100,2100,4772,8,61,184.434439185918,0.4395999712869525,2133.6112999124452,2640.709974853311
1769375997,5,,Aggregated,2.400000,0.000000,61,91,100,110,120,2100,2100,2100,2100,2100,2100,4773,8,61,184.406771756797,0.4395999712869525,2133.6112999124452,2642.1437251204693
1769375998,5,,Aggregated,2.600000,0.000000,61,91,100,110,120,2100,2100,2100,2100,2100,2100,4774,8,61,184.3794842888954,0.4395999712869525,2133.6112999124452,2642.1642228739
1769375999,5,,Aggregated,2.400000,0.000000,61,91,100,110,120,2100,2100,2100,2100,2100,2100,4777,8,61,184.30120640467274,0.4395999712869525,2133.6112999124452,2642.0630102574837
1769376000,5,,Aggregated,2.400000,0.000000,61,91,100,110,120,2100,2100,2100,2100,2100,2100,4777,8,61,184.30120640467274,0.4395999712869525,2133.6112999124452,2642.0630102574837
1769376001,5,,Aggregated,2.700000,0.000000,61,91,100,110,120,2100,2100,2100,2100,2100,2100,4778,8,61,184.27822274908203,0.4395999712869525,2133.6112999124452,2642.0307660108833
1769376002,5,,Aggregated,2.100000,0.000000,61,91,100,110,120,2100,2100,2100,2100,2100,2100,4786,8,61,184.12007762123454,0.4395999712869525,2133.6112999124452,2640.703928123694
1769376003,5,,Aggregated,2.100000,0.000000,61,91,100,110,120,2100,2100,2100,2100,2100,2100,4787,8,61,184.10470524236365,0.4395999712869525,2133.6112999124452,2641.039273031126
1769376004,5,,Aggregated,2.500000,0.000000,61,91,100,110,120,2100,2100,2100,2100,2100,2100,4789,8,61,184.05944430888206,0.4395999712869525,2133.6112999124452,2640.374399665901
1769376005,5,,Aggregated,2.300000,0.000000,61,91,100,110,120,2100,2100,2100,2100,2100,2100,4793,8,61,183.9684688911404,0.4395999712869525,2133.6112999124452,2640.586063008554
1769376006,5,,Aggregated,2.300000,0.000000,61,91,100,110,120,2100,2100,2100,2100,2100,2100,4796,8,61,184.33576148776012,0.4395999712869525,2133.6112999124452,2641.591326105088
1769376007,5,,Aggregated,2.400000,0.000000,61,91,100,110,120,2100,2100,2100,2100,2100,2100,4798,8,61,184.28093124119985,0.4395999712869525,2133.6112999124452,2641.562109212172
1769376008,5,,Aggregated,2.500000,0.000000,61,91,100,110,120,2100,2100,2100,2100,2100,2100,4800,8,61,184.23002035318254,0.4395999712869525,2133.6112999124452,2641.5816666666665
1769376009,5,,Aggregated,2.400000,0.000000,61,91,100,110,120,2100,2100,2100,2100,2100,2100,4801,8,61,184.20657873261058,0.4395999712869525,2133.6112999124452,2643.0120808164966
1769376010,5,,Aggregated,2.600000,0.000000,61,91,100,110,120,2100,2100,2100,2100,2100,2100,4803,8,61,184.1542489684208,0.4395999712869525,2133.6112999124452,2642.998750780762
1769376011,5,,Aggregated,2.400000,0.000000,61,91,100,110,120,2100,2100,2100,2100,2100,2100,4805,8,61,184.0988649105756,0.4395999712869525,2133.6112999124452,2642.931113423517
1769376012,5,,Aggregated,2.400000,0.000000,61,91,100,110,120,2100,2100,2100,2100,2100,2100,4805,8,61,184.0988649105756,0.4395999712869525,2133.6112999124452,2642.931113423517
1769376013,5,,Aggregated,2.700000,0.000000,61,91,100,110,120,2100,2100,2100,2100,2100,2100,4807,8,61,184.04270786254307,0.4395999712869525,2133.6112999124452,2642.477220719784
1769376014,5,,Aggregated,2.100000,0.000000,61,91,100,110,120,2100,2100,2100,2100,2100,2100,4814,8,61,183.92783296538272,0.4395999712869525,2133.6112999124452,2641.578313253012
1769376015,5,,Aggregated,2.100000,0.000000,61,91,100,110,120,2100,2100,2100,2100,2100,2100,4815,8,61,183.91757709146327,0.4395999712869525,2133.6112999124452,2641.9115264797506
1769376016,5,,Aggregated,2.500000,0.000000,61,91,100,110,120,2100,2100,2100,2100,2100,2100,4820,8,61,183.79761456336567,0.4395999712869525,2133.6112999124452,2641.5014522821575
1769376017,5,,Aggregated,2.300000,0.000000,61,91,100,110,120,2100,2100,2100,2100,2100,2100,4824,8,61,184.1360929716594,0.4395999712869525,2133.6112999124452,2642.452736318408
1769376018,5,,Aggregated,2.300000,0.000000,61,91,100,110,120,2100,2100,2100,2100,2100,2100,4824,8,61,184.1360929716594,0.4395999712869525,2133.6112999124452,2642.452736318408
1769376019,5,,Aggregated,2.400000,0.000000,61,91,100,110,120,2100,2100,2100,2100,2100,2100,4827,8,61,184.05811363067698,0.4395999712869525,2133.6112999124452,2642.4431323803606
1769376020,5,,Aggregated,2.500000,0.000000,61,91,100,110,120,2100,2100,2100,2100,2100,2100,4828,8,61,184.02984772064062,0.4395999712869525,2133.6112999124452,2642.4413835956916
1769376021,5,,Aggregated,2.400000,0.000000,61,91,100,110,120,2100,2100,2100,2100,2100,2100,4829,8,61,184.00300501039717,0.4395999712869525,2133.6112999124452,2643.674466763305
1769376022,5,,Aggregated,2.600000,0.000000,61,91,100,110,120,2100,2100,2100,2100,2100,2100,4832,8,61,183.92671941125104,0.4395999712869525,2133.6112999124452,2643.6272764900664
1769376023,5,,Aggregated,2.400000,0.000000,61,91,100,110,120,2100,2100,2100,2100,2100,2100,4833,8,61,183.89930258539346,0.4395999712869525,2133.6112999124452,2643.5923856817712
1769376024,5,,Aggregated,2.400000,0.000000,61,91,100,110,120,2100,2100,2100,2100,2100,2100,4833,8,61,183.89930258539346,0.4395999712869525,2133.6112999124452,2643.5923856817712
1769376025,5,,Aggregated,2.700000,0.000000,61,91,100,110,120,2100,2100,2100,2100,2100,2100,4837,8,61,183.8036441999525,0.4395999712869525,2133.6112999124452,2642.481703535249
1769376026,5,,Aggregated,2.100000,0.000000,61,91,100,110,120,2100,2100,2100,2100,2100,2100,4843,8,61,183.7016485846172,0.4395999712869525,2133.6112999124452,2642.577328102416
1769376027,5,,Aggregated,2.100000,0.000000,61,91,100,110,120,2100,2100,2100,2100,2100,2100,4843,8,61,183.7016485846172,0.4395999712869525,2133.6112999124452,2642.577328102416
1769376028,5,,Aggregated,2.500000,0.000000,61,91,100,110,120,2100,2100,2100,2100,2100,2100,4848,8,61,183.59238665334638,0.4395999712869525,2133.6112999124452,2642.1662541254127
1769376029,5,,Aggregated,2.300000,0.000000,61,91,100,110,120,2100,2100,2100,2100,2100,2100,4852,8,61,183.92959719608052,0.4395999712869525,2133.6112999124452,2642.9276586974443
1769376030,5,,Aggregated,2.300000,0.000000,61,91,100,110,120,2100,2100,2100,2100,2100,2100,4852,8,61,183.92959719608052,0.4395999712869525,2133.6112999124452,2642.9276586974443
1769376031,5,,Aggregated,2.400000,0.000000,61,91,100,110,120,2100,2100,2100,2100,2100,2100,4855,8,61,183.84806391251698,0.4395999712869525,2133.6112999124452,2642.917816683831
1769376032,5,,Aggregated,2.500000,0.000000,61,91,100,110,120,2100,2100,2100,2100,2100,2100,4856,8,61,183.82370061681436,0.4395999712869525,2133.6112999124452,2642.9159802306426
1769376033,5,,Aggregated,2.400000,0.000000,61,91,100,110,120,2100,2100,2100,2100,2100,2100,4857,8,61,183.79853928253337,0.4395999712869525,2133.6112999124452,2644.312744492485
1769376034,5,,Aggregated,2.600000,0.000000,61,91,100,110,120,2100,2100,2100,2100,2100,2100,4860,8,61,183.71584777681468,0.4395999712869525,2133.6112999124452,2644.26646090535
1769376035,5,,Aggregated,2.400000,0.000000,61,91,100,110,120,2100,2100,2100,2100,2100,2100,4861,8,61,183.69139030967938,0.4395999712869525,2133.6112999124452,2644.2318452993213
1769376036,5,,Aggregated,2.400000,0.000000,61,91,100,110,120,2100,2100,2100,2100,2100,2100,4861,8,61,183.69139030967938,0.4395999712869525,2133.6112999124452,2644.2318452993213
1769376037,5,,Aggregated,2.700000,0.000000,61,91,100,110,120,2100,2100,2100,2100,2100,2100,4867,8,61,183.56334472888648,0.4395999712869525,2133.6112999124452,2643.217793301829
1769376038,5,,Aggregated,2.100000,0.000000,61,91,100,110,120,2100,2100,2100,2100,2100,2100,4871,8,61,183.49418248728855,0.4395999712869525,2133.6112999124452,2643.2213097926506
1769376039,5,,Aggregated,2.100000,0.000000,61,91,100,110,120,2100,2100,2100,2100,2100,2100,4871,8,61,183.49418248728855,0.4395999712869525,2133.6112999124452,2643.2213097926506
1769376040,5,,Aggregated,2.500000,0.000000,61,91,100,110,120,2100,2100,2100,2100,2100,2100,4876,8,61,183.38306681613054,0.4395999712869525,2133.6112999124452,2642.8146021328957
1769376041,5,,Aggregated,2.300000,0.000000,61,91,100,110,120,2100,2100,2100,2100,2100,2100,4880,8,61,183.71894147445553,0.4395999712869525,2133.6112999124452,2643.756762295082
1769376042,5,,Aggregated,2.300000,0.000000,61,91,100,110,120,2100,2100,2100,2100,2100,2100,4880,8,61,183.71894147445553,0.4395999712869525,2133.6112999124452,2643.756762295082
1769376043,5,,Aggregated,2.400000,0.000000,61,91,100,110,120,2100,2100,2100,2100,2100,2100,4883,8,61,183.64891603426653,0.4395999712869525,2133.6112999124452,2643.7460577513825
1769376044,5,,Aggregated,2.500000,0.000000,61,91,100,110,120,2100,2100,2100,2100,2100,2100,4884,8,61,183.62228476564343,0.4395999712869525,2133.6112999124452,2643.744062244062
1769376045,5,,Aggregated,2.400000,0.000000,61,91,100,110,120,2100,2100,2100,2100,2100,2100,4885,8,61,183.5985261198141,0.4395999712869525,2133.6112999124452,2645.146980552712
1769376046,5,,Aggregated,2.600000,0.000000,61,91,100,110,120,2100,2100,2100,2100,2100,2100,4888,8,61,183.52747299416816,0.4395999712869525,2133.6112999124452,2645.1000409165304
1769376047,5,,Aggregated,2.400000,0.000000,61,91,100,110,120,2100,2100,2100,2100,2100,2100,4889,8,61,183.5003755359967,0.4395999712869525,2133.6112999124452,2645.065453057885
1769376048,5,,Aggregated,2.400000,0.000000,61,91,100,110,120,2100,2100,2100,2100,2100,2100,4889,8,61,183.5003755359967,0.4395999712869525,2133.6112999124452,2645.065453057885
1769376049,5,,Aggregated,2.700000,0.000000,61,91,100,110,120,2100,2100,2100,2100,2100,2100,4896,8,61,183.3418919312761,0.4395999712869525,2133.6112999124452,2644.3833741830067
1769376050,5,,Aggregated,2.100000,0.000000,61,91,100,110,120,2100,2100,2100,2100,2100,2100,4899,8,61,183.2824543366896,0.4395999712869525,2133.6112999124452,2644.058991630945
1769376051,5,,Aggregated,2.100000,0.000000,61,91,100,110,120,2100,2100,2100,2100,2100,2100,4899,8,61,183.2824543366896,0.4395999712869525,2133.6112999124452,2644.058991630945
1769376052,5,,Aggregated,2.500000,0.000000,61,91,100,110,120,2100,2100,2100,2100,2100,2100,4904,8,61,183.1747747339879,0.4395999712869525,2133.6112999124452,2643.6521207177816
1769376053,5,,Aggregated,2.300000,0.000000,61,91,100,110,120,2100,2100,2100,2100,2100,2100,4908,8,61,183.5092688458949,0.4395999712869525,2133.6112999124452,2644.5808883455584
1769376054,5,,Aggregated,2.300000,0.000000,61,91,100,110,120,2100,2100,2100,2100,2100,2100,4908,8,61,183.5092688458949,0.4395999712869525,2133.6112999124452,2644.5808883455584
1769376055,5,,Aggregated,2.400000,0.000000,61,91,100,110,120,2100,2100,2100,2100,2100,2100,4911,8,61,183.42947656193638,0.4395999712869525,2133.6112999124452,2644.5699450213806
1769376056,5,,Aggregated,2.500000,0.000000,61,91,100,110,120,2100,2100,2100,2100,2100,2100,4912,8,61,183.40389212045108,0.4395999712869525,2133.6112999124452,2644.567996742671
1769376057,5,,Aggregated,2.400000,0.000000,61,91,100,110,120,2100,2100,2100,2100,2100,2100,4913,8,61,183.38253765433603,0.4395999712869525,2133.6112999124452,2645.953388968044
1769376058,5,,Aggregated,2.600000,0.000000,61,91,100,110,120,2100,2100,2100,2100,2100,2100,4916,8,61,183.30692418548696,0.4395999712869525,2133.6112999124452,2645.906427990236
1769376059,5,,Aggregated,2.400000,0.000000,61,91,100,110,120,2100,2100,2100,2100,2100,2100,4917,8,61,183.28111106281233,0.4395999712869525,2133.6112999124452,2645.871669717307
1769376060,5,,Aggregated,2.400000,0.000000,61,91,100,110,120,2100,2100,2100,2100,2100,2100,4917,8,61,183.28111106281233,0.4395999712869525,2133.6112999124452,2645.871669717307
1769376061,5,,Aggregated,2.700000,0.000000,61,91,100,110,120,2100,2100,2100,2100,2100,2100,4924,8,61,183.1537816807286,0.4395999712869525,2133.6112999124452,2645.1923233143784
1769376062,5,,Aggregated,2.100000,0.000000,61,91,100,110,120,2100,2100,2100,2100,2100,2100,4927,8,61,183.09786379054154,0.4395999712869525,2133.6112999124452,2644.86929165821
1769376063,5,,Aggregated,2.100000,0.000000,61,91,100,110,120,2100,2100,2100,2100,2100,2100,4927,8,61,183.09786379054154,0.4395999712869525,2133.6112999124452,2644.86929165821
1769376064,5,,Aggregated,2.500000,0.000000,61,91,100,110,120,2100,2100,2100,2100,2100,2100,4932,8,61,182.991029459863,0.4395999712869525,2133.6112999124452,2644.464314679643
1769376065,5,,Aggregated,2.300000,0.000000,61,91,100,110,120,2100,2100,2100,2100,2100,2100,4936,8,61,183.32555245058467,0.4395999712869525,2133.6112999124452,2645.3940437601295
1769376066,5,,Aggregated,2.300000,0.000000,61,91,100,110,120,2100,2100,2100,2100,2100,2100,4936,8,61,183.32555245058467,0.4395999712869525,2133.6112999124452,2645.3940437601295
1769376067,5,,Aggregated,2.400000,0.000000,61,91,100,110,120,2100,2100,2100,2100,2100,2100,4939,8,61,183.25247523709277,0.4395999712869525,2133.6112999124452,2645.3840858473377
1769376068,5,,Aggregated,2.500000,0.000000,61,91,100,110,120,2100,2100,2100,2100,2100,2100,4940,8,61,183.22944775221848,0.4395999712869525,2133.6112999124452,2645.381781376518
1769376069,5,,Aggregated,2.400000,0.000000,61,91,100,110,120,2100,2100,2100,2100,2100,2100,4941,8,61,183.20362910261613,0.4395999712869525,2133.6112999124452,2646.758146124266
1769376070,5,,Aggregated,2.600000,0.000000,61,91,100,110,120,2100,2100,2100,2100,2100,2100,4944,8,61,183.14023068286144,0.4395999712869525,2133.6112999124452,2646.7105582524273
1769376071,5,,Aggregated,2.400000,0.000000,61,91,100,110,120,2100,2100,2100,2100,2100,2100,4945,8,61,183.1174783207593,0.4395999712869525,2133.6112999124452,2646.6758341759355
1769376072,5,,Aggregated,2.400000,0.000000,61,91,100,110,120,2100,2100,2100,2100,2100,2100,4945,8,61,183.1174783207593,0.4395999712869525,2133.6112999124452,2646.6758341759355
1769376073,5,,Aggregated,2.700000,0.000000,61,91,100,110,120,2100,2100,2100,2100,2100,2100,4952,8,61,182.98827100081857,0.4395999712869525,2133.6112999124452,2645.9991922455574
1769376074,5,,Aggregated,2.100000,0.000000,61,91,100,110,120,2100,2100,2100,2100,2100,2100,4955,8,61,182.9275821788118,0.4395999712869525,2133.6112999124452,2645.6774974772957
1769376075,5,,Aggregated,2.100000,0.000000,61,91,100,110,120,2100,2100,2100,2100,2100,2100,4955,8,61,182.9275821788118,0.4395999712869525,2133.6112999124452,2645.6774974772957
1769376076,5,,Aggregated,2.500000,0.000000,61,91,100,110,120,2100,2100,2100,2100,2100,2100,4960,8,61,182.81392880969852,0.4395999712869525,2133.6112999124452,2645.2727822580646
1769376077,5,,Aggregated,2.300000,0.000000,61,91,100,110,120,2100,2100,2100,2100,2100,2100,4964,8,61,183.15208720711306,0.4395999712869525,2133.6112999124452,2646.2020547945203
1769376078,5,,Aggregated,2.300000,0.000000,61,91,100,110,120,2100,2100,2100,2100,2100,2100,4964,8,61,183.15208720711306,0.4395999712869525,2133.6112999124452,2646.2020547945203
1769376079,5,,Aggregated,2.400000,0.000000,61,91,100,110,120,2100,2100,2100,2100,2100,2100,4967,8,61,183.07870491166872,0.4395999712869525,2133.6112999124452,2646.1888463861487
1769376080,5,,Aggregated,2.500000,0.000000,61,91,100,110,120,2100,2100,2100,2100,2100,2100,4968,8,61,183.0504148543204,0.4395999712869525,2133.6112999124452,2646.1873993558775
1769376082,5,,Aggregated,2.400000,0.000000,61,91,100,110,120,2100,2100,2100,2100,2100,2100,4969,8,61,183.02948808537047,0.4395999712869525,2133.6112999124452,2647.571342322399
1769376083,5,,Aggregated,2.600000,0.000000,61,91,100,110,120,2100,2100,2100,2100,2100,2100,4971,8,61,182.98058583709525,0.4395999712869525,2133.6112999124452,2647.556628444981
1769376084,5,,Aggregated,2.400000,0.000000,61,91,100,110,120,2100,2100,2100,2100,2100,2100,4972,8,61,182.9564900434891,0.4395999712869525,2133.6112999124452,2647.522123893805
1769376085,5,,Aggregated,2.400000,0.000000,61,91,100,110,120,2100,2100,2100,2100,2100,2100,4973,8,61,183.34202537626416,0.4395999712869525,2133.6112999124452,2647.488035391112
1769376086,5,,Aggregated,2.600000,0.000000,61,91,100,110,120,2100,2100,2100,2100,2100,2100,4980,8,61,183.20894758955737,0.4395999712869525,2133.6112999124452,2646.8134538152613
1769376087,5,,Aggregated,2.000000,0.000000,61,91,100,110,120,2100,2100,2100,2100,2100,2100,4983,8,61,183.15482028818795,0.4395999712869525,2133.6112999124452,2646.493076459964
1769376088,5,,Aggregated,2.500000,0.000000,61,91,100,110,120,2100,2100,2100,2100,2100,2100,4984,8,61,183.1273261629268,0.4395999712869525,2133.6112999124452,2646.0856741573034
1769376089,5,,Aggregated,2.500000,0.000000,61,91,100,110,120,2100,2100,2100,2100,2100,2100,4988,8,61,183.04200631435833,0.4395999712869525,2133.6112999124452,2646.0910184442664
1769376090,5,,Aggregated,2.300000,0.000000,61,91,100,110,120,2100,2100,2100,2100,2100,2100,4992,8,61,183.36794248718948,0.4395999712869525,2133.6112999124452,2647.0286458333335
1769376091,5,,Aggregated,2.400000,0.000000,61,91,100,110,120,2100,2100,2100,2100,2100,2100,4993,8,61,183.34513771200906,0.4395999712869525,2133.6112999124452,2646.988584017625
1769376092,5,,Aggregated,2.500000,0.000000,61,91,100,110,120,2100,2100,2100,2100,2100,2100,4996,8,61,183.27742892237222,0.4395999712869525,2133.6112999124452,2647.0128102481985
1769376093,5,,Aggregated,2.400000,0.000000,61,91,100,110,120,2100,2100,2100,2100,2100,2100,4997,8,61,183.25340812410323,0.4395999712869525,2133.6112999124452,2648.4040424254554
1769376094,5,,Aggregated,2.600000,0.000000,61,91,100,110,120,2100,2100,2100,2100,2100,2100,4998,8,61,183.22637684995635,0.4395999712869525,2133.6112999124452,2648.422769107643
1769376095,5,,Aggregated,2.500000,0.000000,61,91,100,110,120,2100,2100,2100,2100,2100,2100,5000,8,61,183.17645743920002,0.4395999712869525,2133.6112999124452,2648.3542
1769376096,5,,Aggregated,2.500000,0.000000,61,91,100,110,120,2100,2100,2100,2100,2100,2100,5000,8,61,183.17645743920002,0.4395999712869525,2133.6112999124452,2648.3542
1769376097,5,,Aggregated,2.600000,0.000000,61,91,100,110,120,2100,2100,2100,2100,2100,2100,5002,8,61,183.53515569694483,0.4395999712869525,2133.6112999124452,2648.2894842063174
1769376098,5,,Aggregated,2.000000,0.000000,61,91,100,110,120,2100,2100,2100,2100,2100,2100,5010,8,61,183.3832400391332,0.4395999712869525,2133.6112999124452,2647.011976047904
1769376099,5,,Aggregated,2.000000,0.000000,61,91,100,110,120,2100,2100,2100,2100,2100,2100,5011,8,61,183.36908792578038,0.4395999712869525,2133.6112999124452,2647.3310716423866
1769376100,5,,Aggregated,2.500000,0.000000,61,91,100,110,120,2100,2100,2100,2100,2100,2100,5013,8,61,183.3256265302626,0.4395999712869525,2133.6112999124452,2646.6933971673648
1769376101,5,,Aggregated,2.300000,0.000000,61,91,100,110,120,2100,2100,2100,2100,2100,2100,5017,8,61,183.2371705593361,0.4395999712869525,2133.6112999124452,2646.890572055013
1769376102,5,,Aggregated,2.300000,0.000000,61,91,100,110,120,2100,2100,2100,2100,2100,2100,5020,8,61,183.5942274892695,0.4395999712869525,2133.6112999124452,2647.856374501992
1769376103,5,,Aggregated,2.400000,0.000000,61,91,100,110,120,2100,2100,2100,2100,2100,2100,5022,8,61,183.5424458773637,0.4395999712869525,2133.6112999124452,2647.8251692552767
1769376104,5,,Aggregated,2.500000,0.000000,61,91,100,110,120,2100,2100,2100,2100,2100,2100,5024,8,61,183.49380330336473,0.4395999712869525,2133.6112999124452,2647.840565286624
1769376105,5,,Aggregated,2.400000,0.000000,61,91,100,110,120,2100,2100,2100,2100,2100,2100,5025,8,61,183.46803000917316,0.4395999712869525,2133.6112999124452,2649.207562189055
1769376106,5,,Aggregated,2.600000,0.000000,61,91,100,110,120,2100,2100,2100,2100,2100,2100,5027,8,61,183.4152822152743,0.4395999712869525,2133.6112999124452,2649.1919633976527
1769376107,5,,Aggregated,2.600000,0.000000,61,91,100,110,120,2100,2100,2100,2100,2100,2100,5028,8,61,183.39082947418177,0.4395999712869525,2133.6112999124452,2649.159904534606
1769376108,5,,Aggregated,2.600000,0.000000,61,91,100,110,120,2100,2100,2100,2100,2100,2100,5028,8,61,183.39082947418177,0.4395999712869525,2133.6112999124452,2649.159904534606
1769376109,5,,Aggregated,2.700000,0.000000,61,91,100,110,120,2100,2100,2100,2100,2100,2100,5030,8,61,183.7460510131614,0.4395999712869525,2133.6112999124452,2648.7212723658054
1769376110,5,,Aggregated,2.000000,0.000000,61,91,100,110,120,2100,2100,2100,2100,2100,2100,5037,8,61,183.63720657060236,0.4395999712869525,2133.6112999124452,2647.8534842167956
1769376111,5,,Aggregated,1.700000,0.000000,61,91,100,110,120,2100,2100,2100,2100,2100,2100,5039,8,61,184.00377400200867,0.4395999712869525,2133.6112999124452,2648.138519547529
1769376112,5,,Aggregated,2.400000,0.000000,61,91,100,110,120,2100,2100,2100,2100,2100,2100,5042,8,61,183.9349968060563,0.4395999712869525,2133.6112999124452,2647.4617215390717
1769376113,5,,Aggregated,2.200000,0.000000,61,91,100,110,120,2100,2100,2100,2100,2100,2100,5046,8,61,183.853998750743,0.4395999712869525,2133.6112999124452,2647.4696789536265
1769376114,5,,Aggregated,2.200000,0.000000,61,92,100,110,120,2100,2100,2100,2100,2100,2100,5048,8,61,184.2214333788007,0.4395999712869525,2133.6112999124452,2648.657686212361
1769376115,5,,Aggregated,2.400000,0.000000,61,92,100,110,120,2100,2100,2100,2100,2100,2100,5050,8,61,184.17333374182593,0.4395999712869525,2133.6112999124452,2648.6265346534656
1769376116,5,,Aggregated,2.500000,0.000000,61,92,100,110,120,2100,2100,2100,2100,2100,2100,5052,8,61,184.12972026845526,0.4395999712869525,2133.6112999124452,2648.6423198733173
1769376117,5,,Aggregated,2.400000,0.000000,61,91,100,110,120,2100,2100,2100,2100,2100,2100,5053,8,61,184.104961111477,0.4395999712869525,2133.6112999124452,2649.9847615278054
1769376118,5,,Aggregated,2.600000,0.000000,61,91,100,110,120,2100,2100,2100,2100,2100,2100,5055,8,61,184.05665972232762,0.4395999712869525,2133.6112999124452,2649.9691394658753
1769376119,5,,Aggregated,2.400000,0.000000,61,91,100,110,120,2100,2100,2100,2100,2100,2100,5057,8,61,184.0084928804246,0.4395999712869525,2133.6112999124452,2649.9021158789797
1769376120,5,,Aggregated,2.400000,0.000000,61,91,100,110,120,2100,2100,2100,2100,2100,2100,5057,8,61,184.0084928804246,0.4395999712869525,2133.6112999124452,2649.9021158789797
1769376121,5,,Aggregated,2.800000,0.000000,61,91,100,110,120,2100,2100,2100,2100,2100,2100,5061,8,61,183.9271896851198,0.4395999712869525,2133.6112999124452,2648.835210432721
1769376122,5,,Aggregated,2.200000,0.000000,62,92,100,110,120,2100,2100,2100,2100,2100,2100,5067,8,62,183.83233574033775,0.4395999712869525,2133.6112999124452,2648.9190842707717
1769376123,5,,Aggregated,2.200000,0.000000,62,92,100,110,120,2100,2100,2100,2100,2100,2100,5067,8,62,183.83233574033775,0.4395999712869525,2133.6112999124452,2648.9190842707717
1769376124,5,,Aggregated,2.500000,0.000000,62,92,100,110,120,2100,2100,2100,2100,2100,2100,5072,8,61,183.72390331159775,0.4395999712869525,2133.6112999124452,2648.5222791798105
1769376125,5,,Aggregated,2.300000,0.000000,62,92,100,110,120,2100,2100,2100,2100,2100,2100,5076,8,62,184.0448634547803,0.4395999712869525,2133.6112999124452,2649.4044523246653
1769376126,5,,Aggregated,2.300000,0.000000,62,92,100,110,120,2100,2100,2100,2100,2100,2100,5076,8,62,184.0448634547803,0.4395999712869525,2133.6112999124452,2649.4044523246653
1769376127,5,,Aggregated,2.400000,0.000000,62,92,100,110,120,2100,2100,2100,2100,2100,2100,5079,8,62,183.9786034448404,0.4395999712869525,2133.6112999124452,2649.390037408939
1769376128,5,,Aggregated,2.500000,0.000000,62,92,100,110,120,2100,2100,2100,2100,2100,2100,5080,8,62,183.95330472368065,0.4395999712869525,2133.6112999124452,2649.387992125984
1769376129,5,,Aggregated,2.400000,0.000000,62,92,100,110,120,2100,2100,2100,2100,2100,2100,5081,8,62,183.92773847595788,0.4395999712869525,2133.6112999124452,2650.7144262940365
1769376130,5,,Aggregated,2.600000,0.000000,62,92,100,110,120,2100,2100,2100,2100,2100,2100,5084,8,62,183.8592277136525,0.4395999712869525,2133.6112999124452,2650.665420928403
1769376131,5,,Aggregated,2.400000,0.000000,62,92,100,110,120,2100,2100,2100,2100,2100,2100,5085,8,62,183.83314113985224,0.4395999712869525,2133.6112999124452,2650.6308751229103
1769376132,5,,Aggregated,2.400000,0.000000,62,92,100,110,120,2100,2100,2100,2100,2100,2100,5085,8,62,183.83314113985224,0.4395999712869525,2133.6112999124452,2650.6308751229103
1769376133,5,,Aggregated,2.700000,0.000000,62,92,100,110,120,2100,2100,2100,2100,2100,2100,5090,8,61,183.73065785777504,0.4395999712869525,2133.6112999124452,2649.339685658153
1769376134,5,,Aggregated,2.100000,0.000000,62,92,100,110,120,2100,2100,2100,2100,2100,2100,5095,8,62,183.6651198421783,0.4395999712869525,2133.6112999124452,2649.651619234544
1769376135,5,,Aggregated,2.100000,0.000000,62,92,100,110,120,2100,2100,2100,2100,2100,2100,5095,8,62,183.6651198421783,0.4395999712869525,2133.6112999124452,2649.651619234544
1769376136,5,,Aggregated,2.500000,0.000000,62,92,100,110,120,2100,2100,2100,2100,2100,2100,5100,8,62,183.55087386190837,0.4395999712869525,2133.6112999124452,2649.2539215686274
1769376137,5,,Aggregated,2.300000,0.000000,62,92,100,110,120,2100,2100,2100,2100,2100,2100,5104,8,62,183.87531163706936,0.4395999712869525,2133.6112999124452,2650.1353840125394
1769376138,5,,Aggregated,2.300000,0.000000,62,92,100,110,120,2100,2100,2100,2100,2100,2100,5104,8,62,183.87531163706936,0.4395999712869525,2133.6112999124452,2650.1353840125394
1769376139,5,,Aggregated,2.400000,0.000000,62,92,100,110,120,2100,2100,2100,2100,2100,2100,5107,8,62,183.8055865470342,0.4395999712869525,2133.6112999124452,2650.1217936166045
1769376140,5,,Aggregated,2.500000,0.000000,62,92,100,110,120,2100,2100,2100,2100,2100,2100,5108,8,62,183.77899902031032,0.4395999712869525,2133.6112999124452,2650.118833202819
1769376141,5,,Aggregated,2.400000,0.000000,62,92,100,110,120,2100,2100,2100,2100,2100,2100,5109,8,62,183.75407228336837,0.4395999712869525,2133.6112999124452,2651.4631043256995
1769376142,5,,Aggregated,2.600000,0.000000,62,92,100,110,120,2100,2100,2100,2100,2100,2100,5112,8,62,183.6738991384631,0.4395999712869525,2133.6112999124452,2651.4141236306727
1769376143,5,,Aggregated,2.400000,0.000000,62,92,100,110,120,2100,2100,2100,2100,2100,2100,5113,8,62,183.64649164791766,0.4395999712869525,2133.6112999124452,2651.379620575005
1769376144,5,,Aggregated,2.400000,0.000000,62,92,100,110,120,2100,2100,2100,2100,2100,2100,5113,8,62,183.64649164791766,0.4395999712869525,2133.6112999124452,2651.379620575005
1769376145,5,,Aggregated,2.700000,0.000000,62,92,100,110,120,2100,2100,2100,2100,2100,2100,5120,8,62,183.51616949137224,0.4395999712869525,2133.6112999124452,2650.71875
1769376146,5,,Aggregated,2.100000,0.000000,62,92,100,110,120,2100,2100,2100,2100,2100,2100,5123,8,62,183.4520197337304,0.4395999712869525,2133.6112999124452,2650.404840913527
1769376147,5,,Aggregated,2.100000,0.000000,62,92,100,110,120,2100,2100,2100,2100,2100,2100,5123,8,62,183.4520197337304,0.4395999712869525,2133.6112999124452,2650.404840913527
1769376148,5,,Aggregated,2.500000,0.000000,62,92,100,110,120,2100,2100,2100,2100,2100,2100,5128,8,62,183.34756261620427,0.4395999712869525,2133.6112999124452,2650.0111154446176
1769376149,5,,Aggregated,2.300000,0.000000,62,92,100,110,120,2100,2100,2100,2100,2100,2100,5132,8,62,183.66259986280923,0.4395999712869525,2133.6112999124452,2650.8994544037414
1769376150,5,,Aggregated,2.300000,0.000000,62,92,100,110,120,2100,2100,2100,2100,2100,2100,5132,8,62,183.66259986280923,0.4395999712869525,2133.6112999124452,2650.8994544037414
1769376151,5,,Aggregated,2.400000,0.000000,62,92,100,110,120,2100,2100,2100,2100,2100,2100,5135,8,62,183.59065620172424,0.4395999712869525,2133.6112999124452,2650.885686465433
1769376152,5,,Aggregated,2.500000,0.000000,62,92,100,110,120,2100,2100,2100,2100,2100,2100,5136,8,62,183.56305517832354,0.4395999712869525,2133.6112999124452,2650.882593457944
1769376153,5,,Aggregated,2.400000,0.000000,62,92,100,110,120,2100,2100,2100,2100,2100,2100,5137,8,62,183.5410702736649,0.4395999712869525,2133.6112999124452,2652.226202063461
1769376154,5,,Aggregated,2.600000,0.000000,62,92,100,110,120,2100,2100,2100,2100,2100,2100,5140,8,62,183.47533497973419,0.4395999712869525,2133.6112999124452,2652.1772373540857
1769376155,5,,Aggregated,2.400000,0.000000,62,92,100,110,120,2100,2100,2100,2100,2100,2100,5141,8,62,183.44819058468133,0.4395999712869525,2133.6112999124452,2652.14277377942
1769376156,5,,Aggregated,2.400000,0.000000,62,92,100,110,120,2100,2100,2100,2100,2100,2100,5141,8,62,183.44819058468133,0.4395999712869525,2133.6112999124452,2652.14277377942
1769376157,5,,Aggregated,2.700000,0.000000,62,92,100,110,120,2100,2100,2100,2100,2100,2100,5148,8,62,183.31940003800827,0.4395999712869525,2133.6112999124452,2651.48445998446
1769376158,5,,Aggregated,2.100000,0.000000,62,92,100,110,120,2100,2100,2100,2100,2100,2100,5151,8,62,183.26303981666922,0.4395999712869525,2133.6112999124452,2651.171811298777
1769376159,5,,Aggregated,2.100000,0.000000,62,92,100,110,120,2100,2100,2100,2100,2100,2100,5151,8,62,183.26303981666922,0.4395999712869525,2133.6112999124452,2651.171811298777
1769376160,5,,Aggregated,2.500000,0.000000,62,92,100,110,120,2100,2100,2100,2100,2100,2100,5156,8,62,183.15117653135803,0.4395999712869525,2133.6112999124452,2650.776958882855
1769376161,5,,Aggregated,2.300000,0.000000,62,92,100,110,120,2100,2100,2100,2100,2100,2100,5160,8,62,183.4653420728007,0.4395999712869525,2133.6112999124452,2651.47015503876
1769376162,5,,Aggregated,2.300000,0.000000,62,92,100,110,120,2100,2100,2100,2100,2100,2100,5160,8,62,183.4653420728007,0.4395999712869525,2133.6112999124452,2651.47015503876
1769376163,5,,Aggregated,2.400000,0.000000,62,92,100,110,120,2100,2100,2100,2100,2100,2100,5163,8,62,183.39154288123027,0.4395999712869525,2133.6112999124452,2651.455161727678
1769376164,5,,Aggregated,2.500000,0.000000,62,92,100,110,120,2100,2100,2100,2100,2100,2100,5164,8,62,183.36632980166672,0.4395999712869525,2133.6112999124452,2651.451975213013
1769376165,5,,Aggregated,2.400000,0.000000,62,92,100,110,120,2100,2100,2100,2100,2100,2100,5165,8,62,183.3428266787512,0.4395999712869525,2133.6112999124452,2652.761665053243
1769376166,5,,Aggregated,2.600000,0.000000,62,92,100,110,120,2100,2100,2100,2100,2100,2100,5168,8,62,183.27756754948305,0.4395999712869525,2133.6112999124452,2652.712654798762
1769376167,5,,Aggregated,2.400000,0.000000,62,92,100,110,120,2100,2100,2100,2100,2100,2100,5169,8,62,183.25208088522353,0.4395999712869525,2133.6112999124452,2652.678274327723
1769376168,5,,Aggregated,2.400000,0.000000,62,92,100,110,120,2100,2100,2100,2100,2100,2100,5169,8,62,183.25208088522353,0.4395999712869525,2133.6112999124452,2652.678274327723
1769376169,5,,Aggregated,2.700000,0.000000,62,92,100,110,120,2100,2100,2100,2100,2100,2100,5176,8,62,183.10788270779503,0.4395999712869525,2133.6112999124452,2652.0224111282846
1769376170,5,,Aggregated,2.100000,0.000000,62,92,100,110,120,2100,2100,2100,2100,2100,2100,5179,8,62,183.05570905492988,0.4395999712869525,2133.6112999124452,2651.7111411469396
1769376171,5,,Aggregated,2.100000,0.000000,62,92,100,110,120,2100,2100,2100,2100,2100,2100,5179,8,62,183.05570905492988,0.4395999712869525,2133.6112999124452,2651.7111411469396
1769376172,5,,Aggregated,2.500000,0.000000,62,92,100,110,120,2100,2100,2100,2100,2100,2100,5184,8,62,182.94650759943815,0.4395999712869525,2133.6112999124452,2651.3180941358023
1769376173,5,,Aggregated,2.300000,0.000000,62,92,100,110,120,2100,2100,2100,2100,2100,2100,5188,8,62,183.2629503460914,0.4395999712869525,2133.6112999124452,2652.175597532768
1769376174,5,,Aggregated,2.300000,0.000000,62,92,100,110,120,2100,2100,2100,2100,2100,2100,5188,8,62,183.2629503460914,0.4395999712869525,2133.6112999124452,2652.175597532768
1769376175,5,,Aggregated,2.400000,0.000000,62,92,100,110,120,2100,2100,2100,2100,2100,2100,5191,8,62,183.19148133224763,0.4395999712869525,2133.6112999124452,2652.1610479676365
1769376176,5,,Aggregated,2.500000,0.000000,62,92,100,110,120,2100,2100,2100,2100,2100,2100,5192,8,62,183.16676681348264,0.4395999712869525,2133.6112999124452,2652.1577426810477
1769376177,5,,Aggregated,2.400000,0.000000,62,92,100,110,120,2100,2100,2100,2100,2100,2100,5193,8,62,183.13875880909555,0.4395999712869525,2133.6112999124452,2653.477373387252
1769376178,5,,Aggregated,2.600000,0.000000,62,92,100,110,120,2100,2100,2100,2100,2100,2100,5196,8,62,183.07530839020637,0.4395999712869525,2133.6112999124452,2653.427636643572
1769376179,5,,Aggregated,2.400000,0.000000,62,92,100,110,120,2100,2100,2100,2100,2100,2100,5197,8,62,183.05046878882237,0.4395999712869525,2133.6112999124452,2653.393303829132
1769376180,5,,Aggregated,2.400000,0.000000,62,92,100,110,120,2100,2100,2100,2100,2100,2100,5197,8,62,183.05046878882237,0.4395999712869525,2133.6112999124452,2653.393303829132
1769376181,5,,Aggregated,2.700000,0.000000,62,92,100,110,120,2100,2100,2100,2100,2100,2100,5204,8,62,182.93075947263503,0.4395999712869525,2133.6112999124452,2652.7403920061492
1769376182,5,,Aggregated,2.100000,0.000000,62,92,100,110,120,2100,2100,2100,2100,2100,2100,5207,8,62,182.87998730471384,0.4395999712869525,2133.6112999124452,2652.4303821778376
1769376183,5,,Aggregated,2.100000,0.000000,62,92,100,110,120,2100,2100,2100,2100,2100,2100,5207,8,62,182.87998730471384,0.4395999712869525,2133.6112999124452,2652.4303821778376
1769376184,5,,Aggregated,2.500000,0.000000,62,92,100,110,120,2100,2100,2100,2100,2100,2100,5212,8,62,182.7747095348333,0.4395999712869525,2133.6112999124452,2652.0408672294707
1769376185,5,,Aggregated,2.300000,0.000000,62,92,100,110,120,2100,2100,2100,2100,2100,2100,5216,8,62,183.08787724223527,0.4395999712869525,2133.6112999124452,2652.9233128834358
1769376187,5,,Aggregated,2.300000,0.000000,62,92,100,110,120,2100,2100,2100,2100,2100,2100,5216,8,62,183.08787724223527,0.4395999712869525,2133.6112999124452,2652.9233128834358
1769376188,5,,Aggregated,2.400000,0.000000,62,92,100,110,120,2100,2100,2100,2100,2100,2100,5219,8,62,183.0209280504922,0.4395999712869525,2133.6112999124452,2652.906495497222
1769376189,5,,Aggregated,2.500000,0.000000,62,92,100,110,120,2100,2100,2100,2100,2100,2100,5220,8,62,182.99475436697008,0.4395999712869525,2133.6112999124452,2652.9028735632182
1769376190,5,,Aggregated,2.400000,0.000000,62,92,100,110,120,2100,2100,2100,2100,2100,2100,5221,8,62,182.97446245844716,0.4395999712869525,2133.6112999124452,2654.2087722658493
1769376191,5,,Aggregated,2.600000,0.000000,62,92,100,110,120,2100,2100,2100,2100,2100,2100,5224,8,62,182.9042852594864,0.4395999712869525,2133.6112999124452,2654.1592649310874
1769376192,5,,Aggregated,2.400000,0.000000,62,92,100,110,120,2100,2100,2100,2100,2100,2100,5225,8,62,182.88026773121263,0.4395999712869525,2133.6112999124452,2654.124976076555
1769376193,5,,Aggregated,2.400000,0.000000,62,92,100,110,120,2100,2100,2100,2100,2100,2100,5225,8,62,182.88026773121263,0.4395999712869525,2133.6112999124452,2654.124976076555
1769376194,5,,Aggregated,2.700000,0.000000,62,92,100,110,120,2100,2100,2100,2100,2100,2100,5232,8,62,182.75795271324222,0.4395999712869525,2133.6112999124452,2653.474006116208
1769376195,5,,Aggregated,2.100000,0.000000,62,92,100,110,120,2100,2100,2100,2100,2100,2100,5235,8,62,182.70136200488878,0.4395999712869525,2133.6112999124452,2653.16523400191
1769376196,5,,Aggregated,2.500000,0.000000,62,92,100,110,120,2100,2100,2100,2100,2100,2100,5236,8,62,182.67463783339923,0.4395999712869525,2133.6112999124452,2652.776165011459
1769376197,5,,Aggregated,2.300000,0.000000,62,92,100,110,120,2100,2100,2100,2100,2100,2100,5241,8,62,182.5664887990242,0.4395999712869525,2133.6112999124452,2652.7376454875025
1769376198,5,,Aggregated,2.300000,0.000000,62,92,100,110,120,2100,2100,2100,2100,2100,2100,5244,8,62,182.90459179931,0.4395999712869525,2133.6112999124452,2653.635392829901
1769376199,5,,Aggregated,2.400000,0.000000,62,92,100,110,120,2100,2100,2100,2100,2100,2100,5245,8,62,182.87966625274,0.4395999712869525,2133.6112999124452,2653.5973307912295
1769376200,5,,Aggregated,2.500000,0.000000,62,92,100,110,120,2100,2100,2100,2100,2100,2100,5248,8,62,182.81216177507392,0.4395999712869525,2133.6112999124452,2653.6185213414633
1769376201,5,,Aggregated,2.400000,0.000000,62,92,100,110,120,2100,2100,2100,2100,2100,2100,5249,8,62,182.7868855964026,0.4395999712869525,2133.6112999124452,2654.9346542198514
1769376202,5,,Aggregated,2.600000,0.000000,62,92,100,110,120,2100,2100,2100,2100,2100,2100,5250,8,62,182.76151778963617,0.4395999712869525,2133.6112999124452,2654.9506666666666
1769376203,5,,Aggregated,2.400000,0.000000,62,92,100,110,120,2100,2100,2100,2100,2100,2100,5253,8,62,182.6954715392213,0.4395999712869525,2133.6112999124452,2654.850942318675
1769376204,5,,Aggregated,2.400000,0.000000,62,92,100,110,120,2100,2100,2100,2100,2100,2100,5253,8,62,182.6954715392213,0.4395999712869525,2133.6112999124452,2654.850942318675
1769376205,5,,Aggregated,2.700000,0.000000,62,92,100,110,120,2100,2100,2100,2100,2100,2100,5254,8,62,182.67511625344437,0.4395999712869525,2133.6112999124452,2654.8191853825656
1769376206,5,,Aggregated,2.100000,0.000000,62,92,100,110,120,2100,2100,2100,2100,2100,2100,5262,8,62,182.53579139026732,0.4395999712869525,2133.6112999124452,2653.5929304446977
1769376207,5,,Aggregated,2.100000,0.000000,62,92,100,110,120,2100,2100,2100,2100,2100,2100,5263,8,62,182.52404231342584,0.4395999712869525,2133.6112999124452,2653.895496864906
1769376208,5,,Aggregated,2.500000,0.000000,62,92,100,110,120,2100,2100,2100,2100,2100,2100,5264,8,62,182.499988847935,0.4395999712869525,2133.6112999124452,2653.508358662614
1769376209,5,,Aggregated,2.300000,0.000000,62,92,100,110,120,2100,2100,2100,2100,2100,2100,5269,8,62,182.40902675944986,0.4395999712869525,2133.6112999124452,2653.469538811919
1769376210,5,,Aggregated,2.300000,0.000000,62,92,100,110,120,2100,2100,2100,2100,2100,2100,5272,8,62,182.7486602609185,0.4395999712869525,2133.6112999124452,2654.392071320182
1769376211,5,,Aggregated,2.400000,0.000000,62,92,100,110,120,2100,2100,2100,2100,2100,2100,5273,8,62,182.72226815769494,0.4395999712869525,2133.6112999124452,2654.354257538403
1769376212,5,,Aggregated,2.500000,0.000000,62,92,100,110,120,2100,2100,2100,2100,2100,2100,5276,8,62,182.65031430922986,0.4395999712869525,2133.6112999124452,2654.3722517058377
1769376213,5,,Aggregated,2.400000,0.000000,62,92,100,110,120,2100,2100,2100,2100,2100,2100,5277,8,62,182.62596321687994,0.4395999712869525,2133.6112999124452,2655.675383740762
1769376214,5,,Aggregated,2.600000,0.000000,62,92,100,110,120,2100,2100,2100,2100,2100,2100,5279,8,62,182.5773210637342,0.4395999712869525,2133.6112999124452,2655.6584580412955
1769376215,5,,Aggregated,2.400000,0.000000,62,92,100,110,120,2100,2100,2100,2100,2100,2100,5281,8,62,182.5306172307374,0.4395999712869525,2133.6112999124452,2655.5919333459574
1769376216,5,,Aggregated,2.400000,0.000000,62,92,100,110,120,2100,2100,2100,2100,2100,2100,5281,8,62,182.5306172307374,0.4395999712869525,2133.6112999124452,2655.5919333459574
1769376217,5,,Aggregated,2.700000,0.000000,62,92,100,110,120,2100,2100,2100,2100,2100,2100,5283,8,62,182.48217823123568,0.4395999712869525,2133.6112999124452,2655.174143479084
1769376218,5,,Aggregated,2.100000,0.000000,62,92,100,110,120,2100,2100,2100,2100,2100,2100,5291,8,62,182.36084723029447,0.4395999712869525,2133.6112999124452,2654.640143640144
1769376219,5,,Aggregated,2.100000,0.000000,62,92,100,110,120,2100,2100,2100,2100,2100,2100,5291,8,62,182.36084723029447,0.4395999712869525,2133.6112999124452,2654.640143640144
1769376220,5,,Aggregated,2.500000,0.000000,62,92,100,110,120,2100,2100,2100,2100,2100,2100,5294,8,62,182.29523647441462,0.4395999712869525,2133.6112999124452,2653.990933131847
1769376221,5,,Aggregated,2.300000,0.000000,62,92,100,110,120,2100,2100,2100,2100,2100,2100,5300,8,62,182.56136181043848,0.4395999712869525,2133.6112999124452,2655.1254716981134
1769376222,5,,Aggregated,2.300000,0.000000,62,92,100,110,120,2100,2100,2100,2100,2100,2100,5300,8,62,182.56136181043848,0.4395999712869525,2133.6112999124452,2655.1254716981134
1769376223,5,,Aggregated,2.400000,0.000000,62,92,100,110,120,2100,2100,2100,2100,2100,2100,5302,8,62,182.51313289235458,0.4395999712869525,2133.6112999124452,2655.0929837797057
1769376224,5,,Aggregated,2.500000,0.000000,62,92,100,110,120,2100,2100,2100,2100,2100,2100,5304,8,62,182.46660037618955,0.4395999712869525,2133.6112999124452,2655.105769230769
1769376225,5,,Aggregated,2.400000,0.000000,62,92,100,110,120,2100,2100,2100,2100,2100,2100,5305,8,62,182.44600861362278,0.4395999712869525,2133.6112999124452,2656.40150801131
1769376226,5,,Aggregated,2.600000,0.000000,62,92,100,110,120,2100,2100,2100,2100,2100,2100,5308,8,62,182.37767531940068,0.4395999712869525,2133.6112999124452,2656.3521100226076
1769376227,5,,Aggregated,2.400000,0.000000,62,92,100,110,120,2100,2100,2100,2100,2100,2100,5309,8,62,182.35114998971181,0.4395999712869525,2133.6112999124452,2656.31795064984
1769376228,5,,Aggregated,2.400000,0.000000,62,92,100,110,120,2100,2100,2100,2100,2100,2100,5309,8,62,182.35114998971181,0.4395999712869525,2133.6112999124452,2656.31795064984
1769376229,5,,Aggregated,2.700000,0.000000,62,92,100,110,120,2100,2100,2100,2100,2100,2100,5313,8,62,182.25977935164966,0.4395999712869525,2133.6112999124452,2655.297195558065
1769376230,5,,Aggregated,2.100000,0.000000,62,92,100,110,120,2100,2100,2100,2100,2100,2100,5319,8,62,182.19339819427165,0.4395999712869525,2133.6112999124452,2655.369806354578
1769376231,5,,Aggregated,2.100000,0.000000,62,92,100,110,120,2100,2100,2100,2100,2100,2100,5319,8,62,182.19339819427165,0.4395999712869525,2133.6112999124452,2655.369806354578
1769376232,5,,Aggregated,2.500000,0.000000,62,92,100,110,120,2100,2100,2100,2100,2100,2100,5324,8,62,182.08965681729262,0.4395999712869525,2133.6112999124452,2654.984973703982
1769376233,5,,Aggregated,2.300000,0.000000,62,92,100,110,120,2100,2100,2100,2100,2100,2100,5328,8,62,182.4000804420587,0.4395999712869525,2133.6112999124452,2655.8524774774774
1769376234,5,,Aggregated,2.300000,0.000000,62,92,100,110,120,2100,2100,2100,2100,2100,2100,5328,8,62,182.4000804420587,0.4395999712869525,2133.6112999124452,2655.8524774774774
1769376235,5,,Aggregated,2.400000,0.000000,62,92,100,110,120,2100,2100,2100,2100,2100,2100,5331,8,62,182.3346741503238,0.4395999712869525,2133.6112999124452,2655.834740198837
1769376236,5,,Aggregated,2.500000,0.000000,62,92,100,110,120,2100,2100,2100,2100,2100,2100,5332,8,62,182.31303296986823,0.4395999712869525,2133.6112999124452,2655.831582895724
1769376237,5,,Aggregated,2.400000,0.000000,62,92,100,110,120,2100,2100,2100,2100,2100,2100,5333,8,62,182.28999202986824,0.4395999712869525,2133.6112999124452,2657.1291955747233
1769376238,5,,Aggregated,2.600000,0.000000,62,92,100,110,120,2100,2100,2100,2100,2100,2100,5336,8,62,182.22547295639717,0.4395999712869525,2133.6112999124452,2657.079460269865
1769376239,5,,Aggregated,2.400000,0.000000,62,92,100,110,120,2100,2100,2100,2100,2100,2100,5337,8,62,182.2040102857987,0.4395999712869525,2133.6112999124452,2657.0453438261197
1769376240,5,,Aggregated,2.400000,0.000000,62,92,100,110,120,2100,2100,2100,2100,2100,2100,5337,8,62,182.2040102857987,0.4395999712869525,2133.6112999124452,2657.0453438261197
1769376241,5,,Aggregated,2.700000,0.000000,62,92,100,110,120,2100,2100,2100,2100,2100,2100,5343,8,62,182.09007939271228,0.4395999712869525,2133.6112999124452,2656.1066816395282
1769376242,5,,Aggregated,2.100000,0.000000,62,92,100,110,120,2100,2100,2100,2100,2100,2100,5347,8,62,182.03386541896478,0.4395999712869525,2133.6112999124452,2656.100243126987
1769376243,5,,Aggregated,2.100000,0.000000,62,92,100,110,120,2100,2100,2100,2100,2100,2100,5347,8,62,182.03386541896478,0.4395999712869525,2133.6112999124452,2656.100243126987
1769376244,5,,Aggregated,2.500000,0.000000,62,92,100,110,120,2100,2100,2100,2100,2100,2100,5352,8,62,181.92608686382758,0.4395999712869525,2133.6112999124452,2655.7165545590433
1769376245,5,,Aggregated,2.300000,0.000000,62,92,100,110,120,2100,2100,2100,2100,2100,2100,5356,8,62,182.22105395728482,0.4395999712869525,2133.6112999124452,2656.587938760269
1769376246,5,,Aggregated,2.300000,0.000000,62,92,100,110,120,2100,2100,2100,2100,2100,2100,5356,8,62,182.22105395728482,0.4395999712869525,2133.6112999124452,2656.587938760269
1769376247,5,,Aggregated,2.400000,0.000000,62,92,100,110,120,2100,2100,2100,2100,2100,2100,5359,8,62,182.14488779532235,0.4395999712869525,2133.6112999124452,2656.571935062512
1769376248,5,,Aggregated,2.500000,0.000000,62,92,100,110,120,2100,2100,2100,2100,2100,2100,5360,8,62,182.12211921551776,0.4395999712869525,2133.6112999124452,2656.568656716418
1769376249,5,,Aggregated,2.400000,0.000000,62,92,100,110,120,2100,2100,2100,2100,2100,2100,5361,8,62,182.09904735966805,0.4395999712869525,2133.6112999124452,2657.849281850401
1769376250,5,,Aggregated,2.600000,0.000000,62,92,100,110,120,2100,2100,2100,2100,2100,2100,5364,8,62,182.02900562923188,0.4395999712869525,2133.6112999124452,2657.799217002237
1769376251,5,,Aggregated,2.400000,0.000000,62,92,100,110,120,2100,2100,2100,2100,2100,2100,5365,8,62,182.00479187234066,0.4395999712869525,2133.6112999124452,2657.7651444547996
1769376252,5,,Aggregated,2.400000,0.000000,62,92,100,110,120,2100,2100,2100,2100,2100,2100,5365,8,62,182.00479187234066,0.4395999712869525,2133.6112999124452,2657.7651444547996
1769376253,5,,Aggregated,2.700000,0.000000,62,92,100,110,120,2100,2100,2100,2100,2100,2100,5372,8,62,181.8684846044387,0.4395999712869525,2133.6112999124452,2657.1269545793
1769376254,5,,Aggregated,2.100000,0.000000,62,92,100,110,120,2100,2100,2100,2100,2100,2100,5375,8,62,181.81790038977945,0.4395999712869525,2133.6112999124452,2656.824186046512
1769376255,5,,Aggregated,2.100000,0.000000,62,92,100,110,120,2100,2100,2100,2100,2100,2100,5375,8,62,181.81790038977945,0.4395999712869525,2133.6112999124452,2656.824186046512
1769376256,5,,Aggregated,2.500000,0.000000,62,92,100,110,120,2100,2100,2100,2100,2100,2100,5380,8,62,181.71829910690076,0.4395999712869525,2133.6112999124452,2656.441821561338
1769376257,5,,Aggregated,2.300000,0.000000,62,92,100,110,120,2100,2100,2100,2100,2100,2100,5384,8,62,182.01796415212712,0.4395999712869525,2133.6112999124452,2657.2975482912334
1769376258,5,,Aggregated,2.300000,0.000000,62,92,100,110,120,2100,2100,2100,2100,2100,2100,5384,8,62,182.01796415212712,0.4395999712869525,2133.6112999124452,2657.2975482912334
1769376259,5,,Aggregated,2.400000,0.000000,62,92,100,110,120,2100,2100,2100,2100,2100,2100,5387,8,62,181.94681353166357,0.4395999712869525,2133.6112999124452,2657.278819379989
1769376260,5,,Aggregated,2.500000,0.000000,62,92,100,110,120,2100,2100,2100,2100,2100,2100,5388,8,62,181.9252494979548,0.4395999712869525,2133.6112999124452,2657.2746844840385
1769376261,5,,Aggregated,2.400000,0.000000,62,92,100,110,120,2100,2100,2100,2100,2100,2100,5389,8,62,181.8996861746267,0.4395999712869525,2133.6112999124452,2658.550565967712
1769376262,5,,Aggregated,2.600000,0.000000,62,92,100,110,120,2100,2100,2100,2100,2100,2100,5392,8,62,181.82492485074383,0.4395999712869525,2133.6112999124452,2658.5001854599404
1769376263,5,,Aggregated,2.400000,0.000000,62,92,100,110,120,2100,2100,2100,2100,2100,2100,5393,8,62,181.80113958745994,0.4395999712869525,2133.6112999124452,2658.4661598368257
1769376264,5,,Aggregated,2.400000,0.000000,62,92,100,110,120,2100,2100,2100,2100,2100,2100,5393,8,62,181.80113958745994,0.4395999712869525,2133.6112999124452,2658.4661598368257
1769376265,5,,Aggregated,2.700000,0.000000,62,92,100,110,120,2100,2100,2100,2100,2100,2100,5400,8,62,181.6690855361392,0.4395999712869525,2133.6112999124452,2657.8298148148147
1769376266,5,,Aggregated,2.100000,0.000000,62,92,100,110,120,2100,2100,2100,2100,2100,2100,5403,8,62,181.61400149827338,0.4395999712869525,2133.6112999124452,2657.5282250601517
1769376267,5,,Aggregated,2.100000,0.000000,62,92,100,110,120,2100,2100,2100,2100,2100,2100,5403,8,62,181.61400149827338,0.4395999712869525,2133.6112999124452,2657.5282250601517
1769376268,5,,Aggregated,2.500000,0.000000,62,92,100,110,120,2100,2100,2100,2100,2100,2100,5408,8,62,181.51455251390655,0.4395999712869525,2133.6112999124452,2657.1475591715975
1769376269,5,,Aggregated,2.300000,0.000000,62,92,100,110,120,2100,2100,2100,2100,2100,2100,5412,8,62,181.81806354311877,0.4395999712869525,2133.6112999124452,2657.9874353288988
1769376270,5,,Aggregated,2.300000,0.000000,62,92,100,110,120,2100,2100,2100,2100,2100,2100,5412,8,62,181.81806354311877,0.4395999712869525,2133.6112999124452,2657.9874353288988
1769376271,5,,Aggregated,2.400000,0.000000,62,92,100,110,120,2100,2100,2100,2100,2100,2100,5415,8,62,181.75275451439197,0.4395999712869525,2133.6112999124452,2657.9715604801477
1769376272,5,,Aggregated,2.500000,0.000000,62,92,100,110,120,2100,2100,2100,2100,2100,2100,5416,8,62,181.72856958925107,0.4395999712869525,2133.6112999124452,2657.96805760709
1769376273,5,,Aggregated,2.400000,0.000000,62,92,100,110,120,2100,2100,2100,2100,2100,2100,5417,8,62,181.70952261313803,0.4395999712869525,2133.6112999124452,2659.2375853793615
1769376274,5,,Aggregated,2.600000,0.000000,62,92,100,110,120,2100,2100,2100,2100,2100,2100,5420,8,62,181.64479988841924,0.4395999712869525,2133.6112999124452,2659.187822878229
1769376276,5,,Aggregated,2.400000,0.000000,62,92,100,110,120,2100,2100,2100,2100,2100,2100,5421,8,62,181.61922884988877,0.4395999712869525,2133.6112999124452,2659.1540306216566
1769376277,5,,Aggregated,2.400000,0.000000,62,92,100,110,120,2100,2100,2100,2100,2100,2100,5421,8,62,181.61922884988877,0.4395999712869525,2133.6112999124452,2659.1540306216566
1769376278,5,,Aggregated,2.700000,0.000000,62,92,100,110,120,2100,2100,2100,2100,2100,2100,5428,8,62,181.49530620764315,0.4395999712869525,2133.6112999124452,2658.5200810611645
1769376279,5,,Aggregated,2.100000,0.000000,62,92,100,110,120,2100,2100,2100,2100,2100,2100,5431,8,62,181.44498405361347,0.4395999712869525,2133.6112999124452,2658.219664886761
1769376280,5,,Aggregated,2.100000,0.000000,62,92,100,110,120,2100,2100,2100,2100,2100,2100,5431,8,62,181.44498405361347,0.4395999712869525,2133.6112999124452,2658.219664886761
1769376281,5,,Aggregated,2.500000,0.000000,62,92,100,110,120,2100,2100,2100,2100,2100,2100,5436,8,62,181.3449136304148,0.4395999712869525,2133.6112999124452,2657.841059602649
1769376282,5,,Aggregated,2.300000,0.000000,62,92,100,110,120,2100,2100,2100,2100,2100,2100,5440,8,62,181.64929531158123,0.4395999712869525,2133.6112999124452,2658.695036764706
1769376283,5,,Aggregated,2.300000,0.000000,62,92,100,110,120,2100,2100,2100,2100,2100,2100,5440,8,62,181.64929531158123,0.4395999712869525,2133.6112999124452,2658.695036764706
1769376284,5,,Aggregated,2.500000,0.000000,62,92,100,110,120,2100,2100,2100,2100,2100,2100,5443,8,62,181.57715346225223,0.4395999712869525,2133.6112999124452,2658.66727907404
1769376285,5,,Aggregated,2.400000,0.000000,62,92,100,110,120,2100,2100,2100,2100,2100,2100,5444,8,62,181.55201098365535,0.4395999712869525,2133.6112999124452,2659.929831006613
1769376286,5,,Aggregated,2.500000,0.000000,62,92,100,110,120,2100,2100,2100,2100,2100,2100,5446,8,62,181.88341353194215,0.4395999712869525,2133.6112999124452,2659.949320602277
1769376287,5,,Aggregated,2.300000,0.000000,62,92,100,110,120,2100,2100,2100,2100,2100,2100,5449,8,62,181.82007876579638,0.4395999712869525,2133.6112999124452,2659.850431271793
1769376288,5,,Aggregated,2.300000,0.000000,62,92,100,110,120,2100,2100,2100,2100,2100,2100,5449,8,62,181.82007876579638,0.4395999712869525,2133.6112999124452,2659.850431271793
1769376289,5,,Aggregated,2.700000,0.000000,62,92,100,110,120,2100,2100,2100,2100,2100,2100,5450,8,62,181.7970903293409,0.4395999712869525,2133.6112999124452,2659.818348623853
1769376290,5,,Aggregated,2.100000,0.000000,62,92,100,110,120,2100,2100,2100,2100,2100,2100,5457,8,62,181.6794389215603,0.4395999712869525,2133.6112999124452,2658.8444200109952
1769376291,5,,Aggregated,2.100000,0.000000,62,92,100,110,120,2100,2100,2100,2100,2100,2100,5459,8,62,181.65226167705174,0.4395999712869525,2133.6112999124452,2658.9195823410882
1769376292,5,,Aggregated,2.500000,0.000000,62,92,100,110,120,2100,2100,2100,2100,2100,2100,5460,8,62,181.6262632408418,0.4395999712869525,2133.6112999124452,2658.545421245421
1769376293,5,,Aggregated,2.300000,0.000000,62,92,100,110,120,2100,2100,2100,2100,2100,2100,5465,8,62,181.52287094148724,0.4395999712869525,2133.6112999124452,2658.502470265325
1769376294,5,,Aggregated,2.300000,0.000000,62,92,100,110,120,2100,2100,2100,2100,2100,2100,5468,8,62,181.84824912127036,0.4395999712869525,2133.6112999124452,2659.384418434528
1769376295,5,,Aggregated,2.400000,0.000000,62,92,100,110,120,2100,2100,2100,2100,2100,2100,5469,8,62,181.82214858202158,0.4395999712869525,2133.6112999124452,2659.3470469921376
1769376296,5,,Aggregated,2.600000,0.000000,62,92,100,110,120,2100,2100,2100,2100,2100,2100,5471,8,62,181.7746938393635,0.4395999712869525,2133.6112999124452,2659.3478340339975
1769376297,5,,Aggregated,2.500000,0.000000,62,92,100,110,120,2100,2100,2100,2100,2100,2100,5472,8,62,181.75199522938678,0.4395999712869525,2133.6112999124452,2660.621527777778
1769376298,5,,Aggregated,2.500000,0.000000,62,92,100,110,120,2100,2100,2100,2100,2100,2100,5475,8,62,182.05205495800976,0.4395999712869525,2133.6112999124452,2660.6173515981736
1769376299,5,,Aggregated,2.300000,0.000000,62,92,100,110,120,2100,2100,2100,2100,2100,2100,5477,8,62,182.0064345435706,0.4395999712869525,2133.6112999124452,2660.5519444951615
1769376300,5,,Aggregated,2.300000,0.000000,62,92,100,110,120,2100,2100,2100,2100,2100,2100,5477,8,62,182.0064345435706,0.4395999712869525,2133.6112999124452,2660.5519444951615
1769376301,5,,Aggregated,2.700000,0.000000,62,92,100,110,120,2100,2100,2100,2100,2100,2100,5479,8,62,181.95964686895854,0.4395999712869525,2133.6112999124452,2660.146742106224
1769376302,5,,Aggregated,2.100000,0.000000,62,92,100,110,120,2100,2100,2100,2100,2100,2100,5487,8,62,181.83548208402055,0.4395999712869525,2133.6112999124452,2659.624567158739
1769376303,5,,Aggregated,2.100000,0.000000,62,92,100,110,120,2100,2100,2100,2100,2100,2100,5487,8,62,181.83548208402055,0.4395999712869525,2133.6112999124452,2659.624567158739
1769376304,5,,Aggregated,2.500000,0.000000,62,92,100,110,120,2100,2100,2100,2100,2100,2100,5491,8,62,181.76312649702191,0.4395999712869525,2133.6112999124452,2659.2848297213623
1769376305,5,,Aggregated,2.300000,0.000000,62,92,100,110,120,2100,2100,2100,2100,2100,2100,5494,8,62,181.7094809965832,0.4395999712869525,2133.6112999124452,2658.9947215143793
1769376306,5,,Aggregated,2.300000,0.000000,62,92,100,110,120,2100,2100,2100,2100,2100,2100,5496,8,62,182.04193553406733,0.4395999712869525,2133.6112999124452,2660.1029839883554
1769376307,5,,Aggregated,2.400000,0.000000,62,92,100,110,120,2100,2100,2100,2100,2100,2100,5498,8,62,181.99559134146094,0.4395999712869525,2133.6112999124452,2660.0707530010914
1769376308,5,,Aggregated,2.400000,0.000000,62,92,100,110,120,2100,2100,2100,2100,2100,2100,5499,8,62,181.97291343796633,0.4395999712869525,2133.6112999124452,2660.0851063829787
1769376309,5,,Aggregated,2.500000,0.000000,62,92,100,110,120,2100,2100,2100,2100,2100,2100,5500,8,62,181.94972783551466,0.4395999712869525,2133.6112999124452,2661.322
1769376310,5,,Aggregated,2.600000,0.000000,62,92,100,110,120,2100,2100,2100,2100,2100,2100,5503,8,62,182.25401887977245,0.4395999712869525,2133.6112999124452,2661.2522260585133
1769376311,5,,Aggregated,2.300000,0.000000,62,92,100,110,120,2100,2100,2100,2100,2100,2100,5504,8,62,182.22871002824323,0.4395999712869525,2133.6112999124452,2661.2185683139537
1769376312,5,,Aggregated,2.300000,0.000000,62,92,100,110,120,2100,2100,2100,2100,2100,2100,5505,8,62,182.57372806457334,0.4395999712869525,2133.6112999124452,2661.233605812897
1769376313,5,,Aggregated,2.600000,0.000000,62,92,100,110,120,2100,2100,2100,2100,2100,2100,5510,8,62,182.46075212260362,0.4395999712869525,2133.6112999124452,2660.5335753176046
1769376314,5,,Aggregated,2.000000,0.000000,62,92,100,110,120,2100,2100,2100,2100,2100,2100,5515,8,62,182.36385341714697,0.4395999712869525,2133.6112999124452,2660.3104261106073
1769376315,5,,Aggregated,2.000000,0.000000,62,92,100,110,120,2100,2100,2100,2100,2100,2100,5515,8,62,182.36385341714697,0.4395999712869525,2133.6112999124452,2660.3104261106073
1769376316,5,,Aggregated,2.500000,0.000000,62,92,100,110,120,2100,2100,2100,2100,2100,2100,5520,8,62,182.25244199199116,0.4395999712869525,2133.6112999124452,2659.9333333333334
1769376317,5,,Aggregated,2.300000,0.000000,62,92,100,110,120,2100,2100,2100,2100,2100,2100,5524,8,62,182.53422894566603,0.4395999712869525,2133.6112999124452,2660.7583272990587
1769376318,5,,Aggregated,2.300000,0.000000,62,92,100,110,120,2100,2100,2100,2100,2100,2100,5524,8,62,182.53422894566603,0.4395999712869525,2133.6112999124452,2660.7583272990587
1769376319,5,,Aggregated,2.400000,0.000000,62,92,100,110,120,2100,2100,2100,2100,2100,2100,5527,8,62,182.45624251779026,0.4395999712869525,2133.6112999124452,2660.7400036185995
1769376320,5,,Aggregated,2.500000,0.000000,62,92,100,110,120,2100,2100,2100,2100,2100,2100,5528,8,62,182.42979468087034,0.4395999712869525,2133.6112999124452,2660.735347322721
1769376321,5,,Aggregated,2.500000,0.000000,62,92,100,110,120,2100,2100,2100,2100,2100,2100,5529,8,62,182.40394657188014,0.4395999712869525,2133.6112999124452,2661.98534997287
1769376322,5,,Aggregated,2.700000,0.000000,62,92,100,110,120,2100,2100,2100,2100,2100,2100,5532,8,62,182.32527695152947,0.4395999712869525,2133.6112999124452,2661.934924078091
1769376323,5,,Aggregated,2.500000,0.000000,62,92,100,110,120,2100,2100,2100,2100,2100,2100,5533,8,62,182.29799275181296,0.4395999712869525,2133.6112999124452,2661.901319356588
1769376324,5,,Aggregated,2.500000,0.000000,62,92,100,110,120,2100,2100,2100,2100,2100,2100,5533,8,62,182.29799275181296,0.4395999712869525,2133.6112999124452,2661.901319356588
1769376325,5,,Aggregated,2.700000,0.000000,62,92,100,110,120,2100,2100,2100,2100,2100,2100,5540,8,62,182.15200994506273,0.4395999712869525,2133.6112999124452,2661.2772563176895
1769376326,5,,Aggregated,2.100000,0.000000,62,92,100,110,120,2100,2100,2100,2100,2100,2100,5543,8,62,182.09004363987003,0.4395999712869525,2133.6112999124452,2660.9814180046906
1769376327,5,,Aggregated,2.100000,0.000000,62,92,100,110,120,2100,2100,2100,2100,2100,2100,5543,8,62,182.09004363987003,0.4395999712869525,2133.6112999124452,2660.9814180046906
1769376328,5,,Aggregated,2.500000,0.000000,62,92,100,110,120,2100,2100,2100,2100,2100,2100,5548,8,62,181.97272892858985,0.4395999712869525,2133.6112999124452,2660.606885364095
1769376329,5,,Aggregated,2.300000,0.000000,62,92,100,110,120,2100,2100,2100,2100,2100,2100,5552,8,62,182.2535001613632,0.4395999712869525,2133.6112999124452,2661.434798270893
1769376330,5,,Aggregated,2.300000,0.000000,62,92,100,110,120,2100,2100,2100,2100,2100,2100,5552,8,62,182.2535001613632,0.4395999712869525,2133.6112999124452,2661.434798270893
1769376331,5,,Aggregated,2.400000,0.000000,62,92,100,110,120,2100,2100,2100,2100,2100,2100,5555,8,62,182.1762921144636,0.4395999712869525,2133.6112999124452,2661.416381638164
1769376332,5,,Aggregated,2.500000,0.000000,62,92,100,110,120,2100,2100,2100,2100,2100,2100,5556,8,62,182.1495794268815,0.4395999712869525,2133.6112999124452,2661.4114470842333
1769376333,5,,Aggregated,2.400000,0.000000,62,92,100,110,120,2100,2100,2100,2100,2100,2100,5557,8,62,182.1225635407049,0.4395999712869525,2133.6112999124452,2662.633975166457
1769376334,5,,Aggregated,2.600000,0.000000,62,92,100,110,120,2100,2100,2100,2100,2100,2100,5560,8,62,182.0433128229845,0.4395999712869525,2133.6112999124452,2662.583273381295
1769376335,5,,Aggregated,2.400000,0.000000,62,92,100,110,120,2100,2100,2100,2100,2100,2100,5561,8,62,182.01693880521304,0.4395999712869525,2133.6112999124452,2662.54954144938
1769376336,5,,Aggregated,2.400000,0.000000,62,92,100,110,120,2100,2100,2100,2100,2100,2100,5561,8,62,182.01693880521304,0.4395999712869525,2133.6112999124452,2662.54954144938
1769376337,5,,Aggregated,2.700000,0.000000,62,92,100,110,120,2100,2100,2100,2100,2100,2100,5568,8,62,181.8662556385904,0.4395999712869525,2133.6112999124452,2661.927981321839
1769376338,5,,Aggregated,2.100000,0.000000,62,92,100,110,120,2100,2100,2100,2100,2100,2100,5571,8,62,181.80211295920896,0.4395999712869525,2133.6112999124452,2661.6332794830373
1769376339,5,,Aggregated,2.100000,0.000000,62,92,100,110,120,2100,2100,2100,2100,2100,2100,5571,8,62,181.80211295920896,0.4395999712869525,2133.6112999124452,2661.6332794830373
1769376340,5,,Aggregated,2.500000,0.000000,62,92,100,110,120,2100,2100,2100,2100,2100,2100,5576,8,62,181.68671206880407,0.4395999712869525,2133.6112999124452,2661.2609397417505
1769376341,5,,Aggregated,2.300000,0.000000,62,92,100,110,120,2100,2100,2100,2100,2100,2100,5580,8,62,181.96688354760994,0.4395999712869525,2133.6112999124452,2662.069892473118
1769376342,5,,Aggregated,2.300000,0.000000,62,92,100,110,120,2100,2100,2100,2100,2100,2100,5580,8,62,181.96688354760994,0.4395999712869525,2133.6112999124452,2662.069892473118
1769376343,5,,Aggregated,2.400000,0.000000,62,92,100,110,120,2100,2100,2100,2100,2100,2100,5583,8,62,181.890325809729,0.4395999712869525,2133.6112999124452,2662.0514060540927
1769376344,5,,Aggregated,2.500000,0.000000,62,92,100,110,120,2100,2100,2100,2100,2100,2100,5584,8,62,181.86501826570446,0.4395999712869525,2133.6112999124452,2662.0465616045844
1769376345,5,,Aggregated,2.400000,0.000000,62,92,100,110,120,2100,2100,2100,2100,2100,2100,5585,8,62,181.84045745671003,0.4395999712869525,2133.6112999124452,2663.2913160250673
1769376346,5,,Aggregated,2.600000,0.000000,62,92,100,110,120,2100,2100,2100,2100,2100,2100,5588,8,62,181.76441921900195,0.4395999712869525,2133.6112999124452,2663.240694345025
1769376347,5,,Aggregated,2.400000,0.000000,62,92,100,110,120,2100,2100,2100,2100,2100,2100,5589,8,62,181.73784415741176,0.4395999712869525,2133.6112999124452,2663.207013777062
1769376348,5,,Aggregated,2.400000,0.000000,62,92,100,110,120,2100,2100,2100,2100,2100,2100,5589,8,62,181.73784415741176,0.4395999712869525,2133.6112999124452,2663.207013777062
1769376349,5,,Aggregated,2.700000,0.000000,62,92,100,110,120,2100,2100,2100,2100,2100,2100,5596,8,62,181.59072807286614,0.4395999712869525,2133.6112999124452,2662.5875625446747
1769376350,5,,Aggregated,2.100000,0.000000,62,92,100,110,120,2100,2100,2100,2100,2100,2100,5599,8,62,181.53388083510396,0.4395999712869525,2133.6112999124452,2662.2939810680477
1769376351,5,,Aggregated,2.100000,0.000000,62,92,100,110,120,2100,2100,2100,2100,2100,2100,5599,8,62,181.53388083510396,0.4395999712869525,2133.6112999124452,2662.2939810680477
1769376352,5,,Aggregated,2.500000,0.000000,62,92,100,110,120,2100,2100,2100,2100,2100,2100,5604,8,62,181.42348529547363,0.4395999712869525,2133.6112999124452,2661.9221984296933
1769376353,5,,Aggregated,2.300000,0.000000,62,92,100,110,120,2100,2100,2100,2100,2100,2100,5608,8,62,181.6983596640493,0.4395999712869525,2133.6112999124452,2662.7432239657633
1769376354,5,,Aggregated,2.300000,0.000000,62,92,100,110,120,2100,2100,2100,2100,2100,2100,5608,8,62,181.6983596640493,0.4395999712869525,2133.6112999124452,2662.7432239657633
1769376355,5,,Aggregated,2.400000,0.000000,62,92,100,110,120,2100,2100,2100,2100,2100,2100,5611,8,62,181.62348971593357,0.4395999712869525,2133.6112999124452,2662.722687577972
1769376356,5,,Aggregated,2.500000,0.000000,62,92,100,110,120,2100,2100,2100,2100,2100,2100,5612,8,62,181.59799835995153,0.4395999712869525,2133.6112999124452,2662.7184604419103
1769376357,5,,Aggregated,2.400000,0.000000,62,92,100,110,120,2100,2100,2100,2100,2100,2100,5613,8,62,181.5723315332302,0.4395999712869525,2133.6112999124452,2663.9531444860145
1769376358,5,,Aggregated,2.600000,0.000000,62,92,100,110,120,2100,2100,2100,2100,2100,2100,5616,8,62,181.49642795513375,0.4395999712869525,2133.6112999124452,2663.9013532763533
1769376359,5,,Aggregated,2.400000,0.000000,62,92,100,110,120,2100,2100,2100,2100,2100,2100,5617,8,62,181.47068358483568,0.4395999712869525,2133.6112999124452,2663.867722983799
1769376360,5,,Aggregated,2.400000,0.000000,62,92,100,110,120,2100,2100,2100,2100,2100,2100,5617,8,62,181.47068358483568,0.4395999712869525,2133.6112999124452,2663.867722983799
1769376361,5,,Aggregated,2.700000,0.000000,62,91,100,110,120,2100,2100,2100,2100,2100,2100,5624,8,62,181.32053376529842,0.4395999712869525,2133.6112999124452,2663.2501778093883
1769376362,5,,Aggregated,2.100000,0.000000,62,91,100,110,120,2100,2100,2100,2100,2100,2100,5627,8,62,181.2585268697576,0.4395999712869525,2133.6112999124452,2662.9577039274923
1769376363,5,,Aggregated,2.100000,0.000000,62,91,100,110,120,2100,2100,2100,2100,2100,2100,5627,8,62,181.2585268697576,0.4395999712869525,2133.6112999124452,2662.9577039274923
1769376365,5,,Aggregated,2.500000,0.000000,62,91,100,110,120,2100,2100,2100,2100,2100,2100,5632,8,62,181.14436947728956,0.4395999712869525,2133.6112999124452,2662.5859375
1769376366,5,,Aggregated,2.300000,0.000000,62,91,100,110,120,2100,2100,2100,2100,2100,2100,5636,8,62,181.4180235266284,0.4395999712869525,2133.6112999124452,2663.2185947480484
1769376367,5,,Aggregated,2.300000,0.000000,62,91,100,110,120,2100,2100,2100,2100,2100,2100,5636,8,62,181.4180235266284,0.4395999712869525,2133.6112999124452,2663.2185947480484
1769376368,5,,Aggregated,2.400000,0.000000,62,91,100,110,120,2100,2100,2100,2100,2100,2100,5639,8,62,181.3411626345137,0.4395999712869525,2133.6112999124452,2663.1993261216526
1769376369,5,,Aggregated,2.500000,0.000000,62,91,100,110,120,2100,2100,2100,2100,2100,2100,5640,8,62,181.316993563128,0.4395999712869525,2133.6112999124452,2663.19414893617
1769376370,5,,Aggregated,2.400000,0.000000,62,91,100,110,120,2100,2100,2100,2100,2100,2100,5641,8,62,181.2910619563917,0.4395999712869525,2133.6112999124452,2664.4038291083143
1769376371,5,,Aggregated,2.600000,0.000000,62,91,100,110,120,2100,2100,2100,2100,2100,2100,5644,8,62,181.21446381926734,0.4395999712869525,2133.6112999124452,2664.352409638554
1769376372,5,,Aggregated,2.400000,0.000000,62,91,100,110,120,2100,2100,2100,2100,2100,2100,5645,8,62,181.189438156937,0.4395999712869525,2133.6112999124452,2664.3188662533216
1769376373,5,,Aggregated,2.400000,0.000000,62,91,100,110,120,2100,2100,2100,2100,2100,2100,5645,8,62,181.189438156937,0.4395999712869525,2133.6112999124452,2664.3188662533216
1769376374,5,,Aggregated,2.100000,0.000000,62,91,100,110,120,2100,2100,2100,2100,2100,2100,5653,8,62,181.01487337627185,0.4395999712869525,2133.6112999124452,2663.3419423315054
1769376375,5,,Aggregated,2.100000,0.000000,62,91,100,110,120,2100,2100,2100,2100,2100,2100,5655,8,62,180.98213269604184,0.4395999712869525,2133.6112999124452,2663.4129089301505
1769376376,5,,Aggregated,2.500000,0.000000,62,91,100,110,120,2100,2100,2100,2100,2100,2100,5656,8,62,180.9553875346817,0.4395999712869525,2133.6112999124452,2663.050919377652
1769376377,5,,Aggregated,2.300000,0.000000,62,91,100,110,120,2100,2100,2100,2100,2100,2100,5661,8,62,180.84404734078473,0.4395999712869525,2133.6112999124452,2663.004062886416
1769376378,5,,Aggregated,2.300000,0.000000,62,91,100,110,120,2100,2100,2100,2100,2100,2100,5664,8,62,181.14254193081297,0.4395999712869525,2133.6112999124452,2663.8319209039546
1769376379,5,,Aggregated,2.400000,0.000000,62,91,100,110,120,2100,2100,2100,2100,2100,2100,5665,8,62,181.11662324731685,0.4395999712869525,2133.6112999124452,2663.7950573698145
1769376380,5,,Aggregated,2.500000,0.000000,62,91,100,110,120,2100,2100,2100,2100,2100,2100,5668,8,62,181.0397986937293,0.4395999712869525,2133.6112999124452,2663.8062808750883
1769376381,5,,Aggregated,2.400000,0.000000,62,91,100,110,120,2100,2100,2100,2100,2100,2100,5669,8,62,181.0137908795264,0.4395999712869525,2133.6112999124452,2665.008996295643
1769376382,5,,Aggregated,2.600000,0.000000,62,91,100,110,120,2100,2100,2100,2100,2100,2100,5670,8,62,180.9882592232865,0.4395999712869525,2133.6112999124452,2665.0229276895943
1769376383,5,,Aggregated,2.400000,0.000000,62,91,100,110,120,2100,2100,2100,2100,2100,2100,5673,8,62,180.91400766719107,0.4395999712869525,2133.6112999124452,2664.9247311827958
1769376384,5,,Aggregated,2.400000,0.000000,62,91,100,110,120,2100,2100,2100,2100,2100,2100,5673,8,62,180.91400766719107,0.4395999712869525,2133.6112999124452,2664.9247311827958
1769376385,5,,Aggregated,2.700000,0.000000,62,91,100,110,120,2100,2100,2100,2100,2100,2100,5675,8,62,180.86203816672992,0.4395999712869525,2133.6112999124452,2664.5325110132158
1769376386,5,,Aggregated,2.100000,0.000000,62,91,100,110,120,2100,2100,2100,2100,2100,2100,5683,8,62,180.71151536093907,0.4395999712869525,2133.6112999124452,2664.022171388351
1769376387,5,,Aggregated,2.100000,0.000000,62,91,100,110,120,2100,2100,2100,2100,2100,2100,5683,8,62,180.71151536093907,0.4395999712869525,2133.6112999124452,2664.022171388351
1769376388,5,,Aggregated,2.500000,0.000000,62,91,100,110,120,2100,2100,2100,2100,2100,2100,5687,8,62,180.62795450962838,0.4395999712869525,2133.6112999124452,2663.6910497626163
1769376389,5,,Aggregated,2.300000,0.000000,62,91,100,110,120,2100,2100,2100,2100,2100,2100,5690,8,62,180.55877731042966,0.4395999712869525,2133.6112999124452,2663.408435852373
1769376390,5,,Aggregated,2.300000,0.000000,62,91,100,110,120,2100,2100,2100,2100,2100,2100,5692,8,62,180.87829035425065,0.4395999712869525,2133.6112999124452,2664.4557273366127
1769376391,5,,Aggregated,2.400000,0.000000,62,91,100,110,120,2100,2100,2100,2100,2100,2100,5694,8,62,180.8291508774965,0.4395999712869525,2133.6112999124452,2664.4218475588336
1769376392,5,,Aggregated,2.500000,0.000000,62,91,100,110,120,2100,2100,2100,2100,2100,2100,5696,8,62,180.78076316653116,0.4395999712869525,2133.6112999124452,2664.4294241573034
1769376393,5,,Aggregated,2.400000,0.000000,62,91,100,110,120,2100,2100,2100,2100,2100,2100,5697,8,62,180.7555635240459,0.4395999712869525,2133.6112999124452,2665.6440231700894
1769376394,5,,Aggregated,2.600000,0.000000,62,91,100,110,120,2100,2100,2100,2100,2100,2100,5699,8,62,180.70434135751978,0.4395999712869525,2133.6112999124452,2665.623618178628
1769376395,5,,Aggregated,2.400000,0.000000,62,91,100,110,120,2100,2100,2100,2100,2100,2100,5701,8,62,180.653087370021,0.4395999712869525,2133.6112999124452,2665.5586739168566
1769376396,5,,Aggregated,2.400000,0.000000,62,91,100,110,120,2100,2100,2100,2100,2100,2100,5701,8,62,180.653087370021,0.4395999712869525,2133.6112999124452,2665.5586739168566
1769376397,5,,Aggregated,2.700000,0.000000,62,91,100,110,120,2100,2100,2100,2100,2100,2100,5705,8,62,180.55914047267615,0.4395999712869525,2133.6112999124452,2664.601051709027
1769376398,5,,Aggregated,2.100000,0.000000,62,91,100,110,120,2100,2100,2100,2100,2100,2100,5711,8,62,180.45255540125854,0.4395999712869525,2133.6112999124452,2664.6589038697252
1769376399,5,,Aggregated,2.100000,0.000000,62,91,100,110,120,2100,2100,2100,2100,2100,2100,5711,8,62,180.45255540125854,0.4395999712869525,2133.6112999124452,2664.6589038697252
1769376400,5,,Aggregated,2.500000,0.000000,62,91,100,110,120,2100,2100,2100,2100,2100,2100,5716,8,62,180.33939321141932,0.4395999712869525,2133.6112999124452,2664.2909377186843
1769376401,5,,Aggregated,2.300000,0.000000,62,91,100,110,120,2100,2100,2100,2100,2100,2100,5720,8,62,180.6077086707004,0.4395999712869525,2133.6112999124452,2665.099300699301
1769376402,5,,Aggregated,2.300000,0.000000,62,91,100,110,120,2100,2100,2100,2100,2100,2100,5720,8,62,180.6077086707004,0.4395999712869525,2133.6112999124452,2665.099300699301
1769376403,5,,Aggregated,2.400000,0.000000,62,90,100,110,120,2100,2100,2100,2100,2100,2100,5723,8,62,180.53220120503056,0.4395999712869525,2133.6112999124452,2665.079503756771
1769376404,5,,Aggregated,2.500000,0.000000,62,90,100,110,120,2100,2100,2100,2100,2100,2100,5724,8,62,180.50729110698683,0.4395999712869525,2133.6112999124452,2665.074248777079
1769376405,5,,Aggregated,2.400000,0.000000,62,90,100,110,120,2100,2100,2100,2100,2100,2100,5725,8,62,180.48198321333976,0.4395999712869525,2133.6112999124452,2666.2836681222707
1769376406,5,,Aggregated,2.600000,0.000000,61,90,100,110,120,2100,2100,2100,2100,2100,2100,5728,8,61,180.40661632271394,0.4395999712869525,2133.6112999124452,2666.232716480447
1769376407,5,,Aggregated,2.400000,0.000000,61,90,100,110,120,2100,2100,2100,2100,2100,2100,5729,8,61,180.38104126312547,0.4395999712869525,2133.6112999124452,2666.199511258509
1769376408,5,,Aggregated,2.400000,0.000000,61,90,100,110,120,2100,2100,2100,2100,2100,2100,5729,8,61,180.38104126312547,0.4395999712869525,2133.6112999124452,2666.199511258509
1769376409,5,,Aggregated,2.700000,0.000000,61,90,100,110,120,2100,2100,2100,2100,2100,2100,5735,8,61,180.25006744488928,0.4395999712869525,2133.6112999124452,2665.315954664342
1769376410,5,,Aggregated,2.100000,0.000000,61,90,100,110,120,2100,2100,2100,2100,2100,2100,5739,8,61,180.17638311490137,0.4395999712869525,2133.6112999124452,2665.303537201603
1769376411,5,,Aggregated,2.100000,0.000000,61,90,100,110,120,2100,2100,2100,2100,2100,2100,5739,8,61,180.17638311490137,0.4395999712869525,2133.6112999124452,2665.303537201603
1769376412,5,,Aggregated,2.500000,0.000000,61,90,100,110,120,2100,2100,2100,2100,2100,2100,5744,8,61,180.06782150005063,0.4395999712869525,2133.6112999124452,2664.93889275766
1769376413,5,,Aggregated,2.300000,0.000000,62,90,100,110,120,2100,2100,2100,2100,2100,2100,5748,8,61,180.33791814478525,0.4395999712869525,2133.6112999124452,2665.742867084203
1769376414,5,,Aggregated,2.300000,0.000000,62,90,100,110,120,2100,2100,2100,2100,2100,2100,5748,8,61,180.33791814478525,0.4395999712869525,2133.6112999124452,2665.742867084203
1769376415,5,,Aggregated,2.400000,0.000000,61,90,100,110,120,2100,2100,2100,2100,2100,2100,5751,8,61,180.26206357089777,0.4395999712869525,2133.6112999124452,2665.7221352808206
1769376416,5,,Aggregated,2.500000,0.000000,61,90,100,110,120,2100,2100,2100,2100,2100,2100,5752,8,61,180.2366720612288,0.4395999712869525,2133.6112999124452,2665.7174895688454
1769376417,5,,Aggregated,2.400000,0.000000,61,90,100,110,120,2100,2100,2100,2100,2100,2100,5753,8,61,180.2115053530838,0.4395999712869525,2133.6112999124452,2666.906309751434
1769376418,5,,Aggregated,2.600000,0.000000,61,90,100,110,120,2100,2100,2100,2100,2100,2100,5756,8,61,180.13797753582816,0.4395999712869525,2133.6112999124452,2666.855976372481
1769376419,5,,Aggregated,2.400000,0.000000,61,90,100,110,120,2100,2100,2100,2100,2100,2100,5757,8,61,180.11328200386623,0.4395999712869525,2133.6112999124452,2666.822650686121
1769376420,5,,Aggregated,2.400000,0.000000,61,90,100,110,120,2100,2100,2100,2100,2100,2100,5757,8,61,180.11328200386623,0.4395999712869525,2133.6112999124452,2666.822650686121
1769376421,5,,Aggregated,2.700000,0.000000,61,90,100,110,120,2100,2100,2100,2100,2100,2100,5764,8,61,179.96692383698786,0.4395999712869525,2133.6112999124452,2666.216863289382
1769376422,5,,Aggregated,2.100000,0.000000,61,90,100,110,120,2100,2100,2100,2100,2100,2100,5767,8,61,179.90881539732658,0.4395999712869525,2133.6112999124452,2665.9299462458816
1769376423,5,,Aggregated,2.100000,0.000000,61,90,100,110,120,2100,2100,2100,2100,2100,2100,5767,8,61,179.90881539732658,0.4395999712869525,2133.6112999124452,2665.9299462458816
1769376424,5,,Aggregated,2.500000,0.000000,61,90,100,110,120,2100,2100,2100,2100,2100,2100,5772,8,61,179.80296907421106,0.4395999712869525,2133.6112999124452,2665.5646223146223
1769376425,5,,Aggregated,2.300000,0.000000,61,90,100,110,120,2100,2100,2100,2100,2100,2100,5776,8,61,180.07690522790654,0.4395999712869525,2133.6112999124452,2666.3521468144045
1769376426,5,,Aggregated,2.300000,0.000000,61,90,100,110,120,2100,2100,2100,2100,2100,2100,5776,8,61,180.07690522790654,0.4395999712869525,2133.6112999124452,2666.3521468144045
1769376427,5,,Aggregated,2.400000,0.000000,61,90,100,110,120,2100,2100,2100,2100,2100,2100,5779,8,61,180.00088165712233,0.4395999712869525,2133.6112999124452,2666.3318913306803
1769376428,5,,Aggregated,2.500000,0.000000,61,90,100,110,120,2100,2100,2100,2100,2100,2100,5780,8,61,179.9753327848741,0.4395999712869525,2133.6112999124452,2666.326297577855
1769376429,5,,Aggregated,2.400000,0.000000,61,90,100,110,120,2100,2100,2100,2100,2100,2100,5781,8,61,179.95004666952426,0.4395999712869525,2133.6112999124452,2667.517730496454
1769376430,5,,Aggregated,2.600000,0.000000,61,90,100,110,120,2100,2100,2100,2100,2100,2100,5784,8,61,179.87586671792752,0.4395999712869525,2133.6112999124452,2667.4661134163207
1769376431,5,,Aggregated,2.400000,0.000000,61,90,100,110,120,2100,2100,2100,2100,2100,2100,5785,8,61,179.8516953494416,0.4395999712869525,2133.6112999124452,2667.4330164217804
1769376432,5,,Aggregated,2.400000,0.000000,61,90,100,110,120,2100,2100,2100,2100,2100,2100,5785,8,61,179.8516953494416,0.4395999712869525,2133.6112999124452,2667.4330164217804
1769376433,5,,Aggregated,2.700000,0.000000,61,90,100,110,120,2100,2100,2100,2100,2100,2100,5792,8,61,179.7102030035583,0.4395999712869525,2133.6112999124452,2666.829419889503
1769376434,5,,Aggregated,2.100000,0.000000,61,90,100,110,120,2100,2100,2100,2100,2100,2100,5795,8,61,179.65536201840814,0.4395999712869525,2133.6112999124452,2666.5435720448663
1769376435,5,,Aggregated,2.100000,0.000000,61,90,100,110,120,2100,2100,2100,2100,2100,2100,5795,8,61,179.65536201840814,0.4395999712869525,2133.6112999124452,2666.5435720448663
1769376436,5,,Aggregated,2.500000,0.000000,61,90,100,110,120,2100,2100,2100,2100,2100,2100,5800,8,61,179.5482125856456,0.4395999712869525,2133.6112999124452,2666.1793103448276
1769376437,5,,Aggregated,2.300000,0.000000,61,90,100,110,120,2100,2100,2100,2100,2100,2100,5804,8,61,179.81431404148168,0.4395999712869525,2133.6112999124452,2666.95916609235
1769376438,5,,Aggregated,2.300000,0.000000,61,90,100,110,120,2100,2100,2100,2100,2100,2100,5804,8,61,179.81431404148168,0.4395999712869525,2133.6112999124452,2666.95916609235
1769376439,5,,Aggregated,2.400000,0.000000,61,90,100,110,120,2100,2100,2100,2100,2100,2100,5807,8,61,179.7404372992667,0.4395999712869525,2133.6112999124452,2666.938694678836
1769376440,5,,Aggregated,2.500000,0.000000,61,90,100,110,120,2100,2100,2100,2100,2100,2100,5808,8,61,179.71565571571358,0.4395999712869525,2133.6112999124452,2666.933023415978
1769376441,5,,Aggregated,2.400000,0.000000,61,90,100,110,120,2100,2100,2100,2100,2100,2100,5809,8,61,179.69037004592826,0.4395999712869525,2133.6112999124452,2668.109140988122
1769376442,5,,Aggregated,2.600000,0.000000,61,90,100,110,120,2100,2100,2100,2100,2100,2100,5812,8,61,179.61564339243156,0.4395999712869525,2133.6112999124452,2668.0579834824503
1769376443,5,,Aggregated,2.400000,0.000000,61,90,100,110,120,2100,2100,2100,2100,2100,2100,5813,8,61,179.59053462872137,0.4395999712869525,2133.6112999124452,2668.0247720626185
1769376444,5,,Aggregated,2.400000,0.000000,61,90,100,110,120,2100,2100,2100,2100,2100,2100,5813,8,61,179.59053462872137,0.4395999712869525,2133.6112999124452,2668.0247720626185
1769376445,5,,Aggregated,2.700000,0.000000,61,90,100,110,120,2100,2100,2100,2100,2100,2100,5820,8,61,179.44609444967273,0.4395999712869525,2133.6112999124452,2667.4233676975946
1769376446,5,,Aggregated,2.100000,0.000000,61,90,100,110,120,2100,2100,2100,2100,2100,2100,5823,8,61,179.38649850539147,0.4395999712869525,2133.6112999124452,2667.138588356517
1769376447,5,,Aggregated,2.100000,0.000000,61,90,100,110,120,2100,2100,2100,2100,2100,2100,5823,8,61,179.38649850539147,0.4395999712869525,2133.6112999124452,2667.138588356517
1769376448,5,,Aggregated,2.500000,0.000000,61,90,100,110,120,2100,2100,2100,2100,2100,2100,5828,8,61,179.27667474212856,0.4395999712869525,2133.6112999124452,2666.7764241592313
1769376449,5,,Aggregated,2.300000,0.000000,61,90,100,110,120,2100,2100,2100,2100,2100,2100,5832,8,61,179.5430133568239,0.4395999712869525,2133.6112999124452,2667.553840877915
1769376450,5,,Aggregated,2.300000,0.000000,61,90,100,110,120,2100,2100,2100,2100,2100,2100,5832,8,61,179.5430133568239,0.4395999712869525,2133.6112999124452,2667.553840877915
1769376451,5,,Aggregated,2.400000,0.000000,61,90,100,110,120,2100,2100,2100,2100,2100,2100,5835,8,61,179.46890515800814,0.4395999712869525,2133.6112999124452,2667.5319622964867
1769376452,5,,Aggregated,2.500000,0.000000,61,90,100,110,120,2100,2100,2100,2100,2100,2100,5836,8,61,179.44442746692658,0.4395999712869525,2133.6112999124452,2667.526387936943
1769376453,5,,Aggregated,2.400000,0.000000,61,90,100,110,120,2100,2100,2100,2100,2100,2100,5837,8,61,179.4193415962069,0.4395999712869525,2133.6112999124452,2668.714750728114
1769376454,5,,Aggregated,2.600000,0.000000,61,90,100,110,120,2100,2100,2100,2100,2100,2100,5840,8,61,179.3455317460578,0.4395999712869525,2133.6112999124452,2668.66352739726
1769376455,5,,Aggregated,2.400000,0.000000,61,90,100,110,120,2100,2100,2100,2100,2100,2100,5841,8,61,179.321144717845,0.4395999712869525,2133.6112999124452,2668.6303715117274
1769376456,5,,Aggregated,2.400000,0.000000,61,90,100,110,120,2100,2100,2100,2100,2100,2100,5841,8,61,179.321144717845,0.4395999712869525,2133.6112999124452,2668.6303715117274
1769376457,5,,Aggregated,2.700000,0.000000,61,90,100,110,120,2100,2100,2100,2100,2100,2100,5848,8,61,179.17810925048832,0.4395999712869525,2133.6112999124452,2668.031121751026
1769376458,5,,Aggregated,2.100000,0.000000,61,90,100,110,120,2100,2100,2100,2100,2100,2100,5851,8,61,179.11973519005147,0.4395999712869525,2133.6112999124452,2667.7473936079305
1769376459,5,,Aggregated,2.100000,0.000000,61,90,100,110,120,2100,2100,2100,2100,2100,2100,5851,8,61,179.11973519005147,0.4395999712869525,2133.6112999124452,2667.7473936079305
1769376460,5,,Aggregated,2.500000,0.000000,61,90,100,110,120,2100,2100,2100,2100,2100,2100,5856,8,61,179.01179624268627,0.4395999712869525,2133.6112999124452,2667.3878073770493
1769376462,5,,Aggregated,2.300000,0.000000,61,90,100,110,120,2100,2100,2100,2100,2100,2100,5860,8,61,179.27561723501995,0.4395999712869525,2133.6112999124452,2668.180034129693
1769376463,5,,Aggregated,2.300000,0.000000,61,90,100,110,120,2100,2100,2100,2100,2100,2100,5860,8,61,179.27561723501995,0.4395999712869525,2133.6112999124452,2668.180034129693
1769376464,5,,Aggregated,2.400000,0.000000,61,90,100,110,120,2100,2100,2100,2100,2100,2100,5863,8,61,179.20190115932152,0.4395999712869525,2133.6112999124452,2668.1587924270852
1769376465,5,,Aggregated,2.500000,0.000000,61,90,100,110,120,2100,2100,2100,2100,2100,2100,5864,8,61,179.17796324984275,0.4395999712869525,2133.6112999124452,2668.1538199181446
1769376466,5,,Aggregated,2.400000,0.000000,61,90,100,110,120,2100,2100,2100,2100,2100,2100,5865,8,61,179.15333924929786,0.4395999712869525,2133.6112999124452,2669.3260017050297
1769376467,5,,Aggregated,2.600000,0.000000,61,89,100,110,120,2100,2100,2100,2100,2100,2100,5868,8,61,179.07971242282744,0.4395999712869525,2133.6112999124452,2669.2740286298567
1769376468,5,,Aggregated,2.400000,0.000000,61,89,100,110,120,2100,2100,2100,2100,2100,2100,5869,8,61,179.05512601757619,0.4395999712869525,2133.6112999124452,2669.2409269040722
1769376469,5,,Aggregated,2.400000,0.000000,61,89,100,110,120,2100,2100,2100,2100,2100,2100,5869,8,61,179.05512601757619,0.4395999712869525,2133.6112999124452,2669.2409269040722
1769376470,5,,Aggregated,2.700000,0.000000,61,89,100,110,120,2100,2100,2100,2100,2100,2100,5876,8,61,178.91359778712382,0.4395999712869525,2133.6112999124452,2668.6434649421376
1769376471,5,,Aggregated,2.100000,0.000000,61,89,100,110,120,2100,2100,2100,2100,2100,2100,5879,8,61,178.8560225033309,0.4395999712869525,2133.6112999124452,2668.360775642116
1769376472,5,,Aggregated,2.100000,0.000000,61,89,100,110,120,2100,2100,2100,2100,2100,2100,5879,8,61,178.8560225033309,0.4395999712869525,2133.6112999124452,2668.360775642116
1769376473,5,,Aggregated,2.500000,0.000000,61,89,100,110,120,2100,2100,2100,2100,2100,2100,5884,8,61,178.74826874525317,0.4395999712869525,2133.6112999124452,2668.0013596193066
1769376474,5,,Aggregated,2.300000,0.000000,61,89,100,110,120,2100,2100,2100,2100,2100,2100,5888,8,61,179.00990677601484,0.4395999712869525,2133.6112999124452,2668.7778532608695
1769376475,5,,Aggregated,2.300000,0.000000,61,89,100,110,120,2100,2100,2100,2100,2100,2100,5888,8,61,179.00990677601484,0.4395999712869525,2133.6112999124452,2668.7778532608695
1769376476,5,,Aggregated,2.500000,0.000000,61,89,100,110,120,2100,2100,2100,2100,2100,2100,5892,8,61,178.91429804773443,0.4395999712869525,2133.6112999124452,2668.751697216565
1769376477,5,,Aggregated,2.400000,0.000000,61,89,100,110,120,2100,2100,2100,2100,2100,2100,5893,8,61,178.8899447984373,0.4395999712869525,2133.6112999124452,2669.9132869506193
1769376478,5,,Aggregated,2.600000,0.000000,61,89,100,110,120,2100,2100,2100,2100,2100,2100,5894,8,61,178.86637302294824,0.4395999712869525,2133.6112999124452,2669.925856803529
1769376479,5,,Aggregated,2.400000,0.000000,61,89,100,110,120,2100,2100,2100,2100,2100,2100,5897,8,61,178.79556983165892,0.4395999712869525,2133.6112999124452,2669.829574359844
1769376480,5,,Aggregated,2.400000,0.000000,61,89,100,110,120,2100,2100,2100,2100,2100,2100,5897,8,61,178.79556983165892,0.4395999712869525,2133.6112999124452,2669.829574359844
1769376481,5,,Aggregated,2.700000,0.000000,61,89,100,110,120,2100,2100,2100,2100,2100,2100,5898,8,61,178.77132324470685,0.4395999712869525,2133.6112999124452,2669.798914886402
1769376482,5,,Aggregated,2.100000,0.000000,61,89,100,110,120,2100,2100,2100,2100,2100,2100,5906,8,61,178.61265306420705,0.4395999712869525,2133.6112999124452,2668.6860819505587
1769376483,5,,Aggregated,2.100000,0.000000,61,89,100,110,120,2100,2100,2100,2100,2100,2100,5907,8,61,178.5979589126887,0.4395999712869525,2133.6112999124452,2668.953106483833
1769376484,5,,Aggregated,2.500000,0.000000,61,89,100,110,120,2100,2100,2100,2100,2100,2100,5909,8,61,178.55557532529718,0.4395999712869525,2133.6112999124452,2668.404806227788
1769376485,5,,Aggregated,2.300000,0.000000,61,89,100,110,120,2100,2100,2100,2100,2100,2100,5913,8,61,178.47475095505328,0.4395999712869525,2133.6112999124452,2668.396752917301
1769376486,5,,Aggregated,2.300000,0.000000,61,89,100,110,120,2100,2100,2100,2100,2100,2100,5915,8,61,178.77683289894648,0.4395999712869525,2133.6112999124452,2669.402874049028
1769376487,5,,Aggregated,2.300000,0.000000,61,89,100,110,120,2100,2100,2100,2100,2100,2100,5917,8,61,179.07232004346082,0.4395999712869525,2133.6112999124452,2669.3260098022647
1769376488,5,,Aggregated,2.400000,0.000000,61,89,100,110,120,2100,2100,2100,2100,2100,2100,5920,8,61,179.002141401528,0.4395999712869525,2133.6112999124452,2669.3349662162163
1769376489,5,,Aggregated,2.400000,0.000000,61,89,100,110,120,2100,2100,2100,2100,2100,2100,5921,8,61,178.97788596469996,0.4395999712869525,2133.6112999124452,2670.4788042560376
1769376490,5,,Aggregated,2.600000,0.000000,61,89,100,110,120,2100,2100,2100,2100,2100,2100,5922,8,61,178.9537388715001,0.4395999712869525,2133.6112999124452,2670.4912191827084
1769376491,5,,Aggregated,2.400000,0.000000,61,89,100,110,120,2100,2100,2100,2100,2100,2100,5925,8,61,178.88138423579497,0.4395999712869525,2133.6112999124452,2670.3944303797466
